# p q x y e
392953708085265486797442128925840270515119847334740086946164993477763512631002053154243772503773829137831834794763755558538460139435538524591802542617049798763316809113586139840903302495449127542161688699147092338112927234357263461173473074737139867305675491918051614090744583718441571292635243500547516265301139593809386602271779469040582905826011890840921980133525869518728813130410069470802113589304216612106114337358845406827334382240148530274531502312397396276613094787657697366710427329080938696134950082686779879257046189471722347867248483535256696727925231196187665423610506632054462327449643262425432063 851879955095230658698123027530077933549455948500833625750387570908242775432031807240004428868348702563646101594229525230381922104492718030918465901798540009358085562844079538268455957978188827070336561791627984623870133232566766286076430935221934686766553066653961740597325498064319365800131127348092045740086926610214855756813628434863366394029 146346352596013783671330275780736796325655249768295881040739220596078647422215474617035126739426875083278724316263857065040316638431866767021382778800589319620516831060484659567573544445291521534075320890236132189193857196034455310679086048349240769240934434560504185564420053260770427456358661337664604173768923809705434060979047665446770267428 -8025342266538991685126607449552062505547 1151
392953708085265486797442128925840270515119847334740086946164993477763512631002053154243772503773829137831834794763755558538460139435538524591802542617049798763316809113586139840903302495449127542161688699147092338112927234357263461173473074737139867305675491918051614090744583718441571292635243500547516265301139593809386602271779469040582905826011890840921980133525869518728813130410069470802113589304216612106114337358845406827334382240148530274531502312397396276613094787657697366710427329080938696134950082686779879257046189471722347867248483535256696727925231196187665423610506632054462327449643262425432063 6868926483778950123703126288176015599956380839219206728172949168338491890684776549475795025732046482161751323216951037467742515685258261802381034301605227803266634041938134945740134248251552524325759232351750031539295746877285069412203405673484100947880710767117135885825837565276152575987961091293282347629115251867248162030317846617994188238899 4813881475077797961389929672697095390092284775140733361021143102196983844245361794705261426325798045816896141062667751067036571376405401627133252240474197504598588188931777186406034765158448268207511157601262412779703726357498536941577747874377446880224883050763409664676929638139742958485970532899698163893895496871969734342618443328517670258308 -18857640388050057757176748855768704860843 1151
392953708085265486797442128925840270515119847334740086946164993477763512631002053154243772503773829137831834794763755558538460139435538524591802542617049798763316809113586139840903302495449127542161688699147092338112927234357263461173473074737139867305675491918051614090744583718441571292635243500547516265301139593809386602271779469040582905826011890840921980133525869518728813130410069470802113589304216612106114337358845406827334382240148530274531502312397396276613094787657697366710427329080938696134950082686779879257046189471722347867248483535256696727925231196187665423610506632054462327449643262425432063 5280456705278482166488993341307262363387065653641545991135568850740858638007625575731711229082716119423293040211596803412104250373919309383235598813998034280280960847005362721240466051711085650656677619920099729558761917183408857938782700375656596767957966135630750766178325121054679210176656794550121205001572445161218594283139936450926926931527 11207706927759741261145278531645076895126668942492657119282812351738811639357923771918830383368372791710782408093548299041331286322820075006472224353507459702710386328517741540491137869013540580381440410459141508039917430386552590044967194903284323305000121148711456293285576705877123101078418095624147957943132110937237118246011080732824936774060 4515717481847399649872912094118948308897 1151
392953708085265486797442128925840270515119847334740086946164993477763512631002053154243772503773829137831834794763755558538460139435538524591802542617049798763316809113586139840903302495449127542161688699147092338112927234357263461173473074737139867305675491918051614090744583718441571292635243500547516265301139593809386602271779469040582905826011890840921980133525869518728813130410069470802113589304216612106114337358845406827334382240148530274531502312397396276613094787657697366710427329080938696134950082686779879257046189471722347867248483535256696727925231196187665423610506632054462327449643262425432063 1233450036866385354832168905522343144044579719662226846834531940676377731206359926778105703602938886750327832821058776362728460397464404488372736873622203024264324416777271530761171460059097572341198244082414362822126311714871748519212025045111094797955345252020810584731080174176850749936087964190195398687796087292241471629971237890584586621819 5614272515131249402249733745560415681439628727744854554092961002676106865235695351833948171841850901027849080116854031779400149496722537169016165237523412258637720141311396117346906223504846106779370260688811202848140300525654257784811018701526523256975919094240660035467629538979504892710107476691863357117567565260987929392576792035329563322276 3452919204306994156736828644194730110515 1151
392953708085265486797442128925840270515119847334740086946164993477763512631002053154243772503773829137831834794763755558538460139435538524591802542617049798763316809113586139840903302495449127542161688699147092338112927234357263461173473074737139867305675491918051614090744583718441571292635243500547516265301139593809386602271779469040582905826011890840921980133525869518728813130410069470802113589304216612106114337358845406827334382240148530274531502312397396276613094787657697366710427329080938696134950082686779879257046189471722347867248483535256696727925231196187665423610506632054462327449643262425432063 9676545395540002597405258784879498517592745467604221258392151685718798497456813465697742644507267152951036538044490616920081108367084442779519629758621468561367586008132607365087336879559474946166865638218674470344373918593354622402633236601902919325188992091692856842154836560065487317326527069830520774852880650641485077154716466623943267457241 9627253716410639531523396841551354313392978641328267600105332797686962121546600271490688588617813760054479794543626489112685613736084531240634117968618766256573793373169567286211013564001582914076814243024937064933409641505306894748456933189237136533335580085843167251199574669310649017115830836051413942751182729166569433492128774538242505368152 -16704418382159196642088676545808995207929 1151
392953708085265486797442128925840270515119847334740086946164993477763512631002053154243772503773829137831834794763755558538460139435538524591802542617049798763316809113586139840903302495449127542161688699147092338112927234357263461173473074737139867305675491918051614090744583718441571292635243500547516265301139593809386602271779469040582905826011890840921980133525869518728813130410069470802113589304216612106114337358845406827334382240148530274531502312397396276613094787657697366710427329080938696134950082686779879257046189471722347867248483535256696727925231196187665423610506632054462327449643262425432063 10351989488380292451819208252375857072153671539618272620683101310087144514416329661168670481849842465951206453403097934842829724362655616594220829475713405503874319567177092837190671938079837330565355278234614324200544739606567886429636996672001422562918291220040438574202622307068688282312926029458232077224313998916128551697878255773969688858531 14042919335417570523365767573323987030304258080157507285327066292539018194081014930968037835617159415350250372812611489873157187093049857827387403366821477134075743971488857440170163137466555376146669292860957734939637728770991406728384332747897460969877424079055772127406557844041773839398916014183815829191317678929768239905069552204786037091180 5585746149409879869147970752468801373477 1151
392953708085265486797442128925840270515119847334740086946164993477763512631002053154243772503773829137831834794763755558538460139435538524591802542617049798763316809113586139840903302495449127542161688699147092338112927234357263461173473074737139867305675491918051614090744583718441571292635243500547516265301139593809386602271779469040582905826011890840921980133525869518728813130410069470802113589304216612106114337358845406827334382240148530274531502312397396276613094787657697366710427329080938696134950082686779879257046189471722347867248483535256696727925231196187665423610506632054462327449643262425432063 7588715759820552517267416999475602156572217223802804401882134888479664020687270247856876012174053048847472158787254619295436787617651843077468386575942271203792523088861852021886619322406450877352615912014147833563459477982930441607706494141194242938404188609756501643151570587380728168532997993750610551497200101118981508400683939714250843025799 12549598292560143266237495078602008991436099260080921207651023523055972515775617282356204860295621515223197111066401025437984179606293133225748593974162271842125819276035070882405404951860143164656656781920259958747483656589650065344016538974750740976634547411325736100677803811781197102012118799637660905828478617585698337135041748030999383894776 6582938223190778452220509991630683505255 1151
392953708085265486797442128925840270515119847334740086946164993477763512631002053154243772503773829137831834794763755558538460139435538524591802542617049798763316809113586139840903302495449127542161688699147092338112927234357263461173473074737139867305675491918051614090744583718441571292635243500547516265301139593809386602271779469040582905826011890840921980133525869518728813130410069470802113589304216612106114337358845406827334382240148530274531502312397396276613094787657697366710427329080938696134950082686779879257046189471722347867248483535256696727925231196187665423610506632054462327449643262425432063 1491129254537078080274806142102501048859610862098832727919274616237676669659077719586189289189436164863780140026620756507677916291702792011210958176378164912744033481875111000306205640859141572445364587094777905199621771208455479291286236383089040036132149540789901279733854628569136346407687274557008654620354313976157429847538244903769872785837 4351789352673179889210209356886997052315324367883893139386366974706553090765038425504318982464373312049164482579325335706196135027244290040452550397030605192150499676060503265868345546821719004254937376703887956388301953249142021476144968216495649837240057857322322530078792215893080452996853096110125700500523815015024453401563364794281398901852 -7887450403393997328021428407598447331509 1151
392953708085265486797442128925840270515119847334740086946164993477763512631002053154243772503773829137831834794763755558538460139435538524591802542617049798763316809113586139840903302495449127542161688699147092338112927234357263461173473074737139867305675491918051614090744583718441571292635243500547516265301139593809386602271779469040582905826011890840921980133525869518728813130410069470802113589304216612106114337358845406827334382240148530274531502312397396276613094787657697366710427329080938696134950082686779879257046189471722347867248483535256696727925231196187665423610506632054462327449643262425432063 3348814689026703899803518545155370016097796982974177830092196504029999076739487944060032858352595590595567291736792782198778610822821625470474695364705173792875461810259135270870047750803595848186601128991877471782063741791241548219037585213139132144710284666443493860571696020587837991989710393331019354126202325792217675694155069652836394687399 6728980290636190583583273756332209808325833533251168633258931611828828846053374927212349981016094340817992639736143012441210928295593124164984069260905470261038119651750776605416749088616512282638734101637626542619928348343536748193700381882920784252832989267325509304492458319453903195147300514810074166579680552085202294889516559462187425898976 -10811720865965740765519092824690071816615 1151
392953708085265486797442128925840270515119847334740086946164993477763512631002053154243772503773829137831834794763755558538460139435538524591802542617049798763316809113586139840903302495449127542161688699147092338112927234357263461173473074737139867305675491918051614090744583718441571292635243500547516265301139593809386602271779469040582905826011890840921980133525869518728813130410069470802113589304216612106114337358845406827334382240148530274531502312397396276613094787657697366710427329080938696134950082686779879257046189471722347867248483535256696727925231196187665423610506632054462327449643262425432063 1752782026121047018880441787612723802245658811005178386807841771096052820670651600850554821719134818484797207857934173283694264074811879959879387932907803721784082689989937131548329142002892049355614415038261139114813143883882987582851583073113264530153440396396066325006249373985862759062311818218502884127992316057033557127122492031984120841759 1767878542304590638207342496596657293175437143732475866258534487759959685198272262303178274859212061647641434296609267407079513538079095592765368046174222534981841951400541199986393457731621361105605384881360163965943351102070482075170718278518776960950100451226940079294776414128023579404133257670397212101326464713431153476393946890846479667024 10984470208965291783405284449708036823455 1151
392953708085265486797442128925840270515119847334740086946164993477763512631002053154243772503773829137831834794763755558538460139435538524591802542617049798763316809113586139840903302495449127542161688699147092338112927234357263461173473074737139867305675491918051614090744583718441571292635243500547516265301139593809386602271779469040582905826011890840921980133525869518728813130410069470802113589304216612106114337358845406827334382240148530274531502312397396276613094787657697366710427329080938696134950082686779879257046189471722347867248483535256696727925231196187665423610506632054462327449643262425432063 5461894560444086613954773143719243038181812051420805730393540907297464386320000220210150598189794954680356381040320373661331767332243109630325359526008583794637015126078980587586326033259007640566604422354162762960410297447482058561827844107585259119590146905922570631736500253089827536622042602603799875358302424824060688079150039061594677339947 9373553250293024232109700053498807996813817634235201883440538647535856630260574063904629748549262795786103560666843763818126250713032669967964875444034401917573212126171733342818432132852178226712920121886870818525536268034041028287449416415760961865903940601748222211765999584324739537577436302760017426516507036605585209203561915339084655988868 -11208006024918926055750543913624361215261 1151
392953708085265486797442128925840270515119847334740086946164993477763512631002053154243772503773829137831834794763755558538460139435538524591802542617049798763316809113586139840903302495449127542161688699147092338112927234357263461173473074737139867305675491918051614090744583718441571292635243500547516265301139593809386602271779469040582905826011890840921980133525869518728813130410069470802113589304216612106114337358845406827334382240148530274531502312397396276613094787657697366710427329080938696134950082686779879257046189471722347867248483535256696727925231196187665423610506632054462327449643262425432063 2084993584853658233347781523967882690747485673753542118080770531034636259366993418319992042807637794276030588112745759386726923393425177509401286512899597166481344403364511393273587136673921240480989756212184395135112921528908338591850651419090527558143093368334035267701029434228785697886882571264662856957419086178739315514922231059035358922779 7677368223991773921825733157375025415315584428906078523547415852248799105010046892395229407931057172538764849271589194979643968792092416836252223262306991016299159602065962164525732124857227395009277396878452105157464657990518386733800134498592675970596500081061201231871684529383173169850773113247726222115746272925287615343507439530556736493112 -1108412171690185670063445140330065794683 1151
392953708085265486797442128925840270515119847334740086946164993477763512631002053154243772503773829137831834794763755558538460139435538524591802542617049798763316809113586139840903302495449127542161688699147092338112927234357263461173473074737139867305675491918051614090744583718441571292635243500547516265301139593809386602271779469040582905826011890840921980133525869518728813130410069470802113589304216612106114337358845406827334382240148530274531502312397396276613094787657697366710427329080938696134950082686779879257046189471722347867248483535256696727925231196187665423610506632054462327449643262425432063 5986272465478120449657096660168559116717152149810537961319091487358312922133993280304781659018977030792162311440617297738684167715057826310179803280888787116168702905437829636458769447754004690931890622387803328463895489509260230672081370472842574756988153410513838352895355082212694092217690172104565859515897046648820912524111446988832933962947 10293400814721452563378583689728498069660989357563864184593922121171746689835629592830096507727540547073082048493622616252847690306022182216009838638751409699452886126695069356168466971639133730018427643161054840245527449006435754157345897737544642264343827185267915449564334367815098409275415673334776773636490886047458185892650598286053145168672 -10252836476247287686414092479867321132349 1151
392953708085265486797442128925840270515119847334740086946164993477763512631002053154243772503773829137831834794763755558538460139435538524591802542617049798763316809113586139840903302495449127542161688699147092338112927234357263461173473074737139867305675491918051614090744583718441571292635243500547516265301139593809386602271779469040582905826011890840921980133525869518728813130410069470802113589304216612106114337358845406827334382240148530274531502312397396276613094787657697366710427329080938696134950082686779879257046189471722347867248483535256696727925231196187665423610506632054462327449643262425432063 14159087986070166303400309127774514520571102130868652100524915173086119801357641318167111575074699697016192593159488348109319690212375262014014511363766291338340265890326229755487288825995788378872322474288947332204608956502823028128251924301436063029430099121331784409245592499943415265871136617793796595667253115655200417002232561902132098101089 3119544146479954272477033559852694888808459520076270606200598154812449642819121974679135895907052957663638065248842269091334745060287476761272887701210732008456476069495398782828680014006143954004811785497301184487521116575533912432831387177177799441588667441043872729619868185914143160057713429330316032131373917715316134179632737503258725125508 23814759545990294701701182254733780482743 1151
392953708085265486797442128925840270515119847334740086946164993477763512631002053154243772503773829137831834794763755558538460139435538524591802542617049798763316809113586139840903302495449127542161688699147092338112927234357263461173473074737139867305675491918051614090744583718441571292635243500547516265301139593809386602271779469040582905826011890840921980133525869518728813130410069470802113589304216612106114337358845406827334382240148530274531502312397396276613094787657697366710427329080938696134950082686779879257046189471722347867248483535256696727925231196187665423610506632054462327449643262425432063 11329460776677375525782036969708457584903785444922884132678220277771548136239408955956915265421569585909615790177815676887666573993974126882490874699367505582466726054874658825095294027321825902053548446015862828069290996047377254947331099477698666446221817605312583586182599891175590441623071730185423305753923830205903262291507446645022763163849 7451239558249246703421457976335054891761938052602829187002683908463611367677442596470518611792007359543820750404594911180951036483746870264513464182181590185020269314926832901328950206761110968547831647323699187376623737987060748511362403640064914874006419915198405881129789468029580662221794549406858636109796516808088679238654577396994304132928 20344754478409224211145203214926725687497 1151
392953708085265486797442128925840270515119847334740086946164993477763512631002053154243772503773829137831834794763755558538460139435538524591802542617049798763316809113586139840903302495449127542161688699147092338112927234357263461173473074737139867305675491918051614090744583718441571292635243500547516265301139593809386602271779469040582905826011890840921980133525869518728813130410069470802113589304216612106114337358845406827334382240148530274531502312397396276613094787657697366710427329080938696134950082686779879257046189471722347867248483535256696727925231196187665423610506632054462327449643262425432063 2570089953051080708229490971094773791738881637465265529899806190405458803472617457480476762836566463802364108979596800604679082047891079105439201558719621140780601269831765955069480527606856796773881942245141552684901037433898592493437508013813872867915511297418918933822601166847620052678676886796807147369428980896624945926461661296042499152661 8182912198702253787876882433789056852255000919029190950082374041973509647033119494411940167886852571203304729790971540593164598171499095909135406624078460046800389331489761254971970794633217751984287335361208379427736817710254809711135313229954755538664468505507131477309702402309158063365975029778990112134751704504744790061970538396530298964388 3582673852879512379436268861069633488349 1151
392953708085265486797442128925840270515119847334740086946164993477763512631002053154243772503773829137831834794763755558538460139435538524591802542617049798763316809113586139840903302495449127542161688699147092338112927234357263461173473074737139867305675491918051614090744583718441571292635243500547516265301139593809386602271779469040582905826011890840921980133525869518728813130410069470802113589304216612106114337358845406827334382240148530274531502312397396276613094787657697366710427329080938696134950082686779879257046189471722347867248483535256696727925231196187665423610506632054462327449643262425432063 3047424759264741813049557096809102353345929301166146382009679155794480918549086535660727463908863210645152495481308603784603753414070753332314185982308652640199016183057366809400003191258385390147653527928612769931464732311755057585694189841765296973189436651947624399653991100812089176521909246457868596670948861378651712925694824600650432297877 1531051045678118593337580283523373275582254247695394482207092629968679202237027020134365929054922667287113738988293687476356754051048675931826511604043304192467170404484027260686017335403074326485724073625703040699980330981518038341006004341469723462302882575488156677931454767151100793701251772737662146705128816252158324310670834164952331785560 -14408412869277002790365778731744485356597 1151
392953708085265486797442128925840270515119847334740086946164993477763512631002053154243772503773829137831834794763755558538460139435538524591802542617049798763316809113586139840903302495449127542161688699147092338112927234357263461173473074737139867305675491918051614090744583718441571292635243500547516265301139593809386602271779469040582905826011890840921980133525869518728813130410069470802113589304216612106114337358845406827334382240148530274531502312397396276613094787657697366710427329080938696134950082686779879257046189471722347867248483535256696727925231196187665423610506632054462327449643262425432063 13554515869815320890276882988889653902366062385465152049464291998369942611529836468828372153815408493541810174837797163563183745160002738098746007247481480340749866184375822334471568643177362213003031983320441737566995479427515944667596338942596972312710581343063201995272842547269369580421645957457288655009368522033710031015482968155091207818919 9432591857835999760528033366507982138751485626098790505648599681419111248868936117624377914990436750587913512087808074470109673940038580893220841798642813872797597413648018546075331110416858510116175319372244916982670224162931780159300512000184789908429034653412996054734809787628964465031782891510092842570269243805354758356469952209353401979312 19001718596481212896002623217919711187417 1151
392953708085265486797442128925840270515119847334740086946164993477763512631002053154243772503773829137831834794763755558538460139435538524591802542617049798763316809113586139840903302495449127542161688699147092338112927234357263461173473074737139867305675491918051614090744583718441571292635243500547516265301139593809386602271779469040582905826011890840921980133525869518728813130410069470802113589304216612106114337358845406827334382240148530274531502312397396276613094787657697366710427329080938696134950082686779879257046189471722347867248483535256696727925231196187665423610506632054462327449643262425432063 5134004226141463498975912328595643339082425262205160344162225177839189292191499685914398757415784060765440093664028483095501962497751501181102729885983263382677798166122988130869289317801125209764676642379116091251522008231188038357172467933266663390750556326026896013084625571331330817388641191280695158419842379701770999447975238099820005925667 3948915958721532624496294301558389674239573126039935514937428970107516733015141327206058371380783143035137513959138569314775861758793524920429347001011328852765023807575826144871698479254443576057434448472325076851803117409619256709487086883445701680961559359642836703656741222858997748999450846475221417193273067756855247223061060293110263079512 17112939764752127655128032021636260373379 1151
392953708085265486797442128925840270515119847334740086946164993477763512631002053154243772503773829137831834794763755558538460139435538524591802542617049798763316809113586139840903302495449127542161688699147092338112927234357263461173473074737139867305675491918051614090744583718441571292635243500547516265301139593809386602271779469040582905826011890840921980133525869518728813130410069470802113589304216612106114337358845406827334382240148530274531502312397396276613094787657697366710427329080938696134950082686779879257046189471722347867248483535256696727925231196187665423610506632054462327449643262425432063 12863909084543632801539656646604413695236599622986667540520596889837187594939332192780680911052334132973318707098857057624114967663280429591158932354625762073484089174520204864133145434806005914320360454848242544641695237482863339109620784445231508841039329724312820248626147758764922054214476780739682314885196069850118780779903563412221810019449 8176622512871317025502967928385688945866394553905921254924714765088418467371244167095134527504627045543713631800560718484726978702472262265010171243836509126343553458849110025371987045538614327221889142671470971640514250881740254318267559769598931080822215300628642682857309881352517003299704427080965852188425444236553826105436101026445615889068 -20249040928866932490324387913595271092127 1151
392953708085265486797442128925840270515119847334740086946164993477763512631002053154243772503773829137831834794763755558538460139435538524591802542617049798763316809113586139840903302495449127542161688699147092338112927234357263461173473074737139867305675491918051614090744583718441571292635243500547516265301139593809386602271779469040582905826011890840921980133525869518728813130410069470802113589304216612106114337358845406827334382240148530274531502312397396276613094787657697366710427329080938696134950082686779879257046189471722347867248483535256696727925231196187665423610506632054462327449643262425432063 6648866428341288267318191113769417715604215096633039680871336886047161931021604293703374245449546273110890889157585197540389961900433809881194644479547407846283352203006256334594240542357022717723680369279137677199380647182731387221733384742894761583381518637578718359804208328836363585567907522368636330014298496702304125419802303976414236195059 7470611699258990043430109480175537961937560692718559793721308084339433950995407782697340886470535911464647190291617765741847453500287361095591002065413006161933033701204198613791758880950512770633291863108313930336232767956534002641234184807162917274008720394679016266821845635556656828569894127151539026204105367299937330697240710024650315280192 -16217198487162055649959107051113199578893 1151
392953708085265486797442128925840270515119847334740086946164993477763512631002053154243772503773829137831834794763755558538460139435538524591802542617049798763316809113586139840903302495449127542161688699147092338112927234357263461173473074737139867305675491918051614090744583718441571292635243500547516265301139593809386602271779469040582905826011890840921980133525869518728813130410069470802113589304216612106114337358845406827334382240148530274531502312397396276613094787657697366710427329080938696134950082686779879257046189471722347867248483535256696727925231196187665423610506632054462327449643262425432063 8848724740221553854167068045095617791905740632237042103652472415468483848820383573009828794798175254711854810616165538444118810229652017339474213655906023055452300156872750377828956098196334407058227186318854039171123493666281064587713324865121066775825118544750632163108198580573534616376717417206256333963750350739549016675854131042439839806331 9791709915049320742101421356917405452409686094075762381902277454236722103099265900803901224352846274728901015523024477088343152526563725878877113789029747826993022303868598644122617300899372072766699886411337222550406559729088668513484082949575329841536394823884648666520408928210313577261251043387417703353061495713985721142547737557596517054328 15668512373009075530978114246352000172069 1151
392953708085265486797442128925840270515119847334740086946164993477763512631002053154243772503773829137831834794763755558538460139435538524591802542617049798763316809113586139840903302495449127542161688699147092338112927234357263461173473074737139867305675491918051614090744583718441571292635243500547516265301139593809386602271779469040582905826011890840921980133525869518728813130410069470802113589304216612106114337358845406827334382240148530274531502312397396276613094787657697366710427329080938696134950082686779879257046189471722347867248483535256696727925231196187665423610506632054462327449643262425432063 5876161195161519809565409536626298398470478381375238135812573227257061821310470294450780008553519383541887034118895849788015365693565839247719864339871504018161000364929897920980059904161766029657899839205819484339781655793729363621552446397871121612688802859104048501837621307753525819962088694118614681091743826740578481810399796342442488383867 11607636857519906377036544226418105537024918153163670403986255802482353166174914496480944654189931500443160184389817139911909696919987258356903619731306310520443380915183172485362551338144141338314989335842260565933413456017555310944390259109570813268594960029599871576226933781013774650213203647064459697635117217739580145035305557580545602487892 5160023785716917931150689129580646043149 1151
392953708085265486797442128925840270515119847334740086946164993477763512631002053154243772503773829137831834794763755558538460139435538524591802542617049798763316809113586139840903302495449127542161688699147092338112927234357263461173473074737139867305675491918051614090744583718441571292635243500547516265301139593809386602271779469040582905826011890840921980133525869518728813130410069470802113589304216612106114337358845406827334382240148530274531502312397396276613094787657697366710427329080938696134950082686779879257046189471722347867248483535256696727925231196187665423610506632054462327449643262425432063 11137484838995589707446585842392133892512022935305149207237650683396470231642402748574684452145750223304031229385417621621957709111352528193983338530549550612703071523091814240010861050088667007176549368394312482929082136305520209263754326762769458956624677205385944638555671150566996776494582711819558893031329201027741950846543830023690444386151 11846449746882276851042280849420128945422422450322813388832186984264731502470069014447772715107086182603915235101701041995625906716202546738032612181102211015488178640497611849116609177916760297462399868244993699976332315974480689103757910493710506528962239966486729149655877645552916039211226439119989885967788549602098923049596338165447492869172 -13931857060146127596435691691029852703999 1151
392953708085265486797442128925840270515119847334740086946164993477763512631002053154243772503773829137831834794763755558538460139435538524591802542617049798763316809113586139840903302495449127542161688699147092338112927234357263461173473074737139867305675491918051614090744583718441571292635243500547516265301139593809386602271779469040582905826011890840921980133525869518728813130410069470802113589304216612106114337358845406827334382240148530274531502312397396276613094787657697366710427329080938696134950082686779879257046189471722347867248483535256696727925231196187665423610506632054462327449643262425432063 2561481217109443017231914928089107620293565459706775911116851156391874113462740342659482280005092288218440967922879467815952480572435362626138396373475127889015695896118635029115111223303285467122553757452031559685897217213150398651576189879338942392166216932523787363018163281354827161215816651780358362940336210447346804483061160594313870354597 6102013806025881901506204960133898599895108223341221977762295784689692567704492666542807664653020635559224803110922419240953427273067362869278429918994800338339050002579396683943198593319852138155769510044069428908190257774595277894166719984856411088457785022446174472720443937366200954395427018876303480091290723711949185124975899793688708402168 9376788460881283459124121149608167930811 1151
392953708085265486797442128925840270515119847334740086946164993477763512631002053154243772503773829137831834794763755558538460139435538524591802542617049798763316809113586139840903302495449127542161688699147092338112927234357263461173473074737139867305675491918051614090744583718441571292635243500547516265301139593809386602271779469040582905826011890840921980133525869518728813130410069470802113589304216612106114337358845406827334382240148530274531502312397396276613094787657697366710427329080938696134950082686779879257046189471722347867248483535256696727925231196187665423610506632054462327449643262425432063 4709940360230271518853998112510300363331219627924150100380697560939525709275837564753572701415697692855376145016981439917435730295019933416030496638308873433324124498957440228264319575212178416238315106640573491543632937531593336296941074529017652484806947094547591397285260992034813910358439079201958936105024829052488160526162077434204933048367 8177070460044824651649258941681714738957982731753801628242832098504074533331062048852000314756059325133707928818071224674623010285096670897532193901364848840581472297728505647627236980301015696696882407820776116556650298384304657932099935582794996482382728150443689127415052926536070937653839121476766034455538201403370678840169461263041118813640 -11831887324286541136207463325143894502927 1151
392953708085265486797442128925840270515119847334740086946164993477763512631002053154243772503773829137831834794763755558538460139435538524591802542617049798763316809113586139840903302495449127542161688699147092338112927234357263461173473074737139867305675491918051614090744583718441571292635243500547516265301139593809386602271779469040582905826011890840921980133525869518728813130410069470802113589304216612106114337358845406827334382240148530274531502312397396276613094787657697366710427329080938696134950082686779879257046189471722347867248483535256696727925231196187665423610506632054462327449643262425432063 9181900641079064928917317376143596471990481202866226321392034389827168193946565641398240603264395605313430619048484448173989632009375760696085105072821636439866627584686168934980404684308339314722797245140968493595083690848820234221985357007153582313658292873683343786437902010536542792244116853889073269429024620231106073726173513641594562167921 6526324903277479349296529648417994939347712938085976769202568624562908598909748239859010685038106965256020298574463329440654079809025878808093032225007497174382665357013337125293446188678511749757142543491414829699283384562077337103305900362281136711090745240222645123004311531930265035016783981046935459735045160294730709602834346382791266205068 19792629463168022476445451829681216146969 1151
392953708085265486797442128925840270515119847334740086946164993477763512631002053154243772503773829137831834794763755558538460139435538524591802542617049798763316809113586139840903302495449127542161688699147092338112927234357263461173473074737139867305675491918051614090744583718441571292635243500547516265301139593809386602271779469040582905826011890840921980133525869518728813130410069470802113589304216612106114337358845406827334382240148530274531502312397396276613094787657697366710427329080938696134950082686779879257046189471722347867248483535256696727925231196187665423610506632054462327449643262425432063 6842207292477011276214249304909249445097054723597498547982268096563462544577552887007838381332049179894319166280061817062488983973906567968751036028693158656079142852712216683413126473277394935356605500175977300056717891145828961755042336160629464743761582075796429782069647002649809310240418288434684877292757965281564159052615373029809058084867 3078496155664131429556042941807604389840653519888707218998109295945246186136714207102712919534325619820432181749168239332576001155013905542714116884355842114228014376095675199092855970877839213295034566861989948318463485039679796770191781080087316514291210367489905785478923493871886856297547888431079750546465658477288582960574142947239237754472 19731141716108520496415738648033510842781 1151
392953708085265486797442128925840270515119847334740086946164993477763512631002053154243772503773829137831834794763755558538460139435538524591802542617049798763316809113586139840903302495449127542161688699147092338112927234357263461173473074737139867305675491918051614090744583718441571292635243500547516265301139593809386602271779469040582905826011890840921980133525869518728813130410069470802113589304216612106114337358845406827334382240148530274531502312397396276613094787657697366710427329080938696134950082686779879257046189471722347867248483535256696727925231196187665423610506632054462327449643262425432063 1412206635207040286048252586192671121223732988741382721657093494965712106729037568122598270713961051517183640936489599173670889064661205082540886701048217110425523740027445580509405686171557423838860402818223346889671375224277414446123637015644911141097190951289508461019879916855835092236765142938301412392020303338728293006151483329268872617971 541656609419929644512270325223380276250468715407651818372458320523157243703837532296046590086883434934794345069095986318286330639562466268528891017567784147604838964458238704750000910738120708866669347977824957284690182965979730662002175721490969672457759865963974088718396253793353905435238147548423036909068185278776480033915692739953081693912 -10202913679531828555574475163294577554861 1151
392953708085265486797442128925840270515119847334740086946164993477763512631002053154243772503773829137831834794763755558538460139435538524591802542617049798763316809113586139840903302495449127542161688699147092338112927234357263461173473074737139867305675491918051614090744583718441571292635243500547516265301139593809386602271779469040582905826011890840921980133525869518728813130410069470802113589304216612106114337358845406827334382240148530274531502312397396276613094787657697366710427329080938696134950082686779879257046189471722347867248483535256696727925231196187665423610506632054462327449643262425432063 8711127443045553318199441814030012868210980394961935508441961635789775627723926043959878452426807176835085602433884109919902605482311744827871031321838322486722375624943819337964074692615251601843496507530789531867226070789746251202962752665753071724874631526917221243456332152022136712513737964039380340791382681307221019305646500600451686502317 539995821225786585422545342602675363273608260469693831004166212759042620780901600612681702188332767213386033569564154164616345555974824730107886639883718291870952537571160687727046546755990917934587375789546743998563651964777734397397352056033200204559669728428824740479992314478238564755814080574705355411253593790228675134198565803901985277892 22004339596270166130545808470142684241099 1151
392953708085265486797442128925840270515119847334740086946164993477763512631002053154243772503773829137831834794763755558538460139435538524591802542617049798763316809113586139840903302495449127542161688699147092338112927234357263461173473074737139867305675491918051614090744583718441571292635243500547516265301139593809386602271779469040582905826011890840921980133525869518728813130410069470802113589304216612106114337358845406827334382240148530274531502312397396276613094787657697366710427329080938696134950082686779879257046189471722347867248483535256696727925231196187665423610506632054462327449643262425432063 13442799076951063225056852822034764988780629195306089764099970059158349453468310580200996237262719989176195926990068218887915058987606588595451087456857860733007587943411021605155783736344284147390150753374784478287457666674832016212092387529969801252952799780826109203298989108425804897997102543322990284069306211244285689596081260802994301976929 15169714174162111128908047755103216743850864011845996971423140937985300585030512063856812530778854329929292109137054624251190132474861925928133185228031553049383014612721371810103648782331023263564055388343749476386111412723888810184103048432722452850869213193899064166370537045176034695564296708672040506395133543507924859315120342292825959717772 922737993301978385651919619980507541897 1151
392953708085265486797442128925840270515119847334740086946164993477763512631002053154243772503773829137831834794763755558538460139435538524591802542617049798763316809113586139840903302495449127542161688699147092338112927234357263461173473074737139867305675491918051614090744583718441571292635243500547516265301139593809386602271779469040582905826011890840921980133525869518728813130410069470802113589304216612106114337358845406827334382240148530274531502312397396276613094787657697366710427329080938696134950082686779879257046189471722347867248483535256696727925231196187665423610506632054462327449643262425432063 14993006265729554424136488211193267384417715988062628333497100681559890573807838933704980068949921234699875297213859238659228352152820877841265740897717152567937703758769048116133506445032608381558144575931166574797856920872187598956263820109433341630121589783970495438891200255761075236951696867685412166855181518787106918239345752024387773258877 14689990370576590828076680353676760133416602469084090269732382030726353989552725607263735551362854498314128954515095073862544557058174538400184052916628647424530960430787269369115661452238738437986387461884545311262297072299156658907794179275013305463234715705135788217767575370433241779578602670208110060930059823023201635023698412148961362608740 -6766669235343443084536350436625181486597 1151
392953708085265486797442128925840270515119847334740086946164993477763512631002053154243772503773829137831834794763755558538460139435538524591802542617049798763316809113586139840903302495449127542161688699147092338112927234357263461173473074737139867305675491918051614090744583718441571292635243500547516265301139593809386602271779469040582905826011890840921980133525869518728813130410069470802113589304216612106114337358845406827334382240148530274531502312397396276613094787657697366710427329080938696134950082686779879257046189471722347867248483535256696727925231196187665423610506632054462327449643262425432063 10384247337764856931067347485319657774681857690494298661454196038631547753150499981508011264932940805388176027779419435667356049724861004971828770108940831607944810038441166918715307751672550748067872506227538887664802499342071338676718904084187358743935830277555415232504693887847360144647856098037156960598984707029350970935248587069724481407977 14066726001182857654573518153494152001125105058511024362691377763714527462408215888015718706334296528376518916137615455009636882464359220278302366096565228383098274396784424617259429432351920914265302191977865664269791038443050936997422330252235081751272680571294602172372048917359702897838990023426386974601499167625337416905801015481352708633512 -5505102703959188675240621007279070315511 1151
392953708085265486797442128925840270515119847334740086946164993477763512631002053154243772503773829137831834794763755558538460139435538524591802542617049798763316809113586139840903302495449127542161688699147092338112927234357263461173473074737139867305675491918051614090744583718441571292635243500547516265301139593809386602271779469040582905826011890840921980133525869518728813130410069470802113589304216612106114337358845406827334382240148530274531502312397396276613094787657697366710427329080938696134950082686779879257046189471722347867248483535256696727925231196187665423610506632054462327449643262425432063 5244976515646054604951279066963598238677284043076561317273139635042687255274163464726028536155034381149143240330045018210454060331018142748953265329634387291398652105907698470399113265225458356226703358909379922901960134705069980358362031682353859696237281928002656421266796985021239383554132452543616788091831511749369788997236479222731984097237 8393237865570314493917106166720884498891374364517975591375591524384596498281174162652071800591751196153298609778193418715552781431368000542791652653783026547949683096651165745370872321625974273154276671385080384908163420501390374999438508072680295389846966082097240384738656053415203126117762737197345557739186934634574362439358868449836571995152 12608294153993898737865545184614450450859 1151
392953708085265486797442128925840270515119847334740086946164993477763512631002053154243772503773829137831834794763755558538460139435538524591802542617049798763316809113586139840903302495449127542161688699147092338112927234357263461173473074737139867305675491918051614090744583718441571292635243500547516265301139593809386602271779469040582905826011890840921980133525869518728813130410069470802113589304216612106114337358845406827334382240148530274531502312397396276613094787657697366710427329080938696134950082686779879257046189471722347867248483535256696727925231196187665423610506632054462327449643262425432063 7448749403770700996099789716161893882440465311800780594902902345123823908671736820671175669640192065760522653530689598997739983356785918957748258213074786516308330897439918548321481329620218364058247710415125596028401482661930195682118167951010783393401823138521607623104566894201534512454418660704374420522941241874399888720911970324675255236747 12453834585589049464486699526256594437248368253154352801016419155827357833844820678616869626264079538739308417993108774287775842308114636161071973142795924189628512544036455162222909084954952776185522907167778571362734079986720735725611806070471322334771987789818878537039669588379529942556961326865276015726933926780778044849382215667863823643968 6624965728360357113214477235692708352139 1151
392953708085265486797442128925840270515119847334740086946164993477763512631002053154243772503773829137831834794763755558538460139435538524591802542617049798763316809113586139840903302495449127542161688699147092338112927234357263461173473074737139867305675491918051614090744583718441571292635243500547516265301139593809386602271779469040582905826011890840921980133525869518728813130410069470802113589304216612106114337358845406827334382240148530274531502312397396276613094787657697366710427329080938696134950082686779879257046189471722347867248483535256696727925231196187665423610506632054462327449643262425432063 8450824277847920719885653416877277945278533052106871756247906548177541170600276598280097887549510709078405282578869291223510833562625514660912112268580866765870856665648259922682965784389347434025697979049494354825443965016520331124565570177149097246940306992245475552468588357704113160257206734755034638244353112153618910820711936316547129799407 7979535034855546954431308594237507974169565292727661413588198210110746166023633663421649836744372479484206803362373866829028810376669398014502280460214622789671965393722275979637408885419087210226039375154203251166015916073167101596044487557165437173131176809455963534996931897514177795180459640960863992347965798052115409391321738044387971762940 -17720147145231502826978977210374768328057 1151
392953708085265486797442128925840270515119847334740086946164993477763512631002053154243772503773829137831834794763755558538460139435538524591802542617049798763316809113586139840903302495449127542161688699147092338112927234357263461173473074737139867305675491918051614090744583718441571292635243500547516265301139593809386602271779469040582905826011890840921980133525869518728813130410069470802113589304216612106114337358845406827334382240148530274531502312397396276613094787657697366710427329080938696134950082686779879257046189471722347867248483535256696727925231196187665423610506632054462327449643262425432063 6004410404518318969235929457670627700363665079183345266182447930251526415300714384464829968982343269167577217980441159132677658644828810317864327059223850082424536365855956308671968625875925313690784649293185057667210243282035427533063391704222042390331567218366661660386300676139481590025680133999778440361153162747832324569586244561701386891947 2978056571979589901114619349947111608108668769099636373309878189615791286760723693670251334858694953692515751571294994627110639428233794225854661715815223253153497391491228073592873305818698392495641557809644854398229416679014487992720450701916156373389791658470854293041517442839627266816242319628898860596790930273008401568401282725965144035168 18789476352129945338489169139965083863211 1151
392953708085265486797442128925840270515119847334740086946164993477763512631002053154243772503773829137831834794763755558538460139435538524591802542617049798763316809113586139840903302495449127542161688699147092338112927234357263461173473074737139867305675491918051614090744583718441571292635243500547516265301139593809386602271779469040582905826011890840921980133525869518728813130410069470802113589304216612106114337358845406827334382240148530274531502312397396276613094787657697366710427329080938696134950082686779879257046189471722347867248483535256696727925231196187665423610506632054462327449643262425432063 11924819228990512051656727747402493537383611456070737608528912631347448902547937611719649734466304613273692757044029648585885366649148436901321810474556808654892359729466924820651413226575351710203406276045856187384806462215804635336551764352570320005704938106385737505974939923482419881324945373487928032664883917964326539974313987082322362712901 2862807937322073312392431086403066424199387130639861289088130799258082883616149233577763003970423221655979977236518154592249497763624733599068486417645327540723575851630025160344671786236492693355790973159732216897797139998383524584057568500610162938434253828484107362123733232527674362938599662983519900752639267724254501559090331801430087609700 -23354919532548002778558421068616884699763 1151
392953708085265486797442128925840270515119847334740086946164993477763512631002053154243772503773829137831834794763755558538460139435538524591802542617049798763316809113586139840903302495449127542161688699147092338112927234357263461173473074737139867305675491918051614090744583718441571292635243500547516265301139593809386602271779469040582905826011890840921980133525869518728813130410069470802113589304216612106114337358845406827334382240148530274531502312397396276613094787657697366710427329080938696134950082686779879257046189471722347867248483535256696727925231196187665423610506632054462327449643262425432063 4452161732605179003026629722164050223747540863301634369937958889468782303561386475768070617309197225636038980522043695209136300941807722945285528419116851336989687694996092925163037179504046921636985232752442799005868044827853558213590634220316281156954852445793336519853943937646734367894601827281889946977500491844425820188330897483793299248267 4221900277363323936291763055852635269481943404577474551506166010049442622055224192570176022938827333642111428859755846091374323698665496386240253352373363184804995893258866166594966688391617668623992121521247539286671359943768518723324563456528419825251312923534614638592466452419655358713856102014920066444303956588608540404124373768337575057640 15834703479074409869590846627146056236523 1151
392953708085265486797442128925840270515119847334740086946164993477763512631002053154243772503773829137831834794763755558538460139435538524591802542617049798763316809113586139840903302495449127542161688699147092338112927234357263461173473074737139867305675491918051614090744583718441571292635243500547516265301139593809386602271779469040582905826011890840921980133525869518728813130410069470802113589304216612106114337358845406827334382240148530274531502312397396276613094787657697366710427329080938696134950082686779879257046189471722347867248483535256696727925231196187665423610506632054462327449643262425432063 10265381707790999738919345461377100253906839404654825577644344203030278488450190758213447522923121810749504941837959713814765593258984626011063307692791595894798933210014584182637675748238702946036505174272165195240740373863060297227919850630272045598587983774814814725087822799578776024873269263367768313448563793918196980008199804872309218634401 13086363119508555812102162826640873810503087811257879590557979433210697028202219301236664857850391733880163885645556265603057231820886847326262373635304818109239268269943534221574932007899588692766026797786101579478467144419231369756273295940802028730602240108951676733259385320399665442666269364077868377292006610860303275027674893775959821992332 -9749024127587148541101007274318251376439 1151
392953708085265486797442128925840270515119847334740086946164993477763512631002053154243772503773829137831834794763755558538460139435538524591802542617049798763316809113586139840903302495449127542161688699147092338112927234357263461173473074737139867305675491918051614090744583718441571292635243500547516265301139593809386602271779469040582905826011890840921980133525869518728813130410069470802113589304216612106114337358845406827334382240148530274531502312397396276613094787657697366710427329080938696134950082686779879257046189471722347867248483535256696727925231196187665423610506632054462327449643262425432063 1052310386063339428588129610578434779145085094055503409229653102393797440452872788372252492694065860090583931768066229192604686271134171178100113492794176172470386112115386107746232487599049923333136496461056605085901299471315831717197123463409544786706575696186868748368609719522843510824943614416357600772478395086533986208639985758498347739573 4245699156769317621054884129365731583062970598237994898841883253269286854852346296886504359348610869707315313076214665198826800073444948802912312412053840629234860882798744020664053468312405410884493803843650787747450654138082054913729837279621574841443884601979366786438015054748034585354307190416019440959239221467793831707800233141359635071420 5763435898569540771860748175108525763075 1151
392953708085265486797442128925840270515119847334740086946164993477763512631002053154243772503773829137831834794763755558538460139435538524591802542617049798763316809113586139840903302495449127542161688699147092338112927234357263461173473074737139867305675491918051614090744583718441571292635243500547516265301139593809386602271779469040582905826011890840921980133525869518728813130410069470802113589304216612106114337358845406827334382240148530274531502312397396276613094787657697366710427329080938696134950082686779879257046189471722347867248483535256696727925231196187665423610506632054462327449643262425432063 5120217685193115503679901270618637075301955953811155501463207415170299097873712594286020137202453379469622322332950029076792679898339632593262810981593356244293880309833950958876226399436006829833890099256978693795225902957151917800541576796048363886994837745163791018991836936522790653551901269184693908534910400316097888520977463949438159689861 8465377767709374338140226081814058928649181051010215813046351121020449287135969009474323415184824050497640209373257162148501797358442848716724441024849670703869883350968807096361466113329490242157912487371491632995417070197009899880513898653353977122635881945126563078721976620112806798534913721111849896495575693224687843237463725876035871163412 12225144609282496814981894107605690001651 1151
392953708085265486797442128925840270515119847334740086946164993477763512631002053154243772503773829137831834794763755558538460139435538524591802542617049798763316809113586139840903302495449127542161688699147092338112927234357263461173473074737139867305675491918051614090744583718441571292635243500547516265301139593809386602271779469040582905826011890840921980133525869518728813130410069470802113589304216612106114337358845406827334382240148530274531502312397396276613094787657697366710427329080938696134950082686779879257046189471722347867248483535256696727925231196187665423610506632054462327449643262425432063 8772607819260462389006915003712115292720009867901492048402881184527113987194199254475646112406584666742638621064340991155456312557541380566498557533171804009287518500020651394732385849812997570865767236647342954189369667443454533760481133755596513959127845117512985344954106801067505497241946706040872964612976819347098674982051792955005985270981 8862090378423756655249688112223818370189433206270039918538968559215824398682420805202211010679007422293006086865819410199631480691575122827119068933169193213209766163734990656754975705481128073438256284147235759956026207799929447773985270168426538586318150280171106137384724260073491167449047816445133904397352170017674331069642325497180489886288 -16944634944111731228630775980257012854971 1151
392953708085265486797442128925840270515119847334740086946164993477763512631002053154243772503773829137831834794763755558538460139435538524591802542617049798763316809113586139840903302495449127542161688699147092338112927234357263461173473074737139867305675491918051614090744583718441571292635243500547516265301139593809386602271779469040582905826011890840921980133525869518728813130410069470802113589304216612106114337358845406827334382240148530274531502312397396276613094787657697366710427329080938696134950082686779879257046189471722347867248483535256696727925231196187665423610506632054462327449643262425432063 1168797713316624585978116316860673152269003650388362077623168874420873482686110873888653790017869010905551293987628131368197483890790464825594345990380481623906854788835028175750407867875843447334597483955781449165967480537680945727722523026094161052531285447550328306467889732169191055505013734287024641559196392245828939165562096759009275979273 4424562216988646477649626814518419672422632798877262268602277665782619371295854398199114655346473635008815943803651779246586296200696672049009128243126906254032016171534925194210398917282200353713133351208394297142843815847138954724546557194230426083290321136958887067255103507669839498446089200808799202455143455168945353234223216708757233160000 -6138342264822553376978178615128185721335 1151
392953708085265486797442128925840270515119847334740086946164993477763512631002053154243772503773829137831834794763755558538460139435538524591802542617049798763316809113586139840903302495449127542161688699147092338112927234357263461173473074737139867305675491918051614090744583718441571292635243500547516265301139593809386602271779469040582905826011890840921980133525869518728813130410069470802113589304216612106114337358845406827334382240148530274531502312397396276613094787657697366710427329080938696134950082686779879257046189471722347867248483535256696727925231196187665423610506632054462327449643262425432063 3100886419292437332718634521997643721215967010499481478968021945764228989816534961034631557722702185817279324500508092336937348673104616834312349179824748324308236186841074504441529694676572278964904271523264791800150132770231328135635863958441930899437225209495825842586870179255656698910425846315838147388972556951332841436604585615112215553139 8309746596193004673184357679217043651094953331554560329638826908207169611386429730544717833780189241435840265819213202953096774742475502532687031819567902220428487969425371282410322022762644045564455764328579472638642076134782627472919987264596017352922965974920414010318335300978869110842304115851467271065205097469491587940979672576351325676592 6416173190116267442395981174553484423693 1151
392953708085265486797442128925840270515119847334740086946164993477763512631002053154243772503773829137831834794763755558538460139435538524591802542617049798763316809113586139840903302495449127542161688699147092338112927234357263461173473074737139867305675491918051614090744583718441571292635243500547516265301139593809386602271779469040582905826011890840921980133525869518728813130410069470802113589304216612106114337358845406827334382240148530274531502312397396276613094787657697366710427329080938696134950082686779879257046189471722347867248483535256696727925231196187665423610506632054462327449643262425432063 4244542649415571702929864967803052792851046323958556704209783587899234152349124811271067496760255534316120065102209228859182408766037764841744709997032738362556750211689528265324329698944346754085552372044007985107092799958185391260316731011346152309865594930935026516680068746728815079716601608915604747413481691142027688322483437331693381244149 10282852380457825170763482462885905353254444877127950588765361076599758222707690746491027400435362539987857203666558687749008706697669843936554072088328340142740191705410896436029619727105524947347059785052261720945803196385070010059887892703497362513610718773352178737212018023970604612307711092071133541315310979355128787922569453970201837108408 -3930631428425787310995142715314871455893 1151
392953708085265486797442128925840270515119847334740086946164993477763512631002053154243772503773829137831834794763755558538460139435538524591802542617049798763316809113586139840903302495449127542161688699147092338112927234357263461173473074737139867305675491918051614090744583718441571292635243500547516265301139593809386602271779469040582905826011890840921980133525869518728813130410069470802113589304216612106114337358845406827334382240148530274531502312397396276613094787657697366710427329080938696134950082686779879257046189471722347867248483535256696727925231196187665423610506632054462327449643262425432063 5313737614490228263667093519282627408904128255219721944506293703056097784372201306978271979207499484981295519651353288381369651553288755484386795623637503062614994517615945969103064292997786995317700470150816924520107499316413542512584825439648249381063671359187676861307064053854258293306948150960928313990715735817855795795886671422109414121889 11265265397278977157376475640929198312588139326795737087261874783292083022867742471228654601634225594847245943738499916724291804115502444109805553884859232417319036829529797852371932217455697295197118634677816053146443803195145635080830197610497711487446238547433650816624450784581161300147896599552003250432190592738729620173698732129063709807108 4335106364513338208196097657495548633207 1151
392953708085265486797442128925840270515119847334740086946164993477763512631002053154243772503773829137831834794763755558538460139435538524591802542617049798763316809113586139840903302495449127542161688699147092338112927234357263461173473074737139867305675491918051614090744583718441571292635243500547516265301139593809386602271779469040582905826011890840921980133525869518728813130410069470802113589304216612106114337358845406827334382240148530274531502312397396276613094787657697366710427329080938696134950082686779879257046189471722347867248483535256696727925231196187665423610506632054462327449643262425432063 5311514908913987475686572005708152669391096239873582064846156231136022994508169655992522834385575499529502180418885644446531951008918872000987837978433722616103763279518395908559258979592052333476844778868147176759165224598158035781143426005326353350308697483812521705088349032862869268954923466167526176118461181570778221847488850922317169378411 9766055843711238025555445156894073984360705273378163205033810172634445628057630529408368282725981654635689257725998214225020736736015413110585946088774167414724084256145901679749360558029306231704494219982427947056175484149587261795091859404227120228068834266813783251579953646873069868156882445540549036013259134360225167582974183026578392804700 9945833778585484069986119152127273269667 1151
392953708085265486797442128925840270515119847334740086946164993477763512631002053154243772503773829137831834794763755558538460139435538524591802542617049798763316809113586139840903302495449127542161688699147092338112927234357263461173473074737139867305675491918051614090744583718441571292635243500547516265301139593809386602271779469040582905826011890840921980133525869518728813130410069470802113589304216612106114337358845406827334382240148530274531502312397396276613094787657697366710427329080938696134950082686779879257046189471722347867248483535256696727925231196187665423610506632054462327449643262425432063 7269047953900718815481991980387764818241255970501176268925681927793555426452868527666237902566149441892473273147963701593868572520328765095011006168738232568615117354297368478228799983915502305258148083376486413701168844357685856671075994849784763723428520633284260355411835572919206704073665505943862619235334105499754428456036233116134879724107 12912121094600710403001301228500889023327098350007344314298015833550124117015507247985939054704899656386010721100792366946889658757807365418313982534237875044522260259968654453142795429307506834985382807748016070051519767515037000371399141662558667102086531158957446188179753106113029855765472290652256841933053075399174215998101033589016445154352 2655201838358272872176613466092926394421 1151
392953708085265486797442128925840270515119847334740086946164993477763512631002053154243772503773829137831834794763755558538460139435538524591802542617049798763316809113586139840903302495449127542161688699147092338112927234357263461173473074737139867305675491918051614090744583718441571292635243500547516265301139593809386602271779469040582905826011890840921980133525869518728813130410069470802113589304216612106114337358845406827334382240148530274531502312397396276613094787657697366710427329080938696134950082686779879257046189471722347867248483535256696727925231196187665423610506632054462327449643262425432063 5711337609685960729678253367669507182808759547543075676609452268719999301189993952123649288186272962069698572232897980856590821803917960304141595435720332749857502870569816906122439689212124271526088402952577155720150650023690621588785002569384292728198342745795718825784129064001669043249392399605460093719658135663325522491901160691267145574449 6135773423774931435546809459425157114256022571283925977426166602202975928508952785515273261507285580879923444428239008645016064099236536606943976649525055584622029832145042901677255825246582013190418835956461984723081739345398318194654310113175498660326035761806401661173208958804894239578054446044149125472653598207104092001957646301298549372476 -16301322620448044387242317974715648024935 1151
392953708085265486797442128925840270515119847334740086946164993477763512631002053154243772503773829137831834794763755558538460139435538524591802542617049798763316809113586139840903302495449127542161688699147092338112927234357263461173473074737139867305675491918051614090744583718441571292635243500547516265301139593809386602271779469040582905826011890840921980133525869518728813130410069470802113589304216612106114337358845406827334382240148530274531502312397396276613094787657697366710427329080938696134950082686779879257046189471722347867248483535256696727925231196187665423610506632054462327449643262425432063 7827070120822224634346380618986375872732565218735488580488912882291313824995287466437771254242026127697456688010677959084246362661257831744786296256243712077430055845558899999111402011838506924456801041154086009891553397323952363671334102337294117687089686864091041424892488480317529491250124609110160976901062144162449743149077653925796563511421 13283839562037419563605346509876913085030107415339222440082542122754037374815178298938643520745649566404666437883382115769368439848899879605973346996845561219497556653117763579771151991270658856687515157334540740503700249370423017840535060989708202247765471229841325018085306076447825669395617472170756709849778904975319773462117307923261153357688 2065606946879484101101881863128225045789 1151
392953708085265486797442128925840270515119847334740086946164993477763512631002053154243772503773829137831834794763755558538460139435538524591802542617049798763316809113586139840903302495449127542161688699147092338112927234357263461173473074737139867305675491918051614090744583718441571292635243500547516265301139593809386602271779469040582905826011890840921980133525869518728813130410069470802113589304216612106114337358845406827334382240148530274531502312397396276613094787657697366710427329080938696134950082686779879257046189471722347867248483535256696727925231196187665423610506632054462327449643262425432063 9961678482557011911188127059822441638033184319813979772402371123743872626030176671267398860999542718680461612889688859399368813335260663265189109522514881116987894039438781618147571706909585728183927823400183993226765061848152841011704581512558835904182922871909928139974113722722506879387339964725475782299455414789378665773188328837942967435327 5924510700970316435599553612343162442493222941666498087039844493781563376703558278950182000538985273615881863868316671833120731027809689653152966756646452168223492567042386373256054598361623360573164930564675352446223346786301190547252907976310293611488662795237787526946685321576706588592147624700471965223699189367426066058638820001040749375568 -20821226975302334934497644427765878518719 1151
392953708085265486797442128925840270515119847334740086946164993477763512631002053154243772503773829137831834794763755558538460139435538524591802542617049798763316809113586139840903302495449127542161688699147092338112927234357263461173473074737139867305675491918051614090744583718441571292635243500547516265301139593809386602271779469040582905826011890840921980133525869518728813130410069470802113589304216612106114337358845406827334382240148530274531502312397396276613094787657697366710427329080938696134950082686779879257046189471722347867248483535256696727925231196187665423610506632054462327449643262425432063 1135487423187154478838681027681409192908312340054936858930655460761659814363379155214753847737014794423094273411934571228192894298126742829772885264580966332224147627387304062490398934055242044466442213104180995305748537316308890068728566234392619063271346400597958561748090376157574117952330384063033674898081837085228317914652379380684191598077 5733000969727928857897085182881329951395944581392004374159293551214481452974274991911954111363620937298172482639963609541572572424258972176255972287742446328593590027024623704038131576837763651245484685491382137707331352044174406290904535950861069007461318958852840926854679380140277407024795275273553808852011981267247080667290215885140159177652 -1208157198916425946349540333730694381499 1151
392953708085265486797442128925840270515119847334740086946164993477763512631002053154243772503773829137831834794763755558538460139435538524591802542617049798763316809113586139840903302495449127542161688699147092338112927234357263461173473074737139867305675491918051614090744583718441571292635243500547516265301139593809386602271779469040582905826011890840921980133525869518728813130410069470802113589304216612106114337358845406827334382240148530274531502312397396276613094787657697366710427329080938696134950082686779879257046189471722347867248483535256696727925231196187665423610506632054462327449643262425432063 15203084167454990596062862709986624083571684157442499201155561151861291672906824657673510692812315461794711137769485662165586192561771498948614390877400158341796617939623220989407300589740333352492956435881462634052353811138115093907702834909453200394428665256730137430521884093693938175514962636783661783328540702099122556393357796173549555903481 15087457843593679376852126613491322850774618757815753932004116399581603102029911845426804710806768532982287146764950903069172680779268944154833760870260608139138193881604094764673549014736140874864113119603494674862077842641809256122347514078529458542531520850818666861730565154799513128419845526544034870016992784274652426936513543223871661747140 3984577258973213106642437481443500941023 1151
392953708085265486797442128925840270515119847334740086946164993477763512631002053154243772503773829137831834794763755558538460139435538524591802542617049798763316809113586139840903302495449127542161688699147092338112927234357263461173473074737139867305675491918051614090744583718441571292635243500547516265301139593809386602271779469040582905826011890840921980133525869518728813130410069470802113589304216612106114337358845406827334382240148530274531502312397396276613094787657697366710427329080938696134950082686779879257046189471722347867248483535256696727925231196187665423610506632054462327449643262425432063 2860660927705373177093355935717960931532137660746674419952561199865428651875853751443240793044925065094870496092638656162294838172389418047194190945337136702854024313076450254012582443678876981114999109814450604839225881265629446906852786626188461721027499745053011959788034301407008306246986540363326739684839576512735829992838087642888389544339 6429109348727991873334969862224826074210262069190575270945893236878473830936170823844527835281053554632268265946814566071891708020205460258543944842556094481655870873969504051811381225796864685994529380497088606945322719812877886480158597139232959158917897746581689302138857819868411632062803872677194100256577283037976259604981829486711172763076 9831181867850760311936285129779346113525 1151
392953708085265486797442128925840270515119847334740086946164993477763512631002053154243772503773829137831834794763755558538460139435538524591802542617049798763316809113586139840903302495449127542161688699147092338112927234357263461173473074737139867305675491918051614090744583718441571292635243500547516265301139593809386602271779469040582905826011890840921980133525869518728813130410069470802113589304216612106114337358845406827334382240148530274531502312397396276613094787657697366710427329080938696134950082686779879257046189471722347867248483535256696727925231196187665423610506632054462327449643262425432063 4427253200518608716514837844771597230953106305517905939249002775998515713327958525761261817267974176452326820664145589359568249703591525771113583240959376411753280289904254889855164713526209337244640157192427652524916196100668207564827892567825938765449477966174891065672393717703591635505564706289615256390737776154816444597379862050910520354739 6496930720815872908556214622580046591749896788184679175645265544905920103476543436081262281307527948035175481649693841250074106977242120489796711533630119713663184982748826159338984013247844015924112614599119440691493703166777531308133554848726584066520350307415266080105154121736078903093492793876234181533582914905387541327586306514550803047076 13685924710928513761593940899155076175275 1151
392953708085265486797442128925840270515119847334740086946164993477763512631002053154243772503773829137831834794763755558538460139435538524591802542617049798763316809113586139840903302495449127542161688699147092338112927234357263461173473074737139867305675491918051614090744583718441571292635243500547516265301139593809386602271779469040582905826011890840921980133525869518728813130410069470802113589304216612106114337358845406827334382240148530274531502312397396276613094787657697366710427329080938696134950082686779879257046189471722347867248483535256696727925231196187665423610506632054462327449643262425432063 6711204842462333591950384018648358123710331707032564724658731121909794004410743118768859499115264522518012669933336649507651650602713658580286043750174418417813907098737347820019299748286197463060114993854503894349728524708709437987679225304433728976338907705055942583934252778055982922198865313750526973348174298212833340203839519710159564179467 11983854067548287462560746033788383710562411613357540221185862800874504966014309833536459622186392307678522669359021189287202326497287521802967433917119231571650536827167583489269372851225491720114971126569456929907994791344560695600703012000621662814549131500658718637511090022194814744066638559878797765643220065716726676552741871778426820742420 -6502874498716131182213123949801796788477 1151
392953708085265486797442128925840270515119847334740086946164993477763512631002053154243772503773829137831834794763755558538460139435538524591802542617049798763316809113586139840903302495449127542161688699147092338112927234357263461173473074737139867305675491918051614090744583718441571292635243500547516265301139593809386602271779469040582905826011890840921980133525869518728813130410069470802113589304216612106114337358845406827334382240148530274531502312397396276613094787657697366710427329080938696134950082686779879257046189471722347867248483535256696727925231196187665423610506632054462327449643262425432063 12960473557608125665217243207014209627538203538368688007088979157150577433599992571853925803447204490633417759603981476698610209482298940605185844149381826187879908075220413205261553344153416929542389643324598127478569492568039472354536980309069898010609056169335972907051584481599466834902738215757523714242628347454299978803924838786118387701989 5489561426229085145328008747272380675668676030565480746274833108284816702221189693337560668902859610069130661166649347576382104928960598496465931569295294558609411996316282770923686580545518195043561036910962066391312557964559198428817674679049766380010708702400794068538199432637909956339954341604880599225467579290084185871508752560192786923324 -22464298389831106771980647685618071047085 1151
392953708085265486797442128925840270515119847334740086946164993477763512631002053154243772503773829137831834794763755558538460139435538524591802542617049798763316809113586139840903302495449127542161688699147092338112927234357263461173473074737139867305675491918051614090744583718441571292635243500547516265301139593809386602271779469040582905826011890840921980133525869518728813130410069470802113589304216612106114337358845406827334382240148530274531502312397396276613094787657697366710427329080938696134950082686779879257046189471722347867248483535256696727925231196187665423610506632054462327449643262425432063 7951404436273160091542250204679705582845151473538551587531682149545962043076327636122454849933578122798497270172345357781736418516997575978103426119284710031180199298135362561161086046345533710217238297152763132765206390838279425724155694581406746999689436665856340034618223496464846867699048844676825155239029516811975384988573604924654419629977 11935027473230080389527320457249297450093948983168949627907566033546288041894852458560004395932519816554653737208064875634653649605498839827652512756146081879058263793262546632534356552186640228024215763438475012881742022809247484871203321173147223111430325008397451297014282297076767449675761828854996830571306859243699121479784062440656955341268 -9773212911375566041140592962432593303681 1151
392953708085265486797442128925840270515119847334740086946164993477763512631002053154243772503773829137831834794763755558538460139435538524591802542617049798763316809113586139840903302495449127542161688699147092338112927234357263461173473074737139867305675491918051614090744583718441571292635243500547516265301139593809386602271779469040582905826011890840921980133525869518728813130410069470802113589304216612106114337358845406827334382240148530274531502312397396276613094787657697366710427329080938696134950082686779879257046189471722347867248483535256696727925231196187665423610506632054462327449643262425432063 13022581773279721356801429887813670696946439221683694684807436877838281276914648761732905531669337174234203092720607512943921289952595805459886883788117076759358982129161428514325662607761737433818691418328019266807398433285265833436562515157749511789338024014532701995034038663625411490983616501752563222225657773623523893190732957493220400827237 13971389615340440278751885641366241729924466824594217907184681081270191676503110708109533151712360356889672108479131852031352555476719550766365890641263217751760965803926208737482581713127255071891048332933663661824590817801193834638047586488992346250579437589869162030068080124527634183273577232280145123234962180319709854063901563704370307415768 9236420322119030479915970564240029835771 1151
392953708085265486797442128925840270515119847334740086946164993477763512631002053154243772503773829137831834794763755558538460139435538524591802542617049798763316809113586139840903302495449127542161688699147092338112927234357263461173473074737139867305675491918051614090744583718441571292635243500547516265301139593809386602271779469040582905826011890840921980133525869518728813130410069470802113589304216612106114337358845406827334382240148530274531502312397396276613094787657697366710427329080938696134950082686779879257046189471722347867248483535256696727925231196187665423610506632054462327449643262425432063 5112666245427837523493278729263991490571575061847785123748470312194379933814569901146733763526287990878773603265842356666779528439891276597020212556726105292797942279036655371193942851310406239639209218537804434299973990686694910546079289629869327459486687454393825661590770280716797828767869674950490287175174774106971885896901770262038839664571 5234395851792828058866745160699468775486212257576815610368640183080959441808125604029819366379947830722332389554505293891957059005450525182694819821791382439616076387581060076068020220897419766453131465632198071796544401206068837837965715903401938491987869310765727613954432602709824469927284674734481812343181173541869164222617156613578870202492 16177349304484786704135446174179508591859 1151
392953708085265486797442128925840270515119847334740086946164993477763512631002053154243772503773829137831834794763755558538460139435538524591802542617049798763316809113586139840903302495449127542161688699147092338112927234357263461173473074737139867305675491918051614090744583718441571292635243500547516265301139593809386602271779469040582905826011890840921980133525869518728813130410069470802113589304216612106114337358845406827334382240148530274531502312397396276613094787657697366710427329080938696134950082686779879257046189471722347867248483535256696727925231196187665423610506632054462327449643262425432063 4048225000014973969997055124351976023334765810531275053004225740525010964961358746016361660766567639630913860410127516179297492920422437888101081948579662806236348081352875134990883098353082205237844800941087582167767922495159804638340517399544043114312073496133709814438056643195098219140607699475384176253618022428596396213099348379070911455219 9666279776377573646720992238216506659108565607223460109963366419612623142896696000755749201980636506939660097903493484457139372235954104604318105061607559678444900885893719120529825518331837808351071503545374012623942415535572160712485450651241695308808268368676626891258423709372533069815181773237027835329002370760659009027707102174534229012992 -5967731506633402556578071425894231941107 1151
392953708085265486797442128925840270515119847334740086946164993477763512631002053154243772503773829137831834794763755558538460139435538524591802542617049798763316809113586139840903302495449127542161688699147092338112927234357263461173473074737139867305675491918051614090744583718441571292635243500547516265301139593809386602271779469040582905826011890840921980133525869518728813130410069470802113589304216612106114337358845406827334382240148530274531502312397396276613094787657697366710427329080938696134950082686779879257046189471722347867248483535256696727925231196187665423610506632054462327449643262425432063 1056406191565464915204234056718938776432651784440219596907563471741025371945324480673176106254829810571529311876965832447657223145564390852238102684612050916948814054773733429975976966869605619490030028677667224053498392864219922759569334502828248662516502083762659969152168369732459354728742137063526167935914189850540373805490389478176222447267 3909253130305135485184263808091765683803324547826343310031142951616885336724840626974576664452169955756090203991421820012983709050625693807647482617679604812457923509409459454527051206059892901186701623035624149365922242167717539161279470119386692046654087875666626848350085652904677252276434707643339527182309899618496864088405853307078126027720 6363667811384432758800768467681259822077 1151
392953708085265486797442128925840270515119847334740086946164993477763512631002053154243772503773829137831834794763755558538460139435538524591802542617049798763316809113586139840903302495449127542161688699147092338112927234357263461173473074737139867305675491918051614090744583718441571292635243500547516265301139593809386602271779469040582905826011890840921980133525869518728813130410069470802113589304216612106114337358845406827334382240148530274531502312397396276613094787657697366710427329080938696134950082686779879257046189471722347867248483535256696727925231196187665423610506632054462327449643262425432063 4610536288429422133627724729912412228770330572866124169698087731689075614096593235770590657524138210565407888802857840850245458377274328476601481940163906049440644352528513936574868444311298714570878427208143064977418751006935816744105389409308240661129760243521750963270992192830129850975879362347876984097705668713686606453006125641146180437197 10448221958271836441307033883609272524750081084144916031026983397354495422424680519898144708906627056139589338436421233509500872577322417655667912496418875985921956161659629451380921875038337880455079675975825447915407744294315791065433208613985508294884329893559000852463484017270804380501534613704809901766461271827750666445319570143221137221048 5192840836486319992237332316555837059731 1151
392953708085265486797442128925840270515119847334740086946164993477763512631002053154243772503773829137831834794763755558538460139435538524591802542617049798763316809113586139840903302495449127542161688699147092338112927234357263461173473074737139867305675491918051614090744583718441571292635243500547516265301139593809386602271779469040582905826011890840921980133525869518728813130410069470802113589304216612106114337358845406827334382240148530274531502312397396276613094787657697366710427329080938696134950082686779879257046189471722347867248483535256696727925231196187665423610506632054462327449643262425432063 8649837534446291169433778661404738463783765209514291377498700738590357287797960489053635216331476772467775747541237939049635248623717684039930377560866142777112005092707864523359249819467524201831835536587884556197657778276194399459340397114165741117650744611507963340558436908395747537789866073749536685609924162524060291562667101888567497573477 13311008034027739132179197056312372355969254714623944017464339438721585969700010891452087396929727396354057076633080567173316594169100597624944521161299361506604030393687765681972774288393625628142199997684299898301486003535032942696063688064031192765905156674080902287492361649252591843148574543535027715027227136300193150093026307976018824695288 -5654200381041740945325284909900574070789 1151
392953708085265486797442128925840270515119847334740086946164993477763512631002053154243772503773829137831834794763755558538460139435538524591802542617049798763316809113586139840903302495449127542161688699147092338112927234357263461173473074737139867305675491918051614090744583718441571292635243500547516265301139593809386602271779469040582905826011890840921980133525869518728813130410069470802113589304216612106114337358845406827334382240148530274531502312397396276613094787657697366710427329080938696134950082686779879257046189471722347867248483535256696727925231196187665423610506632054462327449643262425432063 10416657878967334988097551709025734076962897626685520065461059986937811347187020192168565042305521153982487699327177462055762418938651958184398365918629842853890745370446169351941483304943832880511938146047627751491325132064697457098170368262304956878817306535700674171781625324144985119714790055089713884508739324325303212329058227510647192925581 13396100552341028315907122529953068122918309538851960933455787376837536822537441635600764973655230434809589634660188682437982009264333953911157001839181191070010891953475911900303614477529336218211501092872476079844275174203138689995428747263175522463479410541602661847060005086685395564088413310074427948120866295276178799378395734963809548062968 -8830744083334248068473873223264907559891 1151
392953708085265486797442128925840270515119847334740086946164993477763512631002053154243772503773829137831834794763755558538460139435538524591802542617049798763316809113586139840903302495449127542161688699147092338112927234357263461173473074737139867305675491918051614090744583718441571292635243500547516265301139593809386602271779469040582905826011890840921980133525869518728813130410069470802113589304216612106114337358845406827334382240148530274531502312397396276613094787657697366710427329080938696134950082686779879257046189471722347867248483535256696727925231196187665423610506632054462327449643262425432063 9182021349605592509933747833096813632826870359281043911391780099953091090952380939660952658908824859125733899487649731085577591766322924804442770006727662344808971415215338426065548292726980960110031818534026391588015611008246885925301354667938118137296954328505734289614053622700509145699916415140041050616386874465235048474062425901072587602051 7974310653610042503091664045222383391549107397002772657897009929942748630525230253748224711513197942725484020651304556782051713271287034081889368140108145134388541990061493454792574016977662412615338292774770362778930333622884405550993277285549297367087323432037392997226075909631697934515703252701740506825435289811642510534762067865487231018888 -18393446911293399538998793077355063342109 1151
392953708085265486797442128925840270515119847334740086946164993477763512631002053154243772503773829137831834794763755558538460139435538524591802542617049798763316809113586139840903302495449127542161688699147092338112927234357263461173473074737139867305675491918051614090744583718441571292635243500547516265301139593809386602271779469040582905826011890840921980133525869518728813130410069470802113589304216612106114337358845406827334382240148530274531502312397396276613094787657697366710427329080938696134950082686779879257046189471722347867248483535256696727925231196187665423610506632054462327449643262425432063 9043129071136602030314093252404770884582614364546355367017001518719329685466671193898712134862325973186971360250402538810529509001255945578138712590847540996709170233184289270646762466445699233737603094017926048929915531765408482174262105781474132714627607489989607887169260806413694151151199757510265216213501506435262319348036934659887613279479 3317877526896299869310979742006061780782116813596066439310881079402367760328349162152730269720837728744912279347142374217447907715783385174153960114812219669673724768961546851843276059130339442947559058502331452134712134745557045503679727559313414869939473099082851793311004414032412419435792908907162817491292219548090739498375090533585907311688 21627766138964145552283912890149957406167 1151
392953708085265486797442128925840270515119847334740086946164993477763512631002053154243772503773829137831834794763755558538460139435538524591802542617049798763316809113586139840903302495449127542161688699147092338112927234357263461173473074737139867305675491918051614090744583718441571292635243500547516265301139593809386602271779469040582905826011890840921980133525869518728813130410069470802113589304216612106114337358845406827334382240148530274531502312397396276613094787657697366710427329080938696134950082686779879257046189471722347867248483535256696727925231196187665423610506632054462327449643262425432063 8309671709799976125682740984303026331202988271710883686223849393280893898885789846846104144205719382150223390771039489802250100076245056258131660670628094116383334244581042146734279097089231034566669190417485699733597538964805284900951402500417855943328066527104695994851244805042303101843148334913005237604198521440298555444220334751027176415791 12583464099178746409551458260282654449203534878524937936294734365108308561391571619030269134410838247251422290889394105324588327258398186389609976744891865631948961176632965887429882076364174436448974190007900919800069287246219013996584311706852793946147896498669057874284398212831908820479556376079925705210078750676140767322736851053254798816100 8253292996000638263654737213328616425543 1151
392953708085265486797442128925840270515119847334740086946164993477763512631002053154243772503773829137831834794763755558538460139435538524591802542617049798763316809113586139840903302495449127542161688699147092338112927234357263461173473074737139867305675491918051614090744583718441571292635243500547516265301139593809386602271779469040582905826011890840921980133525869518728813130410069470802113589304216612106114337358845406827334382240148530274531502312397396276613094787657697366710427329080938696134950082686779879257046189471722347867248483535256696727925231196187665423610506632054462327449643262425432063 13900615193413635406427245792621193825305416343973724323680937010989262388353416187063799498682313548619332046683181699868363754818416591031184459736254042660549409599529139210191427354657696483332733887424977210121694151964498707660216892845653281740211076422561358723254182999333761875870427814085985716872766554450064228990917131034458606542801 5425461289332796465605590376635161229468224165238115603115507782662263226698509327740416164800292253456197875973792969751905310935328811444718795204144425565726327169841729504769442639308761884460908455354367698542841981518155934207459190219968483344087318583451786540858223793392468021262940906630815127631761064372964448440430902848626624199448 22701044997377780963166793245769186050831 1151
392953708085265486797442128925840270515119847334740086946164993477763512631002053154243772503773829137831834794763755558538460139435538524591802542617049798763316809113586139840903302495449127542161688699147092338112927234357263461173473074737139867305675491918051614090744583718441571292635243500547516265301139593809386602271779469040582905826011890840921980133525869518728813130410069470802113589304216612106114337358845406827334382240148530274531502312397396276613094787657697366710427329080938696134950082686779879257046189471722347867248483535256696727925231196187665423610506632054462327449643262425432063 5235821838306878423051393773127164663033089872552798818055576693317835688158671234604239286012659382806811244441982254583495138579098559401630223628287523717320459268249398086485254986996542445880196199473411878982857019168494354046805597930950437967057224386003016187859618200374074554440716461878329467721791609570390703368500953656328175636231 11284135061897278181547704126919407545337949971815489248432430288164406826169656589390513969239351761208884516381002525208349682846385660260198814280724214193970387953274967771135976821407755545782977883557167590423249929812661029503491033294814472825716981642450111313994865641744830616871613190966515661613749449556010675306106336418097665098808 3706402413150524040759005015916811403751 1151
392953708085265486797442128925840270515119847334740086946164993477763512631002053154243772503773829137831834794763755558538460139435538524591802542617049798763316809113586139840903302495449127542161688699147092338112927234357263461173473074737139867305675491918051614090744583718441571292635243500547516265301139593809386602271779469040582905826011890840921980133525869518728813130410069470802113589304216612106114337358845406827334382240148530274531502312397396276613094787657697366710427329080938696134950082686779879257046189471722347867248483535256696727925231196187665423610506632054462327449643262425432063 13306517842082949986101731398436462318767820194171335573726849548015874323411236331598787416225023599888492787019797062484426811478845783201809876623318844899176978656369780560512395328303190899104239328367356666177191702375500351193375495211653190925478626780805558719589084390162617732344054431480515913258661946906398106429331974242357793493441 5041050731033541281004879593762194235330879847860920350438837595069300627127936293977902911996753807749618175820454088507459333960245854500559472551450070846284827057096868595692258857690208300577789581405222632815187890387913929916713913948442489910315463255838299870776561971280269911384312628574554886514232202542942589756734493494762102718528 -22813761834089397812946122185904514243009 1151
392953708085265486797442128925840270515119847334740086946164993477763512631002053154243772503773829137831834794763755558538460139435538524591802542617049798763316809113586139840903302495449127542161688699147092338112927234357263461173473074737139867305675491918051614090744583718441571292635243500547516265301139593809386602271779469040582905826011890840921980133525869518728813130410069470802113589304216612106114337358845406827334382240148530274531502312397396276613094787657697366710427329080938696134950082686779879257046189471722347867248483535256696727925231196187665423610506632054462327449643262425432063 11742122963032987076679456910006198867716763962386341332299052378523776932240392395946195528606927314112981365337169329651727191879135047315659238610269367552935210632202836318991119917374853747843274516864271289861416915532445727755066852552227062482043889833054257630322251787548362502372269708470468502635429236351348739535962784520911068321825 14564870830735348046647413619346649914830108451136388180397062324686071957905655155480992613579076880129129597390780750345859398923442878748628384291414603952523633074179412291548151896645281719103852114813839941855482483507887563543109252937541464563117535477312023085734808804520749766732858155363083700039263147172005487290315014136377172227880 4821141330309154190315321891711378379455 1151
392953708085265486797442128925840270515119847334740086946164993477763512631002053154243772503773829137831834794763755558538460139435538524591802542617049798763316809113586139840903302495449127542161688699147092338112927234357263461173473074737139867305675491918051614090744583718441571292635243500547516265301139593809386602271779469040582905826011890840921980133525869518728813130410069470802113589304216612106114337358845406827334382240148530274531502312397396276613094787657697366710427329080938696134950082686779879257046189471722347867248483535256696727925231196187665423610506632054462327449643262425432063 6417015930924707813405625020776657553279365080417933994652308740362761777176581184445076208684016165199117964405755776437492494933314383393241367928970739986646572882458179495482543655826160530217493869378568728736565145530246660777439455883242577238805619952041674269108598407935150882853019400306771441932768863099525937891832108980593748180959 3174874978799023086919676824048104256780139126511677524290358462853089600963306328480079673710805057536457653140463516298952741998485414582433364092619010391887972822572885142172676552453749401108110414252537979696544403353718619787028555910936677272595366527705872677582000164742896751012536129349443884252498628791229915252270681077445461138732 19210303825151266670271744670672425116727 1151
392953708085265486797442128925840270515119847334740086946164993477763512631002053154243772503773829137831834794763755558538460139435538524591802542617049798763316809113586139840903302495449127542161688699147092338112927234357263461173473074737139867305675491918051614090744583718441571292635243500547516265301139593809386602271779469040582905826011890840921980133525869518728813130410069470802113589304216612106114337358845406827334382240148530274531502312397396276613094787657697366710427329080938696134950082686779879257046189471722347867248483535256696727925231196187665423610506632054462327449643262425432063 993974067464396002821319665432434942344500762730647616162178814323662521455210255388982451818035818892075773832050768852519246515279420331976623075146899815316735742832671157296650099351925905949069681145670850501569717669682198410779194965336788195606979997406440259996907485387346774488466659968920392885641210240454288425343589138049058983173 5023649901053363846224448214171318229636615283288508317067523644207606883667149057369237603510431858888078926970283103710471377683377707250932412069796804335522117048187205133547691160836615395242261328759257104745231638285181610481877239607822074433763208588049027528160702230675133088612631529996621090834356616135035382044793677451657204523780 3260256027837400565936827198330107746355 1151
392953708085265486797442128925840270515119847334740086946164993477763512631002053154243772503773829137831834794763755558538460139435538524591802542617049798763316809113586139840903302495449127542161688699147092338112927234357263461173473074737139867305675491918051614090744583718441571292635243500547516265301139593809386602271779469040582905826011890840921980133525869518728813130410069470802113589304216612106114337358845406827334382240148530274531502312397396276613094787657697366710427329080938696134950082686779879257046189471722347867248483535256696727925231196187665423610506632054462327449643262425432063 9012341789898443916005075981216131869821194904462265271895286218445118838929481092293832661112433799086154849597170160880967581598600236908079531325583881752216798665861579382304030971487585146218297280211932764940340869377425648075228384423980632786898860415443607350298267762259473092975012422652459060217990369051316724582712575588384541491409 8323268669598404424572788260003034280427934118534629437953375928389623351570643649451377705198643261344468697898977523452491728700626036362884718521267286620803620276613788395239182978201908803037278849831164313541704845639307738897513747617263568314458262177472121512651321376182389237931848227187538673823079107121179441584181686800337688712568 -17846432818757785874800604595382612498673 1151
392953708085265486797442128925840270515119847334740086946164993477763512631002053154243772503773829137831834794763755558538460139435538524591802542617049798763316809113586139840903302495449127542161688699147092338112927234357263461173473074737139867305675491918051614090744583718441571292635243500547516265301139593809386602271779469040582905826011890840921980133525869518728813130410069470802113589304216612106114337358845406827334382240148530274531502312397396276613094787657697366710427329080938696134950082686779879257046189471722347867248483535256696727925231196187665423610506632054462327449643262425432063 6086254615704301860444143986548485003100107749077882952987487641747612929446699841222199454483333489926467498547172410469306998260255213550518056618067319322958285061911995527660630758607606000001540850782586955027631692421052098877635700496776515872824664842431781015318540226944491123379386524485719261710048406850916701062188961361672374228777 11721194217681827287653563377132955787608773453063412400137775069845519338102472321196935864595845331949230577389410098714751772409245557696726956034774509602732420537839607178812086086733264828638725320477424835865509096628290421968643000533766965360906151014164670724424470346150980519692108234091915956389065699187227241802817699235912408251240 -5462728805365255284591586154964327533897 1151
392953708085265486797442128925840270515119847334740086946164993477763512631002053154243772503773829137831834794763755558538460139435538524591802542617049798763316809113586139840903302495449127542161688699147092338112927234357263461173473074737139867305675491918051614090744583718441571292635243500547516265301139593809386602271779469040582905826011890840921980133525869518728813130410069470802113589304216612106114337358845406827334382240148530274531502312397396276613094787657697366710427329080938696134950082686779879257046189471722347867248483535256696727925231196187665423610506632054462327449643262425432063 421708838970635376233214809438292029081911862518647507193248657598086225105582301212567965815782827578274508511814725787764177547092815341602593588432184400958155304294555533170542050228361637533873190054227024954913520756475066831073042572017261339236982769453358790100860117205851288290326573615174794634666837362111225226259364696576664893219 2338073173136142881852157211193965425627070924116619130675213871790075854891831483598656679499671036104905953769600262173924085264770467016960531895720296782296070887830530088428477839268747612471217411062884947610590530070297913425167701178737410402160862555843080056785077054005214148878642446754610466167801230726131607052365970563470382705424 4296541497926039297971028347004747410595 1151
392953708085265486797442128925840270515119847334740086946164993477763512631002053154243772503773829137831834794763755558538460139435538524591802542617049798763316809113586139840903302495449127542161688699147092338112927234357263461173473074737139867305675491918051614090744583718441571292635243500547516265301139593809386602271779469040582905826011890840921980133525869518728813130410069470802113589304216612106114337358845406827334382240148530274531502312397396276613094787657697366710427329080938696134950082686779879257046189471722347867248483535256696727925231196187665423610506632054462327449643262425432063 7659744813811796975082831437576361156385199909858449387295737064134944160401943561924476471412304902286052858554903581967865758484527555278508766266234064329362240893076792146972574691775180633247627197000187521377519720353226143692333986497409605779118690220055613525236295346561761619962811279201290490002902303693918527050340922048699593969699 13054365342392452692606102592946033929190918366843229648381794586628966659512576688577291670682506403500988572569679923487160890943371911542751521748717089646215224249918046577219851550521397540809080709033825760193160238692948119908799989491804539187915016563171206906308764632245810486917968068851183693479885401916737182813912635475771304582976 -3635657418717519215100498753928802867165 1151
392953708085265486797442128925840270515119847334740086946164993477763512631002053154243772503773829137831834794763755558538460139435538524591802542617049798763316809113586139840903302495449127542161688699147092338112927234357263461173473074737139867305675491918051614090744583718441571292635243500547516265301139593809386602271779469040582905826011890840921980133525869518728813130410069470802113589304216612106114337358845406827334382240148530274531502312397396276613094787657697366710427329080938696134950082686779879257046189471722347867248483535256696727925231196187665423610506632054462327449643262425432063 11115130064466349634382235594401475218047710361175498145726737298705358790953627923194341469072442980727056376449267823195774364781068608344421635657281170955527246113518047402716448246482163610182553942616441108370012289221108729877801447922117349666176605046861819393494871430443384367787660507160206645067159801076798543704788534004979843979329 14092738140565087414208084367931945165852941944826040673202544989329759685201849599125179249903798303263879001840883370024291201129264794573771078781233880864618738560979227421488992576729756923368761360425038490779468940268641811971063000720292483312305419067972438186943311841092158000663891567664245881642087557663532019190226794950239013964212 6733740683615733171006177858655953366633 1151
392953708085265486797442128925840270515119847334740086946164993477763512631002053154243772503773829137831834794763755558538460139435538524591802542617049798763316809113586139840903302495449127542161688699147092338112927234357263461173473074737139867305675491918051614090744583718441571292635243500547516265301139593809386602271779469040582905826011890840921980133525869518728813130410069470802113589304216612106114337358845406827334382240148530274531502312397396276613094787657697366710427329080938696134950082686779879257046189471722347867248483535256696727925231196187665423610506632054462327449643262425432063 4267409969246333593409578742487472242650519554770837544919525441038874334311850759351497777177262695401288408283309502151955299527001949219165618361635718082965502310934891910502251921966132788346770266144278079240286010563238842548187346619833699624118645456962358053986496860700298848159948943947510806853622787248369644786672770911798959753831 5213970370617388010599152799371440291194898829671126849341996206348954711563806906339139486983880599700042372775755634380781816033308304709549023787761123779929801571184216834702886341899832252558254060446602112421222894022364732461697518433628531004386863130944824107410028116311424416750964911308038608654422088049719733450896709812924675642820 -14718516981436232388896336640089759101377 1151
392953708085265486797442128925840270515119847334740086946164993477763512631002053154243772503773829137831834794763755558538460139435538524591802542617049798763316809113586139840903302495449127542161688699147092338112927234357263461173473074737139867305675491918051614090744583718441571292635243500547516265301139593809386602271779469040582905826011890840921980133525869518728813130410069470802113589304216612106114337358845406827334382240148530274531502312397396276613094787657697366710427329080938696134950082686779879257046189471722347867248483535256696727925231196187665423610506632054462327449643262425432063 8204672448889625914031529718178744568222356508160755362496393857108297806032737676674744966044366698914902286719112366546902074244236106141994638628172498263343720103604330488565764876447398539087506148292836048465776844626677078112804887796019860971275568659305831990573443569432246449098872674952068431303447097256265693357453560914286811777999 2633561552860553441112096696315810346183587046148179996006331852744657026304567316089975098011280872133609453502068805485642106186513693775730488533410449100426363679859757054163082594062708299586464015087681817075698020970261713001517229457057538346151221398909729008773342885027240009000774877844467980175237347985307007771487899305317303914976 21205283703000149787326668152200698779185 1151
392953708085265486797442128925840270515119847334740086946164993477763512631002053154243772503773829137831834794763755558538460139435538524591802542617049798763316809113586139840903302495449127542161688699147092338112927234357263461173473074737139867305675491918051614090744583718441571292635243500547516265301139593809386602271779469040582905826011890840921980133525869518728813130410069470802113589304216612106114337358845406827334382240148530274531502312397396276613094787657697366710427329080938696134950082686779879257046189471722347867248483535256696727925231196187665423610506632054462327449643262425432063 7308134932906678671445596821797463507774551834913024966500773092963786953944488024766814304338883072435222966275855726349534990965382829519390455410957903345463241660460515095744892665079121524409419379988759462564870235542320646709126252580863820422179173465568781654019374212151789641158182532788934562281425780467363367534871937540108313092831 10520488575931738256198915224007443750671234669227646802435683378190817387320376044624076601027096259207599357337352443387807640676956880609809627653049690852792894618480238185990460495678426432806217219716153334718779765101733370951874996066596314890319159672592616053776509255940597862542052812161180647053802606180442154337744067081332484353528 12298792612688427869291430345390645544769 1151
392953708085265486797442128925840270515119847334740086946164993477763512631002053154243772503773829137831834794763755558538460139435538524591802542617049798763316809113586139840903302495449127542161688699147092338112927234357263461173473074737139867305675491918051614090744583718441571292635243500547516265301139593809386602271779469040582905826011890840921980133525869518728813130410069470802113589304216612106114337358845406827334382240148530274531502312397396276613094787657697366710427329080938696134950082686779879257046189471722347867248483535256696727925231196187665423610506632054462327449643262425432063 13437652520974065719469600728715197225232843516052881321792049310050352498962479223008222751506476628295128087921365620302436683959468028126216382444961526334896697805916736345751488485919679859360810441918338508131513944274799217851841251133412548225603247801626920118358173582150869729305072481244968966267697319733779213008708103991070253417391 12911398693387661368001694020032921375895366042443492171638066239979371287597829494142086298327410475514095062703129402977896091780082234012006780578112369354185470346017510946139788370759358229938303416442065295382871289846659999403546245292234092160607302467389587718697587731944296873292798570070538059486771180340600914451915703253443788769688 12735219619563219862400822157660831513231 1151
392953708085265486797442128925840270515119847334740086946164993477763512631002053154243772503773829137831834794763755558538460139435538524591802542617049798763316809113586139840903302495449127542161688699147092338112927234357263461173473074737139867305675491918051614090744583718441571292635243500547516265301139593809386602271779469040582905826011890840921980133525869518728813130410069470802113589304216612106114337358845406827334382240148530274531502312397396276613094787657697366710427329080938696134950082686779879257046189471722347867248483535256696727925231196187665423610506632054462327449643262425432063 10742758698508597454570696731969954257949533544822742727003211167260586230187833558907537300456884037316480273464874007500324835857087537005548029369636888739919373634293007174465614505534939105867268962484237775665284881325148020921474410055509816786932390140808095288052792843634521175250873282347942744787769750700719392639550672952567686444579 11267750651532420106681278671523197506134077914889784868278545530701602774607893155453896979760523286085326406235924859648480393190311044315797863606564613153402661952908358995140843874401300526874202630520584740673604186780643447591276495094816291886031009503037983196219455040905516419619324791845316117581925261866987511636363243584496035049824 -14811870582883767026945302343496529648675 1151
392953708085265486797442128925840270515119847334740086946164993477763512631002053154243772503773829137831834794763755558538460139435538524591802542617049798763316809113586139840903302495449127542161688699147092338112927234357263461173473074737139867305675491918051614090744583718441571292635243500547516265301139593809386602271779469040582905826011890840921980133525869518728813130410069470802113589304216612106114337358845406827334382240148530274531502312397396276613094787657697366710427329080938696134950082686779879257046189471722347867248483535256696727925231196187665423610506632054462327449643262425432063 10604801054125486769256541841859830530888432393527576384525572936063005808601954877781361904346102225241954712677313880300693656597818094828305856329079927766949554509838517041909688711946451317826310484326305355487496490356169424149375428330784472015666300016208561640423393275427918365781633284902877707519040106988063472168839904591864596894859 9631345912813924155264213022080039101026508851075442381586419756877046176517709120687415655748447688386372854263678652780330470121927761088849425592766794695150216090961954723270589271948346552420277478918838229036374026772086315818387444566930868636920374514488336695486194940633174535823927771460207940428685590856676759914821108818987725073676 -17412053589829628695675164598201226496515 1151
392953708085265486797442128925840270515119847334740086946164993477763512631002053154243772503773829137831834794763755558538460139435538524591802542617049798763316809113586139840903302495449127542161688699147092338112927234357263461173473074737139867305675491918051614090744583718441571292635243500547516265301139593809386602271779469040582905826011890840921980133525869518728813130410069470802113589304216612106114337358845406827334382240148530274531502312397396276613094787657697366710427329080938696134950082686779879257046189471722347867248483535256696727925231196187665423610506632054462327449643262425432063 2780064504677200366497794602767988538893787715146367305133139537785403008903168226071177707966531118709823576654688411952765917887380509380096505964137632928286977675827317785865986158450905130010499630982071427240390274754537890561251539520473772261335212153306965259383606785644785833174892940475209984667875250757406049411669922781032371624959 8519575950302653741553762373495471177995277839621991463724006104028937975071611519801275259944004660967566533924743995109464358174449931358503991584481951429055829161356607004648791049351658346209825944402312686711318649415593869401168097167543664059136579788502794070933950848294465004790347000379943560499557048648178519193511168833031043899628 -3465618528714888606333617608727650333097 1151
392953708085265486797442128925840270515119847334740086946164993477763512631002053154243772503773829137831834794763755558538460139435538524591802542617049798763316809113586139840903302495449127542161688699147092338112927234357263461173473074737139867305675491918051614090744583718441571292635243500547516265301139593809386602271779469040582905826011890840921980133525869518728813130410069470802113589304216612106114337358845406827334382240148530274531502312397396276613094787657697366710427329080938696134950082686779879257046189471722347867248483535256696727925231196187665423610506632054462327449643262425432063 11107948607638932870057695909898160850916564228029040181310055820374246707218733682545798560222646092095905001475067376857414303880963374007703906708060347341349898578340827341913065112432280027657725439206819982415088068129501481278615716780523026245526105522313910855879884653822124636126756508212434578122925323002179219055838018222723833731461 14520080015377311056543149433742739956841881935428808485706340063212768334812119245548488636510013873330086484800062058735229523171871735015494069917351439018340318080702516576037676086172511122934963648693643928369305003523957644498886953838415709346864862081630220859461303080076055148847829751986149334589850282295582876754171024650543101952912 3751485057242852580554963602631947413499 1151
392953708085265486797442128925840270515119847334740086946164993477763512631002053154243772503773829137831834794763755558538460139435538524591802542617049798763316809113586139840903302495449127542161688699147092338112927234357263461173473074737139867305675491918051614090744583718441571292635243500547516265301139593809386602271779469040582905826011890840921980133525869518728813130410069470802113589304216612106114337358845406827334382240148530274531502312397396276613094787657697366710427329080938696134950082686779879257046189471722347867248483535256696727925231196187665423610506632054462327449643262425432063 9460808975855215284417717679798606697019132553294005580227222509342807855516382008167851524257569301949178821202521847084366533956180076273524154444911026411485229811083029633093391050234590875229109047942144228523644352561054907209876238821280542987820383463437552043099848217226898389998449019031002521865271572767641631774252383136881607839719 13949611869543483295112789740596239216971738693166011005357553526839793111603539299868452727310532647052628429345992100158802297105855747715871847879626334328040974509466640755631258516989917376512812510585314915031074627492899336568149912087524027342515025052808536784133803166309125172758138855963403216102259783233102805180983835326264345836312 -3662580085593550289031388620521409483833 1151
392953708085265486797442128925840270515119847334740086946164993477763512631002053154243772503773829137831834794763755558538460139435538524591802542617049798763316809113586139840903302495449127542161688699147092338112927234357263461173473074737139867305675491918051614090744583718441571292635243500547516265301139593809386602271779469040582905826011890840921980133525869518728813130410069470802113589304216612106114337358845406827334382240148530274531502312397396276613094787657697366710427329080938696134950082686779879257046189471722347867248483535256696727925231196187665423610506632054462327449643262425432063 11445934554567156647779051625145640764299266555695808572223065994900980502030197566265173813342665199326179738341371701128398548142894938258178697279650860892570702459879811712623783173013236113074284060707305835339733675887050760638568093474229253881941946972993309582748529922682396854291014357095021017397851143481782927706490810638951861178859 8671123511592756140713150562229911905494229550840114276359163262530719442333844907733877976704595247897451513277487984916757150725606533270716295690798975818576893255102487914487432526814317324092117624225487933255954490987898759332046704629194683864229730459382240894696886130626141054321628805120717714640531990754458493999180575884521513757176 -19135673268224329026979062142547795625035 1151
392953708085265486797442128925840270515119847334740086946164993477763512631002053154243772503773829137831834794763755558538460139435538524591802542617049798763316809113586139840903302495449127542161688699147092338112927234357263461173473074737139867305675491918051614090744583718441571292635243500547516265301139593809386602271779469040582905826011890840921980133525869518728813130410069470802113589304216612106114337358845406827334382240148530274531502312397396276613094787657697366710427329080938696134950082686779879257046189471722347867248483535256696727925231196187665423610506632054462327449643262425432063 7073021377707372585346323313970805321608610464317390138416852906201744265996619415393114955843581498667287754450425956614325115447406127962063872827053066683287042112412969027726646137955589714001833261230003917087081316541294115569684755600368025686633268116109959647949990243778377566857994214876236430066825945016626165360197045176964197204667 3361161466548642607000290535132464679327968956155349596814557341601203116786787327096748603480606889823332428117756261841843460074640022229968486733408399932686559109942051007321265552751020598444318210251196067642097840164085308890346077396049293755874067599417525824122652684176641677033816280553950630139560683352389029253898426856449208628760 -19861467634602917906319679336695766434277 1151
392953708085265486797442128925840270515119847334740086946164993477763512631002053154243772503773829137831834794763755558538460139435538524591802542617049798763316809113586139840903302495449127542161688699147092338112927234357263461173473074737139867305675491918051614090744583718441571292635243500547516265301139593809386602271779469040582905826011890840921980133525869518728813130410069470802113589304216612106114337358845406827334382240148530274531502312397396276613094787657697366710427329080938696134950082686779879257046189471722347867248483535256696727925231196187665423610506632054462327449643262425432063 6160751435667792334293375749101549402849560574369537338317765687188140614578787680341919666181100813722300948015676250811016317660197824330534604419713230931240852010344996015727432211723540520069497308867526397045994735686855286460747014453291254181282530892520352498780864793988786658914258506623654004345260325326003082147559324148462636044547 10771421780092163731048453175414853195782357783295509100063311497434947260683710021309312336091281729294671851462416865133845723264718098047282872261131320597990323785577729203454859011693603171633452690145767324187630060185273580057243606491294321970130954298392944514891222152048575533173101725269572146141626529369206302203897329223251982743128 -9363921044585007992706547451125292206749 1151
392953708085265486797442128925840270515119847334740086946164993477763512631002053154243772503773829137831834794763755558538460139435538524591802542617049798763316809113586139840903302495449127542161688699147092338112927234357263461173473074737139867305675491918051614090744583718441571292635243500547516265301139593809386602271779469040582905826011890840921980133525869518728813130410069470802113589304216612106114337358845406827334382240148530274531502312397396276613094787657697366710427329080938696134950082686779879257046189471722347867248483535256696727925231196187665423610506632054462327449643262425432063 5058242671197033748303793550970975595868491736626091296732382972226281831618614886807258394515396426866635519030903058903232023468232856855197086535239980436922206783864510653253274172934413500788621512423474699298408212021403120821372577500794906230240688751457483605412512064728361097400926519519692881871789459334932609714899883213750107453089 8737593339889485594052606948825525504441514794610692054076544147284940912011162894439699891670065255681839937155620167769397071305618035370732141702005479531305569751324332322638507232466407292391037066330574381255577495101188313098188281965519678353473950425398359017053900955893432996607184162040979084368081762226864087974780747276334832931024 -11589578121735403329945229929763555075295 1151
392953708085265486797442128925840270515119847334740086946164993477763512631002053154243772503773829137831834794763755558538460139435538524591802542617049798763316809113586139840903302495449127542161688699147092338112927234357263461173473074737139867305675491918051614090744583718441571292635243500547516265301139593809386602271779469040582905826011890840921980133525869518728813130410069470802113589304216612106114337358845406827334382240148530274531502312397396276613094787657697366710427329080938696134950082686779879257046189471722347867248483535256696727925231196187665423610506632054462327449643262425432063 5952389080820950096063524559583438580313348167902216101138266755104518647318468627677625072197484448042157014726490609437769474389182149410064985109110319419799223844294818606323718802041233294838511430474541216737637818755856531950829123076198683915397270135373878236169592395983786664675036667861188539865328810108800257783314294223341847704697 8414579471005277477045881916326868965548256387612469557271010673621785864235122219243993139830404159746314873165106370165691646064185054592320190628351222462129088106619231444112508655270683729488121963002613498819249079542058579383896161386317729525618785254482229883211921732152868675860227825418345047448479751230835099859338630995878336044012 -13891033242893680930702989164877034426209 1151
392953708085265486797442128925840270515119847334740086946164993477763512631002053154243772503773829137831834794763755558538460139435538524591802542617049798763316809113586139840903302495449127542161688699147092338112927234357263461173473074737139867305675491918051614090744583718441571292635243500547516265301139593809386602271779469040582905826011890840921980133525869518728813130410069470802113589304216612106114337358845406827334382240148530274531502312397396276613094787657697366710427329080938696134950082686779879257046189471722347867248483535256696727925231196187665423610506632054462327449643262425432063 13367277849209501864853224270761506882674454305570187589693159227567636541389613969710711152242233156972573958411086821839508220153393851794357682398506720565127306647479872037552396324673341568939295216013427008949080066169709497529265799791269258613048979057320062501181360668267454565633887636536558013031823241218950553219797649994377882377761 1130675326662377480963069032295674590836101430041675348832922854618320211885434614314628852930404521938929152528677144152585715615643236712941807299230188382817919394464970651412541971934239251671746441717163817594383595630614115666620375740816070993799288937305086987260515725650627435504332589445369290974972679199671954530813700911697833343820 24134808511307753151826163696207993356983 1151
392953708085265486797442128925840270515119847334740086946164993477763512631002053154243772503773829137831834794763755558538460139435538524591802542617049798763316809113586139840903302495449127542161688699147092338112927234357263461173473074737139867305675491918051614090744583718441571292635243500547516265301139593809386602271779469040582905826011890840921980133525869518728813130410069470802113589304216612106114337358845406827334382240148530274531502312397396276613094787657697366710427329080938696134950082686779879257046189471722347867248483535256696727925231196187665423610506632054462327449643262425432063 10931069959456418079784531328601013755892915504938231981394354982432585656863834270951229941709417487440967627877135552999056938195652100443013378046865054944727955329218983152459252110964005623067186983684369694634928644976926298170393940459540444170823404191718036473553500063792524372462913832940940396232051253548913079985953496984744307767617 13087728540691877875548244986715487400218802173652951413382101704412542227503898947475556923554992671671062050071918557128465915352242039928288599492339296382797382246713816799734031648198595453857334361759995451770217871438689700594877350587907632711866510713240327392442612913650531190452024797962777244832064624458131754715752282526619641191728 10528973569356793666077663394992959328831 1151
392953708085265486797442128925840270515119847334740086946164993477763512631002053154243772503773829137831834794763755558538460139435538524591802542617049798763316809113586139840903302495449127542161688699147092338112927234357263461173473074737139867305675491918051614090744583718441571292635243500547516265301139593809386602271779469040582905826011890840921980133525869518728813130410069470802113589304216612106114337358845406827334382240148530274531502312397396276613094787657697366710427329080938696134950082686779879257046189471722347867248483535256696727925231196187665423610506632054462327449643262425432063 15033304682652644254086054573751073462638384407540068085329874156986254401672849760818436870558316584676614870635859664595251295473867397158390344572993982018291848152300711804483879117945622186228658941891393198443957732009817141577229207351538838800771410670489418890580537765965510094630394435921509576051110181354419687655033757426492158111073 6380748420309119997732566071933632986371396594055014229819375041733548701742113250618157992649795122431817948794958045097471600038906551434951119907442752503293286931609845236776739052615009720074063454907967142985098323997877257216100825177944140756916879062994211311205364662392251490952049365277977312001708582794392700346795777594252448385960 22167513215738693485851511907096947577215 1151
392953708085265486797442128925840270515119847334740086946164993477763512631002053154243772503773829137831834794763755558538460139435538524591802542617049798763316809113586139840903302495449127542161688699147092338112927234357263461173473074737139867305675491918051614090744583718441571292635243500547516265301139593809386602271779469040582905826011890840921980133525869518728813130410069470802113589304216612106114337358845406827334382240148530274531502312397396276613094787657697366710427329080938696134950082686779879257046189471722347867248483535256696727925231196187665423610506632054462327449643262425432063 6210840366705083769838270405284571980753730643675097902848327794366751761484925482395637723802329499963325273556159054455067924881756658568304212646450239404764374897797035983962343086627146494793128300528446569411318947592979249970981011401185478323768936262887688299359622059807128820066938974125264759565720977067190782007333595057088756804829 10184483157354410348701819899890905769966983270978497593694815754827638794430155955855015152001918950956050695966182997239799697685407900308096010917211286829018671777927257423197840052718032206803899051614300191602171082436486318923092261306498259029307712021061235348763577981865765386231088575332049655872892151911138402689915509187774965938932 11013889067686734001712658496581946896677 1151
392953708085265486797442128925840270515119847334740086946164993477763512631002053154243772503773829137831834794763755558538460139435538524591802542617049798763316809113586139840903302495449127542161688699147092338112927234357263461173473074737139867305675491918051614090744583718441571292635243500547516265301139593809386602271779469040582905826011890840921980133525869518728813130410069470802113589304216612106114337358845406827334382240148530274531502312397396276613094787657697366710427329080938696134950082686779879257046189471722347867248483535256696727925231196187665423610506632054462327449643262425432063 1848912690576719732212581605441651113991385343507267020000641495068329217165400164954524489540266390880564926539495609558801154754052905388306040375434674480346709109139993031424068253193310538465143811899330324415149939370691839593429254357351382489235371871641606770061101507254565871884991684050519477855776856031547927868392898272127122724023 2007291588062075292851523815603202365820966578105268633397634864784947224364054978221891910359987617703843691845037241719045709378965389093000643124142579408876355765536716759834972121325924131995276631827393349995230618989252999892252318492317918146379748634135839669067998429407312076418193852294069691599287781164671812590938480388983645166440 11178545572879383540780153698145384661655 1151
392953708085265486797442128925840270515119847334740086946164993477763512631002053154243772503773829137831834794763755558538460139435538524591802542617049798763316809113586139840903302495449127542161688699147092338112927234357263461173473074737139867305675491918051614090744583718441571292635243500547516265301139593809386602271779469040582905826011890840921980133525869518728813130410069470802113589304216612106114337358845406827334382240148530274531502312397396276613094787657697366710427329080938696134950082686779879257046189471722347867248483535256696727925231196187665423610506632054462327449643262425432063 13309464319436408934317256322392038541144138775105054100888928014309066355412458337999332498616174622329364651176075457530170195668003224060935575481112075208741988915773650085572008357947731567127445614021496141116223423028793526885284719096891849596747367713408162029099783436384008607792405940808972856770949708919156597024022527046790251296097 8383089683209961170520307685409079490152213858454123444919612572744814924535889544396296458236856034306708149741444000811240857574893941719986766885917396888916686349946454421356779839708195780601237311451912973357148465017973423339973565402742216116208196977947261913398565016378672930282305707383957463648526877132556035144978123090646253634720 -20157536778405252131720225270431062173537 1151
392953708085265486797442128925840270515119847334740086946164993477763512631002053154243772503773829137831834794763755558538460139435538524591802542617049798763316809113586139840903302495449127542161688699147092338112927234357263461173473074737139867305675491918051614090744583718441571292635243500547516265301139593809386602271779469040582905826011890840921980133525869518728813130410069470802113589304216612106114337358845406827334382240148530274531502312397396276613094787657697366710427329080938696134950082686779879257046189471722347867248483535256696727925231196187665423610506632054462327449643262425432063 301579323097297336648766955603713718824058376900851330962901749208235475869725528878504972138062594481091903477952723580760346098131688836293007087633615931728028992606385100984389568303266136243311747771766641768580427268075208065331335671137940018894245061682898345994077822906088466393617104614159174349218080594063068276874331475381042277722817693890430367711562272151524366297687327337196000575798812405177299417534773327680378162379212324700156671492888808630504843103007567894665552286059083294484156182518450824463743650110839093899428605058786927720885787013016564568271581376550832010847222126834979 431445833011086629804137052053028435542439826812268147983679693307249412024306385540778018872168912102216700156039385445825599503976328101049907713354566587385435608536374732452334191071799050908751421365146020334087273196726176076987005698808650563777507272479791611725410774327995843037561095713631036444885216390196624005158860261162706503798371392100823413680428276760513499488768998565732144882941053097896114118250320279026652163252556347943302707193827932529978515631813168582217776156728827691680742271340719487237000874051805352162469813652498835502520281413963265366765860768643021448214832415167312 184401996093649416805661064753860040615170323347801145645427987606727944671322533881607169273206656223204830720463484264010342477444502676618218304626835808264164537629242393404189537473222637816422268460025044492702119869750770721913114242973735259817350298656886448179670989150876264888699451862003363 2023
392953708085265486797442128925840270515119847334740086946164993477763512631002053154243772503773829137831834794763755558538460139435538524591802542617049798763316809113586139840903302495449127542161688699147092338112927234357263461173473074737139867305675491918051614090744583718441571292635243500547516265301139593809386602271779469040582905826011890840921980133525869518728813130410069470802113589304216612106114337358845406827334382240148530274531502312397396276613094787657697366710427329080938696134950082686779879257046189471722347867248483535256696727925231196187665423610506632054462327449643262425432063 242652385817088690775453167182797320421041975799945068836074920345223445768664730157730753701387934912089116460202439625469230471120554704134410413613398206951891546728573948126554143084664812390112915919447146557646231532006471828217089228377095694429112216540827411526203687323273075136806729619167812110073368756046977665759587942807250842757040366651359560585418186966827509483592995524966525836025830526531066985245026924822039641295046471363346017260389465363401584087727236944824156080890193058404062288708902882418120766083723890899755699470054147521348070636842463005416972996278679655816434741750019 354250110596130108549210179151431769341108795583737184950630884864939056304278453705833308272755154752886831600584477539861595645844412320367396394078583757880512802738957234856898405896692750905266852831060429001852212690838844673863366315909597729775388734298258211679453185845492559336310927042155788745674948892251435695046607682678952248200670232237724656627949359919671330723124834860924252369628886023167781228714250029444200346658589116863318271754474597496023544658844357215097727516744248998575136402579659756882438982381176664265773831327702235210849759014217914185936563860704815094171204942165996 354312942713834068173416538781266604494272495670177934387816677664336347094495630562282295643285085852040759869902620682018044249663890788074438549161194216712068728039347614528999561840529162249662296314684727715286478765190458812553987330400422504335149340788454696494811309681825426200251794792640315 2023
392953708085265486797442128925840270515119847334740086946164993477763512631002053154243772503773829137831834794763755558538460139435538524591802542617049798763316809113586139840903302495449127542161688699147092338112927234357263461173473074737139867305675491918051614090744583718441571292635243500547516265301139593809386602271779469040582905826011890840921980133525869518728813130410069470802113589304216612106114337358845406827334382240148530274531502312397396276613094787657697366710427329080938696134950082686779879257046189471722347867248483535256696727925231196187665423610506632054462327449643262425432063 19582667586996099726101946041467263491797406118348152355510229556553329077512280582877696567869892935497809373210587113602517431192081611726118428500822205613670182009759130837787715758459828999035229904590123737930188120524252326640661702679518858638890251180252755986021092025724184101704733351067496529372180999786997899912368728171626750530860787608419329194757328338480118551470123154674039521819454499068639276599430727054331511967615670963100154742690804036279016506235702590980596999926786213444777178667427407047779641455820560302084335139611001317696726247813341580565176793449201704066518039806511 130837058569406969945131470741527267989679298959280097679416423526976273643044678099569569485706005510837317454020094667561383117820029033813629738042068729482320845383573802498160511412058040540171373930106205155002240391869773041684698944203880982942872698392131495527654099896081835466274750472718253943524491193962643389967269863067389312336129574794288943799231409034458710335605078407023713106751812190224491985124708377214560539510366919672306815950510530544020374275008785853155684623198797519036680725972941220422229380016287458820743035146619696687018999877948556782330168971465937640663703722955048 -58801386626313463677443230409810553184700180634892059971331249324921614107739740909026371936942983062804584517136970122829616799474704696308350817113942280696805404713993428097398814895225388343400779610746823387508581236580020466920626014567926954901609212967392224940175232171599407880308043550072049 2023
392953708085265486797442128925840270515119847334740086946164993477763512631002053154243772503773829137831834794763755558538460139435538524591802542617049798763316809113586139840903302495449127542161688699147092338112927234357263461173473074737139867305675491918051614090744583718441571292635243500547516265301139593809386602271779469040582905826011890840921980133525869518728813130410069470802113589304216612106114337358845406827334382240148530274531502312397396276613094787657697366710427329080938696134950082686779879257046189471722347867248483535256696727925231196187665423610506632054462327449643262425432063 162417285711700305422841598708596466958014615621514133966515212286197937388108330206269347305703828655358912865478925600762262825213007457853350226264772335025254054480613882362227648272829223811652851751107959391784536340284993208848604303261093502716783225506495799071470239986673751760695958923750987721922103845979927031937844596796565884392984516979457609179703379001569093006567164943542542248640628764341982322711639813908713617644384871421008360469822194103048104899005341877659036547932296525459262670535634084911354586526222168289475436268236611805021541516036294857780911318356964300803979598014249 260402699620500801985031766323924383583616072734017140216869015294615783564313551470178300233214576498540224606328966090144318704853643143722234736013661724132838888919610410077676388898395227093868713046593995665144125834796591949894470696671942800921845781769283900144893630071600580059005313139457078840775461078999987363571403230215635828164289834890750057674549010611415529433118178967220881851475087000872109164738744683434948826630553031674563021124202055315936038803498101858339136448394359786914511141249949713540346747765958423267921785590736965408968556199296009337496927788965180573920748680955768 397978432854433607187291183095407254029470380101822924906555466797938327127035015634500369902727042773653121711454327630232746422195850632269028768517572463599091252350646637414495321254436484526891799530057890629004486463852761089999248332339243568809160191060896787646146297047602677360930969935559753 2023
392953708085265486797442128925840270515119847334740086946164993477763512631002053154243772503773829137831834794763755558538460139435538524591802542617049798763316809113586139840903302495449127542161688699147092338112927234357263461173473074737139867305675491918051614090744583718441571292635243500547516265301139593809386602271779469040582905826011890840921980133525869518728813130410069470802113589304216612106114337358845406827334382240148530274531502312397396276613094787657697366710427329080938696134950082686779879257046189471722347867248483535256696727925231196187665423610506632054462327449643262425432063 156709312363588421645275446220908665962421928914563472783701716021166246834371024233597473315050549071894421111205688298545391334810285167758939275204672259328951982281570425206409751668119088812310722094610038641007110795769864615545679344026452161902100602701612244261772005746189858455102560413437194845034689442636058615393565241118344752124962322956575986726053082611729081178017963072779378829898255588171712580642291008091503997872458057517069642155916398832337077387788843593068039441300264137155567974267168855165249826347937576268520350389917440185831222084728966603255275169718344781616534652213169 110159249892374298169627842633752611489639881879460045724034955057288189037090833593583949628091269374819426590802558209089396138001009696708252316994938463856568487181558050586012260036722798497216482145941482859431344548146594832086120389725461843464321153596862191981569585684806697907213244209887339464766940538144920733550183004914406670165460242802615186622039012007638782335096918662717456148632724221871914681619311338877122406852924929164502079867580139350406959190000455867212020498419658870224354781120793124989988817637082650633639504347485476489767942460597641216540625385346546350728212791206868 -539179352541735196874176746686180107509015173025842985304139149858774075297521878061116809953100004768343838094076895961038583429365519813106930654116192287992232151582054793048622164468709741791579350260005372777830254565150703738918799657953784737391276008054134211986069945196734005010026169469911847 2023
392953708085265486797442128925840270515119847334740086946164993477763512631002053154243772503773829137831834794763755558538460139435538524591802542617049798763316809113586139840903302495449127542161688699147092338112927234357263461173473074737139867305675491918051614090744583718441571292635243500547516265301139593809386602271779469040582905826011890840921980133525869518728813130410069470802113589304216612106114337358845406827334382240148530274531502312397396276613094787657697366710427329080938696134950082686779879257046189471722347867248483535256696727925231196187665423610506632054462327449643262425432063 43908925637234588379971143085585786840324884520031561618023496977311863142474731207805506201456091901413354957596747779142871927143980433387980314031590852106126835408775114175927647851848677362955522932668117248911094167330155578832103576170169060739231832991077477709548496437786159211801623806815659912425680681951357945520783973012392681839349621711024673605705629435527711120256189588719409593558017661254529401406116265466548947712742872866320887078269337150916611787372898949617591618575879025723634804958381644296172370151354370751577464764423957395119848084180992115994668906798365108193800401994299 90264464747713153980622831370771381955619894779507737572800535728157485518112639965255278245903511861540061258962602149065877363962114358305423945845952934341502916849008197705889573916020426323759213850661674128236800455536637730602856588132982717533476343210793676125235190398605905811028523943450787762821836779217469105155772007172790866643669555719175399447348178021411655578260136164553496883746872181883281069298566379973226964253668799603883467009038005766970600727512274712241299552104562110200024136210336547095553670588984700702392402559306664244323799143768925185897001330443421984889697960290608 -286319865035101901797264340070830302375937221143311222049711879242544196063841716690566508271713489879609592126428165987636163044278395619051390877833703084762553546748047156681993319343867617005094449355568417529596979514698356708637905051127850535894853226503976680162704255843765658964663332053563323 2023
392953708085265486797442128925840270515119847334740086946164993477763512631002053154243772503773829137831834794763755558538460139435538524591802542617049798763316809113586139840903302495449127542161688699147092338112927234357263461173473074737139867305675491918051614090744583718441571292635243500547516265301139593809386602271779469040582905826011890840921980133525869518728813130410069470802113589304216612106114337358845406827334382240148530274531502312397396276613094787657697366710427329080938696134950082686779879257046189471722347867248483535256696727925231196187665423610506632054462327449643262425432063 442641659684680307728244326534921764551270955506497464871299394558875607783124303928976632559012694645643085743201539534886501616063997931288512168127213490082280168677381602009719696959042257750838116502713737344045434465255964873268835822262451947478030041531641892103503284433784353535700170688558692078868981398889329646215689541927849260425154933635279964390627845655284385218677530615317616277105762866067087002974427302249711452266752396456054262441547074596327453108516145898972111733435126802845422968045647098356180544142304320829432112583703960022865728935987240911615434833548661647821192403281881 256324266443493720272454044984765541778679174102441438308359401516946987782914520941981993883538932264621628369500396916994155066738821384781227980312749455945490343287888408724171757215644002938280358677427767561298710671740867377291646548613379495918882439133295293172745611003205363687315808638238461065370644646803999707024403916076490018891091155802168287808629065965214709302530783658374074354086326753131385946015209580283794456132327778497397890519721035868095402449495488485449224232028439262568488952359295340672682027904363548222090863716529218993044025975093998270190521245232473224343082914568260 -647373788441476480413195909266736841235339755553539516990304254140611624513714802530965097486249831908736586393017441097189726602845960126351031941958113782979495112620502212883327232423851886997998319739179468474164657770400447045538930170163541343890685528131122756612656835154558960025757592020718593 2023
392953708085265486797442128925840270515119847334740086946164993477763512631002053154243772503773829137831834794763755558538460139435538524591802542617049798763316809113586139840903302495449127542161688699147092338112927234357263461173473074737139867305675491918051614090744583718441571292635243500547516265301139593809386602271779469040582905826011890840921980133525869518728813130410069470802113589304216612106114337358845406827334382240148530274531502312397396276613094787657697366710427329080938696134950082686779879257046189471722347867248483535256696727925231196187665423610506632054462327449643262425432063 346208369031026754421108099503808292549733706210522706821358326728314575542975650274563405793647065344118938197546967915406546250905698897834313647619414066076204319669346500495391830451303844605846814143047119566247744572651821163945830641793048960932785032263714046185848851996356896678372430263066210470049896524815005063418128502085492229464328815625615832120948461314633911282204718310799733329061166835870411329972599620733943174977782488493558353416243761816960407286002578079397218002177064768050856157829998997482094214075011739167646255421327653207165353535549519332978685772590993197543354325847489 122801184085635834901721612989445462097939806865898586736180853753070625694210603631128677076930597970451480536192363482174437293384525866016093404031113103168466196906017297192158239682517486059697262676982964706744667487834072990466405809976882581210731718424011351832926567882531012299834473302175593671294774472666950248376730027057107131297029498735918893502443475924193863805192134661422842119612030538397089406393316439370931171362063018367665024471949024775456475972525490502330346570210886703823917943681847656187740539082637096600410732984137337965573257828237911480093915383719818068654819558376532 710738887142560632629277839737567213466048446081663503433378524110657633800733124941545559620285384687707385776390270754517088541356003892661614230056334946319223120012464583234971613261682657067376091909989173236244486109881003488750121028842082801542587149278730199039816756167924034790055153161015703 2023
392953708085265486797442128925840270515119847334740086946164993477763512631002053154243772503773829137831834794763755558538460139435538524591802542617049798763316809113586139840903302495449127542161688699147092338112927234357263461173473074737139867305675491918051614090744583718441571292635243500547516265301139593809386602271779469040582905826011890840921980133525869518728813130410069470802113589304216612106114337358845406827334382240148530274531502312397396276613094787657697366710427329080938696134950082686779879257046189471722347867248483535256696727925231196187665423610506632054462327449643262425432063 317938262654879356556547586153299925618779974855497096324335866467686220766959154962328917408245116736425482115008140326495210845616524111352718727121073077794378620141889832654063316661967482411228094452056393332469747090508728336801680350575859507039043416957972976560775824741524234128043273805048602763896329471436589842316033284591364469338070900580235594587662827556911743767991311578823323677247587357743947328664332857771243860967221071877381623788436702054779400047383027167816857251596827145764573369861812263050598854209998167417714750422383135072172474372430944059998312759750034272528752365378079 346665216038428594978024802744062665815137165646710498053890822577117590738276189632751135990371620020396267191314998231896845704617192639189244950417365148860519224923916151035615809344190520963008073038212184787086923005898709437252595100951570944967833103615479672045443495677127354715038554580458717006497831532484232078528764001915823966651620207067925765842799532455352432046986429758768623112931742661501419112861395070534966708704705053828610362056006868034896151549011209405853378828992999056788521748655868238904691870394842408664437201011619234362972872175346777951401676906516947288255419123890796 464959927011662008567422305712372427351418977746265966830683665049063035248216936944899317480591666144208856805648073758670782929640877331457320828097876461849363076533367358657108792901791560358851781131876440390238032632822375080250836824353151055854617200340218242518182579011202642936897294765654665 2023
392953708085265486797442128925840270515119847334740086946164993477763512631002053154243772503773829137831834794763755558538460139435538524591802542617049798763316809113586139840903302495449127542161688699147092338112927234357263461173473074737139867305675491918051614090744583718441571292635243500547516265301139593809386602271779469040582905826011890840921980133525869518728813130410069470802113589304216612106114337358845406827334382240148530274531502312397396276613094787657697366710427329080938696134950082686779879257046189471722347867248483535256696727925231196187665423610506632054462327449643262425432063 479182466662058468547059430703299926196333293838839922001203824979122825739500496932385683091331869385201683276427592648671260843314360168251153041021555036183772564973176789348029134729553999312593992149471341777354369766914256614168729471936364937006114104080377406065879671670062598762657082075765085521359400343672275135265864506046479166653638860813335412189819180453219041115494057077648218450735757936951070299275257712853496295454998450128929715670966865363935272144164328703779941454911487025472068663721235497155997118879057025500707601336107415415363699285602024296517125949601186036426816731033627 42244095174988177921886153068374133274177151203189059280080411231088187186699337769320878059437294388900537225653435470967023620751172956137880558124188822490558078214114940286779930794446534718923713321155275461890014797414177538712745961588571188080953646694072026338439361636368298453790951331852903402810280000576461194389079716695145537222086739425596231926118161574563468787270586525515369681339722308425747787704221965832475689302242147941530702185655066432129308920800479636682286462076469033610933129743232686618480587853400218789764028905666410127830625387857225317143462842258001371616034717538820 -765240077999421014230488260102703950554334675986354919405834986935916145944271442163477137964154513711257841906665293155520783364979003722703996247971029492887519485316528597198404915503851734092696332501883111338268635982160456334589437798425653395727970852093177070598556540027598819321073795684080557 2023
392953708085265486797442128925840270515119847334740086946164993477763512631002053154243772503773829137831834794763755558538460139435538524591802542617049798763316809113586139840903302495449127542161688699147092338112927234357263461173473074737139867305675491918051614090744583718441571292635243500547516265301139593809386602271779469040582905826011890840921980133525869518728813130410069470802113589304216612106114337358845406827334382240148530274531502312397396276613094787657697366710427329080938696134950082686779879257046189471722347867248483535256696727925231196187665423610506632054462327449643262425432063 417839998000592189942122345161638039306018604768562768982655881939109112595741524088350728788661496747060631341549922066472167224945717715913845306463764427355671030569701334477943380333111569025059807937785950256178212284658673574966101910893619541962733284234504829064209032599734064297800404589718867281751937781167724533110698765099082088740616078389648840381410873535942443440002957368593511684956894813082251729443418337599285873166295835723450517692525904160690664926775664341309045239568125170617749112551049063414511613346676693020899851088302756462094510974288741720421001592181129608867070628640521 129926254138469850977786250416492016321251532747340104049111562478794957033857564956653330171952277866234547348825703843682005925169790821734552566065164617083683733301009248292157716203298383579442718659220525916515097011678492223663634121863757471415610181324521667242897823921098012359962041801452310249200528895881862050983807279780315321896835765901019661033056809215557741257583042793475519396544663802332761205436182523026476563384563090612148654802044323473365026738330424934393972685730590824080359914426422688423875704254001550695088367015632080858425235291932883958015510143742131094933217346753600 732704880501119864057580265494119754335133249333989344988774918400285135396517552938031030964685119723249153949303825326963107224082648717000530939940979789410790970368310999167878880287544176977858630336011988087276611186515887955995183889254678961356978039467882550000253332747041252116483394863595273 2023
392953708085265486797442128925840270515119847334740086946164993477763512631002053154243772503773829137831834794763755558538460139435538524591802542617049798763316809113586139840903302495449127542161688699147092338112927234357263461173473074737139867305675491918051614090744583718441571292635243500547516265301139593809386602271779469040582905826011890840921980133525869518728813130410069470802113589304216612106114337358845406827334382240148530274531502312397396276613094787657697366710427329080938696134950082686779879257046189471722347867248483535256696727925231196187665423610506632054462327449643262425432063 428591826559376676924790983004564954533193940609147546145556725134236202135236334528029449906381142859892835044857661800678368296927808494414744304613747445533546486736917552439868165457210539830299348458306280773156876101952145076455349000089037661830449074533428850386823106478468344851607300632624763168557180360425640974835258821825089372892734218578526255717900777700981240333537464881245007768863497891160229061420972103064571507941285880794896691818249337115549765036004985387528650173561967471605616485954490307213801532411411245125402793210342741980419080517725671409626216469074968451827429047921757 77187816459397076382662601332660766011461311499592453478890793876298832819583860777603849194566586822262454608523660376864355001022561042717795559351956565099279528032024786773487934472789321655453684697575386754559412894624488358004901159297019002462523450562590921645045600770885034586902754079874074818355733238343127615466205472227102557358090385013249201273393090261050358803512662800832786223050979876153913692505066796290391192833046976574702550487485606153806038504574410124441459205509369055660050829892181259647774167586798000719090225356432402088892656537812145294641829954729691441911222059336492 753555642372265645414148374704721783890710530106138159227436011871202085225064873475188527457495481772182236520030629673402403586931001530666418782142610483641784283979779875632284320080911359861779312724803349782928099502253299916453250530661445113665598165858286055450199036692077499087050860754310619 2023
392953708085265486797442128925840270515119847334740086946164993477763512631002053154243772503773829137831834794763755558538460139435538524591802542617049798763316809113586139840903302495449127542161688699147092338112927234357263461173473074737139867305675491918051614090744583718441571292635243500547516265301139593809386602271779469040582905826011890840921980133525869518728813130410069470802113589304216612106114337358845406827334382240148530274531502312397396276613094787657697366710427329080938696134950082686779879257046189471722347867248483535256696727925231196187665423610506632054462327449643262425432063 342777005854281822672156490771848696259772938377667361206621613879145074952407662081211940105748363683336974835531051987970197582534983795543414991041566576557921076200042348335514154583041580473240573918493977937972762125808779087342566903221581249612514343769200853273452784003093176398560562402559076449949698106594569654542691595234005310570150896043274942839832409119041359760325059277941136694681716102286701411126505140769277307553977704121272566855926654018900562099560593499172517288830636934305529920954515705476199161987598690289420128431799137825738647521051760926688056598238428450672212856377517 357359167254572154038676357102205477861252135187949985075101524564870881452910708600437049560201559418538150910553020951769747555159239168401232074124706063892082879724025254634551812164651671846699800439004973900709867974933426548385145129615398363253516302561491801531550867760825163296290847488801792038839783613609862588803998056391182899581138893550655235639537031355130873135647523118545035356527567800606610250912325653134618878892081357531070251411861228121893368745503845714852955989186299954967097857484517062328494523138386919638510759265565858298640271955784853286412580978212477801991519638387832 -464912298236187354438629136263698792756810376535507838594986074177103370804655354614337299554268867015810329773982090937756148441046017437023269821852034744377329635599918524799630000519772516350157216818843899208893506761247427235869744218734362909985353195496673334704762147268785571676695375574640461 2023
392953708085265486797442128925840270515119847334740086946164993477763512631002053154243772503773829137831834794763755558538460139435538524591802542617049798763316809113586139840903302495449127542161688699147092338112927234357263461173473074737139867305675491918051614090744583718441571292635243500547516265301139593809386602271779469040582905826011890840921980133525869518728813130410069470802113589304216612106114337358845406827334382240148530274531502312397396276613094787657697366710427329080938696134950082686779879257046189471722347867248483535256696727925231196187665423610506632054462327449643262425432063 225589588014080028842187239064635527527317878374147653533974249681223333949034833114358169415293222111194429349554458988921104643795785325380469102196389049231936678240750620562766423316912848811435238571071405440454714523918266625747615443442826148095180277347753886467119599883415383091892357096617969297571005810970637093043923236532849249175798401528169594664725245757278166161992854272867061872472397307489493380353333660249053048656440543326434755992566145672276940626491916806522181693033461743695122147137712121983800272775912331274377622981722936956325630079667758838632318283167927444326437738457781 407896470910829289696171184153591278683237570341171472301017766590920239043134017275914848362041696040954442537628474754496569478501953838982588190788304976683093148491952266734770278074266859245383322070504085916601365138778003377514316053354364473230956053902973958706575017799306634485425827719944670782739460985788354369179278217227726482782182917011972437152878627578005114482939272511205006117217603426932906121891480121734775688355212026784320852581618865241404389839180782702266082781700600895516293799413286256325968506943178437011465925010200007303960853330033038271198481433954793025163761747307892 -404937390499700987126826099219875127134983287165536641862413935065154760453520323657177054601395649247319338799689188184701525632132523709376873102868269450436250636007224627986389027437695854568269997468920790641645569021479555699557607883621412919857988549391554855842737225196641123160981947900611 2023
392953708085265486797442128925840270515119847334740086946164993477763512631002053154243772503773829137831834794763755558538460139435538524591802542617049798763316809113586139840903302495449127542161688699147092338112927234357263461173473074737139867305675491918051614090744583718441571292635243500547516265301139593809386602271779469040582905826011890840921980133525869518728813130410069470802113589304216612106114337358845406827334382240148530274531502312397396276613094787657697366710427329080938696134950082686779879257046189471722347867248483535256696727925231196187665423610506632054462327449643262425432063 59799488146495129418060144460790029850018857319873356377799240232088971994164296438713399556737641069902582180763604286218932144149815144179723479910569523631470672869700183286839605605740439651220573002291505165797594180915851147435093623419416288882412858497929732198139036719952735556389810918487803135917494178908907030171330154001721600798047925697540290119162593389998774738531924642790658293679523506349428660185395827572310464276914171214746897017664035049286855073996264707703052911494880432844204214051009217856303028398073129136829160578285463654261268294571873473371920604767689666179054327456651 231793149387164950951340671649872878484822282394053456588664229877114544306852279236944421179506368628297645543093412923783068776130064005500922608702947774643113336392284213272818655802825745605229103108262847123222314189160733373386280024185652875880734965945444134250007385515147076283594340321023914570001274599241482770087218325438630541072244157183004956200122097770320797103054504679933315313890258798733215051906220912847818859140616648648103994083767336246735701429501642201026123127135577318628476078265552287597242766583262979950588819369558189332284100814573435595632014318870271803400025005157728 -27173177738229711996754622878133559553046641058391335163740489261177067535726550271599722771504100845303486271759633390157145471391650044747887872045711359706504641646660909573028464129690443219101162267249703548216771861103564998360286275372422859225911427110367570780148236670855291606270621718870411 2023
392953708085265486797442128925840270515119847334740086946164993477763512631002053154243772503773829137831834794763755558538460139435538524591802542617049798763316809113586139840903302495449127542161688699147092338112927234357263461173473074737139867305675491918051614090744583718441571292635243500547516265301139593809386602271779469040582905826011890840921980133525869518728813130410069470802113589304216612106114337358845406827334382240148530274531502312397396276613094787657697366710427329080938696134950082686779879257046189471722347867248483535256696727925231196187665423610506632054462327449643262425432063 150104078893425820696452121503065386255103894699942410461977595970662288192526663189369677386516857247677191439816744930166943556193232869316680776975459420743708210756943886534037652419748297296554341148630412436803743894946384243085267009299903194764181466737217814235026493463204734047807072301012765122733520317638421300987813924933822590453885398292400310365859723861853287441413675273176374259271404643503927452587396873839945790346123611260378518859602125726839096514866849772774733076921866653582337219088004405541703957356630903640971218985413016104957419703662912406553439283732650464033898845261521 289266448229642625915150405955731795635900362230482758624939581319497139584672739892950789101327870367240526392254619221862724832179901077136738040975932193797701676273310267984014891161367905182332857912099492107360805273622962685152322257439845991726782634238938464249685855176545227383899184677083260281962110241062271410329016569682945518440696770875066279789724517232176987336465386690373409435143504435119058972436280470898568566091194037672143528572183311459714772989249489934783052194736403466223068884334862565138607687953653151391881051719250582711990278907674505612732983641468657617439664595045740 312450392495433586895814446828987538832411434895289543614222701137982216267324149326470920965765450369327812978831759443428661104754155771838708754987080677241027964046935709008472612032985781477287513334773019678956765622567107126786326737571415421673603643167314979592393271895876929519928843809634823 2023
392953708085265486797442128925840270515119847334740086946164993477763512631002053154243772503773829137831834794763755558538460139435538524591802542617049798763316809113586139840903302495449127542161688699147092338112927234357263461173473074737139867305675491918051614090744583718441571292635243500547516265301139593809386602271779469040582905826011890840921980133525869518728813130410069470802113589304216612106114337358845406827334382240148530274531502312397396276613094787657697366710427329080938696134950082686779879257046189471722347867248483535256696727925231196187665423610506632054462327449643262425432063 124988191974078015218157598281316506485729410934723484273831141765773002532466873566866255780710082569973583126892082017239842354102291717638637007801819534857091634781646253505271038633813895423575602095861315104114564086014699270768054641042746317006609699251531766667899167704727477498677234745369442851683707263991591121119650252859586088039941409821244725827883826465426751521623716693133780278857916759699030696612140515097656142616979612603139533750294994684499877567661202620951852313632727792394096609251540867452798192111074697053094481974682609463684151216191331177759460809123225458171824836705991 118864511925336504995973136321602145655019575126810108650888016067464179186637042078488670981722525285169153067932828345995854848424784015008693974250985201316396578113157176034233806378586801971305530070278966513903751763595023372396958805296499562378215453227038160629886752149326277391426933184547680710226547831452470450624949570039761356751723618412563039768707312143283398802799831645356063134074155529395913623017322838274055229284913430347442741608654896527256748594316764297187997810752920494763808043804474992642793981350352742637855756446485151462721637963380438810815799322204695810229275423744088 -480242497940774104449693384246454246313522006446987647799094431877140704815587723847947818599253532897182489126165594583589228343982828442832751488742348028670323174400786241207260688410765629713007278845197059611850820059391140618934337014128961320088632429548538700097740896707047002001110363746773159 2023
392953708085265486797442128925840270515119847334740086946164993477763512631002053154243772503773829137831834794763755558538460139435538524591802542617049798763316809113586139840903302495449127542161688699147092338112927234357263461173473074737139867305675491918051614090744583718441571292635243500547516265301139593809386602271779469040582905826011890840921980133525869518728813130410069470802113589304216612106114337358845406827334382240148530274531502312397396276613094787657697366710427329080938696134950082686779879257046189471722347867248483535256696727925231196187665423610506632054462327449643262425432063 58057874910706255696248240336148406127337679854422670855611918991291642997550950009862958383083130463611853015938398628684488737709884309960591526942504535233721840355517850493624521488134180003570099498978058070682483689806082686852344034191282166742485955948100220967905854395286593621633097499269685241202873669083208395867711175906430584599692880901723847449223384999994736541624492553291034320857773660747576904969881880394845420421424861101756573780019580716604286862412175042338618588547086390150705178946993074095049984990398076829702807850630772105286888059729961806111491558241602062545157760265119 153414674516157226573576754416073337204824041052645525339681228400438150648440937926372850626730005773307362152349692449401289605599146331785917174014981586078085410878522084673491436234572957166207529146001927891301716498251450189518497383575298403247998587867332458038423057377790898712341265979705441122310364861904891001508561839609589467760445375058783936517078685860837226537366886874222243034844091019453575968295862975428027289078249631699003803745229308755095910188945338605514176311876567726697614116040241065181670842987709135854692857306029919530779775634975675716232235158090823573077810843485452 -271708594772916664346098392235609246541173978893541435945598460085732786414994237381188266369945843518267981730588576489524906750801711986221550573700558219890620937065802093240264492038875875159980769704176906506473153927983261046756093164404564159810785938387314636255131845099371443894000092448427657 2023
392953708085265486797442128925840270515119847334740086946164993477763512631002053154243772503773829137831834794763755558538460139435538524591802542617049798763316809113586139840903302495449127542161688699147092338112927234357263461173473074737139867305675491918051614090744583718441571292635243500547516265301139593809386602271779469040582905826011890840921980133525869518728813130410069470802113589304216612106114337358845406827334382240148530274531502312397396276613094787657697366710427329080938696134950082686779879257046189471722347867248483535256696727925231196187665423610506632054462327449643262425432063 382216412962241642186584909194393923350118470214878174350973522824716666095613965392315718237224535071378827337864359196788685990408556992052709048632764477110428665388809703326797235038841965349181557599482699012764166294792705843209323607640795521659674889128295422168277263816988121594604722885210336314097125366792277095627074930882704874770917591340300429089053223434116681877703347141544678076897831254037019401499017134456044812584305541130216031651681944565216708183259251947153863368528289930196010994577072507795559601993292216920512115583724116383854809365953621311142334762577622634911675330001311 101860000805940141614468810545499908960629615333050360752471063374356728051441148178460708697717875578874768490459711696045084965359503266926734858010015319285240152730765998156129271389143199636363699958374833920421777269224453532971609845436086036590917905187567941246236650953355414473888411382411153930837210548235015488062198230892723814170921701681205215019463524090715915970338989827457783615708773314868669939170062577675189133542290681028470307957609654877974489623529595585351140569472338861852676870254058152916777782112776212665070434299081795664831237927029774772167294913345280653006911857103640 -733913246032580762821855353928947479629432386625280658541871046654765195627927782966030871653332981940004738675862071692467680212658766459712798845038644955055491099720037052072482924750632356206676782029831892343382529926141815695479841696130723876389361437128017480511782900725512468286959174696926847 2023
392953708085265486797442128925840270515119847334740086946164993477763512631002053154243772503773829137831834794763755558538460139435538524591802542617049798763316809113586139840903302495449127542161688699147092338112927234357263461173473074737139867305675491918051614090744583718441571292635243500547516265301139593809386602271779469040582905826011890840921980133525869518728813130410069470802113589304216612106114337358845406827334382240148530274531502312397396276613094787657697366710427329080938696134950082686779879257046189471722347867248483535256696727925231196187665423610506632054462327449643262425432063 149499124239061599700796777141003239807500387250415618302147019064684981973332588177546434746013597323088241965549043447407197751883508862402629931742541193013408814579209198288492379848594529229458397701041420272098675233478568887840640461978541306961504001521794871558209337332479762742585300230179990978930955236053391383396543900561540249641437205960314835194807626300766813723439213367153966558299219676074183439309691422710614089584538903384022986107473488121756295230753632886257438588319289529523546121275483624598683198768200397234778601018229914901160023406946685723730574425654874423321613144986087 238292949422846925767564640903025978255942567202419734245169616154592388086826485438896799447365770564923766108661974620545971123949983480397191406376040054253739563511886084148610501669559542466782435316163335799989691007878983063517954535781017309226614031647451663883608257904959751847423494182648271881077530972643525628097078985374376164813014435340307280886671924574805703842851225563693293989200666544349291546680495749460972647106181911440981768662009403585060878725874060423775883488854335806003669337195117058506410284843553765664964724137925178701479558227871345131808982603897636947365534332706908 406248876104601143482284448857997891080858416425934304039725537986188546994601243984277338948141857285598908853900994207659215617421055872923825378614066829672314593825569163643467561271604689380520123167916243741652930694030640508203484272628510795134732035651768642806112899854207606160654346616027199 2023
392953708085265486797442128925840270515119847334740086946164993477763512631002053154243772503773829137831834794763755558538460139435538524591802542617049798763316809113586139840903302495449127542161688699147092338112927234357263461173473074737139867305675491918051614090744583718441571292635243500547516265301139593809386602271779469040582905826011890840921980133525869518728813130410069470802113589304216612106114337358845406827334382240148530274531502312397396276613094787657697366710427329080938696134950082686779879257046189471722347867248483535256696727925231196187665423610506632054462327449643262425432063 78389213934820808788224993872230329274777223782222571223602108419798831247394244906283934625836680984487461268573934668378923184162318601421398091064502063280328554116280270986874795456830642646606740817301574510213869079483431515050926316022315400405050620466942172367823733414635666350158173851332002395046444580136552896853158029825128911519956720827266289427049722367111018241595070392481882031234121233838903796892513370711879659446973171761168189102147119321385129895657672666055376681952230598968186954805484746447959495162095400701487846439095952036068902454639871211553097269439073648695113642567397 259100612024980587756576276104881958995484838400201198284171973975250828391388095996858991234394898435870064373078797297738759456973670920871523595842686438150383394483208153530968474909651667718852068592396092228910043296681313461767306174111107924051379928091880899216271649692474890334428124604475539072166121443278928868554772450436292982344559442062122241657430623609813944337581756987910234448478748291585901515645124298024375558871963353425293484310222066843408188514270196631201647309172991238752324091645122185113277099660915140646522862001450309931309960447643572517242114648266513582933354678852220 75169511783766796367017992651640384081818854393825947373251305954776640718343750649497056206638535949486213271354223860948232062693172684329056877685338521771955466341611336457477196200823790800460661063202000510594326134574356629327756934732951634954570133613190296521140638978272257581410285464756397 2023
392953708085265486797442128925840270515119847334740086946164993477763512631002053154243772503773829137831834794763755558538460139435538524591802542617049798763316809113586139840903302495449127542161688699147092338112927234357263461173473074737139867305675491918051614090744583718441571292635243500547516265301139593809386602271779469040582905826011890840921980133525869518728813130410069470802113589304216612106114337358845406827334382240148530274531502312397396276613094787657697366710427329080938696134950082686779879257046189471722347867248483535256696727925231196187665423610506632054462327449643262425432063 390286400693500710049113628539903340967951281309771528807879273738410852105696494084346288903698298101611226157492562504869524034158466299806163412168703359357686996914854374602391432482632841022706198065935570573004370597971027242356620211072812295754409318918719432033044166735928677972822870105145040170956964782193491164059062071372182099688726151869408089239443447068755460343243459764370627646603264814222056506568049042753966836659154898696586927635364424068973960560480549934856050582698934111144928674575524220934248919065955451368595394096868244580420129768007989263150476957017986748947463295436929 434814394435125409249737919539262394024905971705829524094444179138081054692904459336698286538510869414492424505930470017176104343113121765516637381624505259195048850262595269246839649805737361825860655188394139950106979845991710957086274686862669513482321509006328828322196001832815768621178133212876493347836108005408073349405903033984047263883503609834840652087599757507976850841035880975616759111682428000986684802746605141638192359767261882771306839690958191824261726046114082584648537942331876452188399724836902406171675453401819043600587163467764006327403872596500007197212130474924938365065826598038912 -296332058285800838147323308161998944087077095829099014198196611014003500426955089468466472655688148147230977052551243352437236986183927805352071504575062704957063586375713709333144314668827435663698031945878415676526296504528211403115865715882403423255452951075811830882175647645891016596338980543965313 2023
392953708085265486797442128925840270515119847334740086946164993477763512631002053154243772503773829137831834794763755558538460139435538524591802542617049798763316809113586139840903302495449127542161688699147092338112927234357263461173473074737139867305675491918051614090744583718441571292635243500547516265301139593809386602271779469040582905826011890840921980133525869518728813130410069470802113589304216612106114337358845406827334382240148530274531502312397396276613094787657697366710427329080938696134950082686779879257046189471722347867248483535256696727925231196187665423610506632054462327449643262425432063 114747601015386652032930265373657937225641585191480534533885896054102714166255353316120788137247642701430170479010513140653430569425924576690315102110288336137950800329260090484190924556410024796179158418294353454455304952114883342453355403900992965104800940494499654836496889169679476529734050048260191236788490443116825502738156129297954921533856452285642546114988082863109057719072138575369203410645641734178347963111769527643775300242371343048355598404609316506887171914406714691187889265119778151435882654492801690285606299372083434040503725142439618270297503279472687343580186702705621829349788047761557 154565952229624361532635942048169845140937016211839117954079857025163287770855513595176110559806448133902793605998133593714359617092745360713199936185970751415937337014330333582418576502915546691090194066561030655370839576844847753224846706354958126852977980410592914749884264010256126693258949330283466036696643425018843185717980601703329333588571778210720038379788255788554045993591430129300931870217494621049292499171922314452845614480126544534857253049808186474547865635375699282986713916494121568640052745285329732433373285590781884036190790828041179689065384157579491323638029053506967688703907039315260 432364138627036323350745525458381447423365725386937167945160442483961623964595518944525615920553951354329138793251655691164463742625008014719261017816991812771007603855143001550214822957488672997727299099494190189411964711203539989250124375328175796938523067033078799265293288352036770992828746025243683 2023
392953708085265486797442128925840270515119847334740086946164993477763512631002053154243772503773829137831834794763755558538460139435538524591802542617049798763316809113586139840903302495449127542161688699147092338112927234357263461173473074737139867305675491918051614090744583718441571292635243500547516265301139593809386602271779469040582905826011890840921980133525869518728813130410069470802113589304216612106114337358845406827334382240148530274531502312397396276613094787657697366710427329080938696134950082686779879257046189471722347867248483535256696727925231196187665423610506632054462327449643262425432063 312707990052282806755488335543523872470450253777644704890590979951636461282231316015291300458979560468577630830872826628151354593067589768392539626656073370851980247621091542718944530473451102016894518284521562599178946219223671392080126207982094162542162686800957757648440223361136496408106582456188480314183982518648646080471195051842426826163956670579784972279959084508921580353237093271340720107438190359299586178960236200495609228382107320523672228402376227025049595484419520032547511313112152857055423544429712568874528433108350196404904191132085805783725098362438551457972137415906726038201853156270799 200713722390553911927963805725172836768185250178734660235906576600879781310269063873461299099236037341395342113541052069248430993956967189557679018115557267213695558060585620236004623934887865444340036475222411343639284945220685524117664751700302508751450306868330980927115255714346040654280345753270064385300702998384619025134202128179615369562663744752626177109154414625693510134689075815816326756538536982595715867043252025345972923839235682080960141182677295275388466896892058511192384845886912373498287539387621464504840205436427240568567689213966289497400434131542723739198118361821158208358913750320604 644259880248121979706940297705793973321563079855770564813057230300688133831810350075317892574430140943962893916906324843841607931450392773422597232124842700639051257488261272514757750815004327788081422704647768984224329490453235181920594220899799296726684659208959878912870798853824823270519840524645145 2023
392953708085265486797442128925840270515119847334740086946164993477763512631002053154243772503773829137831834794763755558538460139435538524591802542617049798763316809113586139840903302495449127542161688699147092338112927234357263461173473074737139867305675491918051614090744583718441571292635243500547516265301139593809386602271779469040582905826011890840921980133525869518728813130410069470802113589304216612106114337358845406827334382240148530274531502312397396276613094787657697366710427329080938696134950082686779879257046189471722347867248483535256696727925231196187665423610506632054462327449643262425432063 462559054041433494129980927940824648536234124035589508927940064614689002268318690580871489184747952433374157105735669569261729272144188332112660955593307656431446033950868006075808640021155692058892011008619086732554705846944686197732619327649932596983608357230852209299363062999526907271531116219007421300772554372054666380421296303369757585588342684402640864259477114430920310792580048398767054219763446958382859385089576562062053688750708299947484309805345308267279803253806054844282310425221068282310830434165817708109898834468801006541174706971051118092059073096157535827977776819072060875975385361583417 11364435293298966481346451648459686948880708234364230397194952184347232691871037546796073637086618862181081148428441927536090129734575332946630365255549341985726939313913636389705442016160347559595782723841153461946947672078929370411520347742076314039504289067986561002941655708047773752240096957411213208725923893753273828246604793737654416031791405760941732158350749856315204603993151810522858796099680722490835178634778399199753075468336621803753757929443842673231380057813949292031994897290148798947920733077558860271458076118266875956020771784170304909894970509932707349805996492164260032927745661244612 767398627338255189477046501287245956386241704409437817708260904737587370769728284391091443646121271174664979698410048012573058193110217458510487561944054873928773619637069848139502324427520800466220389435616232511630646657847532289066165788782853859750594573794870113641393918526897571652928902119033759 2023
392953708085265486797442128925840270515119847334740086946164993477763512631002053154243772503773829137831834794763755558538460139435538524591802542617049798763316809113586139840903302495449127542161688699147092338112927234357263461173473074737139867305675491918051614090744583718441571292635243500547516265301139593809386602271779469040582905826011890840921980133525869518728813130410069470802113589304216612106114337358845406827334382240148530274531502312397396276613094787657697366710427329080938696134950082686779879257046189471722347867248483535256696727925231196187665423610506632054462327449643262425432063 354786930184460361363073776763866629146161398354843079490950738718877750731414937099316514043257509089402597426711392361149230154853790446596045100478382854983605315473447136604886775247149909220542400190908393288837920844774795305241571570861140931611956626437451491951230717809965446327566472526558190865790650677071151315176587019579564752746313530066740672521468919891023596133566699171699279844052897413452493995450472103327753979666448417616261127355858911970123214781324522815235109235125437796946730668865726993573676407549258182646276802944688098944448927721409526004653538835639873236698187618583991 64730748749898434119060331221105852495213291777013756526810235323946662979993572981507110790681441231344204709571640946606618687167049568207678030511791624385682577723241748242002143266161159322674282528413997114382485876917012159331113088052839196978945842636284980671689078397320367396389219248603543073734776452406589295239811706877470363374806224012700974352171301895090985677951025866443405120981537461594413328930528705988456677179995962291606996676969474049621669612946550272414049510259452931766688742298650027550042011360955297454618468355588438758822863362442671870676238155317011123566692075156252 -733883904836335186960579544001714022949430883122873754454271295335401248287522315247125174192748633430339419590126551393058430981539986247815475853705609161059375270071271616920171456998513541345437227180203094146702007805081739537527252975582314902111283289239831926677226208362737397348987646587084431 2023
392953708085265486797442128925840270515119847334740086946164993477763512631002053154243772503773829137831834794763755558538460139435538524591802542617049798763316809113586139840903302495449127542161688699147092338112927234357263461173473074737139867305675491918051614090744583718441571292635243500547516265301139593809386602271779469040582905826011890840921980133525869518728813130410069470802113589304216612106114337358845406827334382240148530274531502312397396276613094787657697366710427329080938696134950082686779879257046189471722347867248483535256696727925231196187665423610506632054462327449643262425432063 238103675890112512694481587188765508082551759347403350972894090926265805239719175089897902921073606717265317513841620939881817364539241204171519955995482453972772531446632627175206343127217336418942762786764320130004651097772849357816999276786516019362913756368941790840592236227932135313637537039789098217091658675007129865898221406456225458515697261360480908500518442331511121156881320770503904592640903944995305691832688903969926814429542908029005693995720951433955444477462450312360862075930909635066831759696602719258091876289597459405737276803378417737252645094552997323247796323401939091832069485049989 405982503718558541723865425528724364793443453997652146755433908213169879545647496427757765495489079829374139785596489247321402303610070502127493804801233881997728719066769188463370752913631107440141294265300847558212182471038556330042370736811617410456994954783648960712730142136996321084325478618870641199667479381200934775603079071944546138897351478696660495040133146599448017608856941110360514317601687720306933326269786874210318181296928455191764070815464070696845877876345194176551670966860094876714759767812028073031466023328713113091136800019860580156355100744685262137967874384610981309783496349119496 -140958323872194813993275638028508524518076568336256547770353135890162706708091199047346065210043679129559141262524605342069884272038402829775848373087156298164356950681357622244202116958547386197725263917440993303217773300262551218005304609093819552817165538041422559989900276682242518737614797380585435 2023
392953708085265486797442128925840270515119847334740086946164993477763512631002053154243772503773829137831834794763755558538460139435538524591802542617049798763316809113586139840903302495449127542161688699147092338112927234357263461173473074737139867305675491918051614090744583718441571292635243500547516265301139593809386602271779469040582905826011890840921980133525869518728813130410069470802113589304216612106114337358845406827334382240148530274531502312397396276613094787657697366710427329080938696134950082686779879257046189471722347867248483535256696727925231196187665423610506632054462327449643262425432063 359895204462020723855744244229316229655365903854758023767520509402445367115440912088857271025906125805452940522381259714731620812447996081410891508698203888189598200960732076853402590718503227203304542577409228538903661624260861058297240714355140977134111591921906821928385919875268501134338869994709343654352972919171018463715609403551791197622133729502268113670706279769265031325109060304331068292631945111028441236985868158493674546788549975708365251772479057742799026490650049402223334173356346437848906911698874802592777148695088776059363053216356239199647583919958268352330099612249358075301864323869589 27576435045256172915401607622397533291655378589860808035063746327022690929010591318730551337434481853009250643776768597419069855479819581436612424156176600829384291432089177287465588159414604062339808663953951335312238142161091620861896685530201611701132590343033924783370587872746714356910775836294985374519029873450176621827999478084865135699353504974625274716438918441048462479074941430813836207534773021408766364103289022414348147757485486579834232402180579416160136451937457317975138766015589613337928054950949846569359813747837723657800114831592194702662337275776825867220958530202820910485262453056888 -741985845371176367704097018432198868399281753808520100954315017023128574354365772319820529819652781727446487501911332520502311503037195060448865313444393380638152612430781572345022344688737444333807298506208481813584071632255194535016078940893411009087978728462663948754814767373239932503455795837698763 2023
392953708085265486797442128925840270515119847334740086946164993477763512631002053154243772503773829137831834794763755558538460139435538524591802542617049798763316809113586139840903302495449127542161688699147092338112927234357263461173473074737139867305675491918051614090744583718441571292635243500547516265301139593809386602271779469040582905826011890840921980133525869518728813130410069470802113589304216612106114337358845406827334382240148530274531502312397396276613094787657697366710427329080938696134950082686779879257046189471722347867248483535256696727925231196187665423610506632054462327449643262425432063 318430662449567900726276756627612435197272722645060831277432174509473279359134120491660342777705725117697683966032765248209114054690538357675438708615324112853490345200641382072354744057115149808639890109070476690137129911615586519157822612224436142452136856494118744381489787472776207433020339775511925575515495960413903692555966997667763387433905806012573136447161316063437498064059848550163966112066573542208825536294743835585576038651914804540702385266984837952807935075885343576168784178719459935004520477205889541905446313762369839833427660686530219694801223071601612193078184558133046462120145183706591 385791796742638334842875232598628119237716686001634219109621487151245201193932744378132581864218052175536909578657469897000818090528003801705230480797669965888407247155284754387215201819808084604357336004000666192548840306656093311887057682368559517543580884856574683520522363442633352971592871249854203728083793973498327664120973085716799591307224820123318863610115048186330096383139202915891447868198402232040315586745555305130858129027438170471321259294255135610753017678259446263236048934202414787670211130117167013012172773059074802298230475816777164692515693100822574591150294696459719826668520357594428 379033110436895985759113969307721326083576512527858333898150535142688727671442993965572818031600373944890776641446576832968196606574769201407649597639654721384260192912502638265413387632057809880259621991640711243034699764258321080815575765739413614310366692985596171898303875651114864751325853335809801 2023
392953708085265486797442128925840270515119847334740086946164993477763512631002053154243772503773829137831834794763755558538460139435538524591802542617049798763316809113586139840903302495449127542161688699147092338112927234357263461173473074737139867305675491918051614090744583718441571292635243500547516265301139593809386602271779469040582905826011890840921980133525869518728813130410069470802113589304216612106114337358845406827334382240148530274531502312397396276613094787657697366710427329080938696134950082686779879257046189471722347867248483535256696727925231196187665423610506632054462327449643262425432063 185379403462090510045308704308139950234995374819385386702658575505463841256262323255826663524493458894600980578641075536481642397484524459226653980478919013282485051962220671075676339862130268640881096278701465814469964165072248379508394809220274238355350439034490845476258670653105575792646808205384018521272180665401354389370143412941649767955892511864975429415876308549083919013499488341358228220374327520052409840669385837013932318907083508775559532732627413884438632867374779076616861125818419683666259359890981649481283820183097173945678207069750065997178023509112575979373725609796015121112887653758037 112776948338169633137394594394171405691619294426198045513215639295387627915933981566391006052052822584808194319486448751681660757932924412751276295626830494076443274364935029605346946713341780837349716159394783433686411868567473842955241627412076840518678267580112316016850911119441757054893812448212393847084299823409370695086779111931345000363529713073323359344596698385633194576028923671502882102637653367886848360476903758749656108472683923764803783628707090718241688439990352118170327681979675564961968560466282036351080940221127383401900084398994358181771252954907997370027199141970167771946949287391712 578394448294631398921666065454689022115024539696456554021728491797111418587848255959963469143317760265633992984059118922032617499915086198987042738289778437044800328083207731507389700920716269988303875865222158573599116221007781536011087272931407115162673566085965310063521535259749052085827294915744171 2023
392953708085265486797442128925840270515119847334740086946164993477763512631002053154243772503773829137831834794763755558538460139435538524591802542617049798763316809113586139840903302495449127542161688699147092338112927234357263461173473074737139867305675491918051614090744583718441571292635243500547516265301139593809386602271779469040582905826011890840921980133525869518728813130410069470802113589304216612106114337358845406827334382240148530274531502312397396276613094787657697366710427329080938696134950082686779879257046189471722347867248483535256696727925231196187665423610506632054462327449643262425432063 290518827070022741008997278972394386089918418148616781101539559894076557142995859974261004407994923319551041554625893711349253676393664920974022902253806301078336166387799861846511350670607015215024690247574703361758947209375896157297741699942546950745658220382454436184632899062640058225409431395061810795755465462136454035492109791811134186394794944360619675220826086018683509714083495556977542915922575173072238388723257756058710801649305933429102534085120133841059768606380284168668996545702989928304267624668308966927149977857415831508998192252912644857010094751035879502060663332688234834516027279429239 414494678633265919093045204521214624799007939907828220414082884112486148912559293290205832281579276462936843012417128408269544229623383286688091581213529877645195097746377351418490080872572509712162985987869327879964567768699574025120105000111932623644930957926579848235274830856437327704705069064927083625321451913756989521337062259608856563241314401554994819206347368307067767305829244825645634329437068507306349619877087323379786198092080673281336278250023711099872631610154334125959334545497870317214549854744186572004784322443190090991762436617739138472250499839627582382233548907328340961375567690217508 -245056870748651076476950387469253652134412752205354860633313824587394517582481270787686649962655679530190186050657817345617913719986643509832096844396213434144208381079976061364478447895946276884649704773714670005082650328757722946396024358136994300292052604202123100300138918544851844876447699900140623 2023
392953708085265486797442128925840270515119847334740086946164993477763512631002053154243772503773829137831834794763755558538460139435538524591802542617049798763316809113586139840903302495449127542161688699147092338112927234357263461173473074737139867305675491918051614090744583718441571292635243500547516265301139593809386602271779469040582905826011890840921980133525869518728813130410069470802113589304216612106114337358845406827334382240148530274531502312397396276613094787657697366710427329080938696134950082686779879257046189471722347867248483535256696727925231196187665423610506632054462327449643262425432063 112878069609027546538008030078925181392904268380213151968199899996249570903960895951030621594500763227022999969977022146799804826093524867316312996346973968513648104728243847467469248626827517283344780313022419837213731342841079561853713932857584504407271665865903302454531531714067018712297845597762487419586511697646636362969378296888884914499447102936791597368767599083447752869808118592232018018085808847121568258219027276203775916012280849112431996781829227949725810494955652189334828490401954253384196733922155748614912523612681348309551808335254767101093028066747711736717701718568633837107431543099333 12508295279602781591178244251193101732955650211258240360255364482661071294396452614047071262506178469447091990743475189874556186522000843412382330684184837349250726172424606077374570284271635607517017098349378545106180897141929757484602413353125689287216809469640069392294029900936858286883351435653421993951360782628966663142215743165176921468904624535162334832922455669203343390619017939294140753656825782275478800002866143947996595572974967971591710714090868867954530776046345242065333345300254324519023286820322581084681325715778544466321221920724372161546218458920672643341007409800356384962574723555180 -493800510582148713698618034054258230062203863315513530008694371152289592894891173790552689761053934594272510030347789444298405056752390790508226516767238226958092838128050847560325101678169450186561985505903124910268194310993448000687093499624222137622990064882631911464145515011403108666160427592191565 2023
392953708085265486797442128925840270515119847334740086946164993477763512631002053154243772503773829137831834794763755558538460139435538524591802542617049798763316809113586139840903302495449127542161688699147092338112927234357263461173473074737139867305675491918051614090744583718441571292635243500547516265301139593809386602271779469040582905826011890840921980133525869518728813130410069470802113589304216612106114337358845406827334382240148530274531502312397396276613094787657697366710427329080938696134950082686779879257046189471722347867248483535256696727925231196187665423610506632054462327449643262425432063 235722969181122000684653443647690812130786104948112183586274407938113199875534501221894644357519892616786488612016781175044776748408721021605927387212840203119617669301068312103267457780550793180377567320364111724281225598439293712308718246371335530063346183597868450828491679053749511286319720986891435454869511064873477002956738434056485741658699307113471906040762902582232977600426513726958981058964270140434163664353091073238412156614104595855503265685988468339915135123713676896632899582004568363372770135324105958005602393373846759944781078763216822312275169313097946493200876673152614167320984683283889 57186681771075118211722837342879766629413883500531237699765749738729216418027595542908797041623162056101789385119753316315622237809663524325360207842306514634739216204417913010626117868619234130625127357061657485417149734845988068920595125881768425951836268725629985090650657703077275665146271216545436883219087277507607991056321027558963861969550180309650522807387470246160504055767521539294129617959723175195272124547977825105329322161367384855353453312406403036497555721925758340846112419131501785324064314881043146837883814644716382153149451266640022832738299123987419959990376253871798057855587421493204 654236764975038086368861650342524462216133015283929093181545881765386529847231126141183200363088929598875873774330871164876735998559733854666092556898516411699753423790021528893463100998990819575895225181943584197306824973033690140197327036372182986388363910228822718721593180267231800937058775870387495 2023
392953708085265486797442128925840270515119847334740086946164993477763512631002053154243772503773829137831834794763755558538460139435538524591802542617049798763316809113586139840903302495449127542161688699147092338112927234357263461173473074737139867305675491918051614090744583718441571292635243500547516265301139593809386602271779469040582905826011890840921980133525869518728813130410069470802113589304216612106114337358845406827334382240148530274531502312397396276613094787657697366710427329080938696134950082686779879257046189471722347867248483535256696727925231196187665423610506632054462327449643262425432063 401728401488044089279029361864647390531793928038061342138496845962799923167895283949989970442360170099986035513597717994971101770044849890330697365584022884104379123464269131838151944335251356922633939651885117941632923149516719452072069242721092340498927733760240546740714983621984217203179812210793671151889851959324845718982697851716582453115821217786062896013588264968936837495033387266725116268487611652365372766297441924701238402518873679255000333812569434347185623436674509714463805265272187410150481813363980341351604011996345135424593362057569178493098237021306173068590131014101384763134019192828247 74959233311084166561505091659126796266437597912154727389595773644429406990297222932754115406572231866321800961311948805465130092614903006354490960587276703060185634490324353823244138812684340871061879318222605060878152469012289263203675733161495583535548304837499831539246759574598900696947673803138819390349830489024829664983636765286301027633650781115620356006447742267952210874784240259804002483230974818679577907592320813892682623178484017533275326787002394675370597721672791990684515180558055878578757069708741850292184892733544297557164002157668676515673034210847933368634991107461556730513007470025328 -748084416737683004860603359089241340487369782018668849120909146261089920551402756593098495020249651686026676700123317464881882525347918955505398832954609108133943385724412891029013894961198529500329412838284397229098042346046881641211154350472739867556599878186724586293156639947041877032338435315518679 2023
392953708085265486797442128925840270515119847334740086946164993477763512631002053154243772503773829137831834794763755558538460139435538524591802542617049798763316809113586139840903302495449127542161688699147092338112927234357263461173473074737139867305675491918051614090744583718441571292635243500547516265301139593809386602271779469040582905826011890840921980133525869518728813130410069470802113589304216612106114337358845406827334382240148530274531502312397396276613094787657697366710427329080938696134950082686779879257046189471722347867248483535256696727925231196187665423610506632054462327449643262425432063 166984197920790852503630093496068809986106752690904574139341933687127544664546788312134038778947710621176711329702512025896331744262707519226316932413835633620774323797415398428244276396921664059809366113881323868060506156549817611912847153103968357260201285189042534664027908935907922428316548422693994370977639737920307632294013783946067222198535786368476513450600679273536795271001891382099657246803873621464393916642136641409281928963965988754678111190027872908217001422093639944965598111509441942158307798072511221316136987797556361870047201955046389235732052879461295917810007841218575178816948875507359 364545847618731904598501851676386602061210218250224277580082083924111681916125750966674099374269095514357842625977236009945321111571951218856585073415408878395715666712268202560671876720438857111145612176685445220796104565129472349529723460867263177070466658014735168931819080118587530128565144225260111331751163796784420904009529195167643061425224805148007369926436874651498338237311699503337416131143059257769722846260724839244160764243262820865507344304819623168968403579644722173772100581652164404712689993604995026092969203898704785143029184634485268448435821329491890603669070558675911389610075409088748 11135899279418847286065067361896772433054316069022886972030116931301075023040956361058925134943627504176519296563037645742901247277563755514078115529153438400262973827731730939640288449603771382661701524819309915947199039846957706591144399056336561253120078778102535113733012906814030833578291442620407 2023
392953708085265486797442128925840270515119847334740086946164993477763512631002053154243772503773829137831834794763755558538460139435538524591802542617049798763316809113586139840903302495449127542161688699147092338112927234357263461173473074737139867305675491918051614090744583718441571292635243500547516265301139593809386602271779469040582905826011890840921980133525869518728813130410069470802113589304216612106114337358845406827334382240148530274531502312397396276613094787657697366710427329080938696134950082686779879257046189471722347867248483535256696727925231196187665423610506632054462327449643262425432063 325343833342217507928934931105768052846689557715050396982745290463325577693127356997247295429379729051296151673004926046302872838154674044137801700508237345395519102895795588484832403110554262193386220076419093960624968523069336099644272273120733327227417223695370446335765095411932255322161721065297746045142841973607736861751119504767604930202677852884751762186747049975950892907079154843089503054723052217197892859623894234507292011670470468177280066629273955426289901086808366840501409326685158737941932844458804746388101158291736661214607876174867571732088363494100210978773018183871495297430837539733275 287100361726947510355193312340807746285742883466113521195278562708770430516129747399891333640592962138638396807875480165109536825238161106348732086904422560187264238223913365006389045323575380330557136620492599214951751670915921759414491366248474556201023135216198843174663254864726788552382902974472901845094055710056930227519474019204114977810229383944273231483365906940895159689467757413870622344585900398928974024478993559301854782128110974697928740752499482269661425976390191600232754688676536825460624380156346717949058372056629021296396586014833827743062978922936455652078131427523637197080752835124020 -564165838404501017494608241085307186289383143261177732282908601646985140000920604182715113711158983597025967886954063632852938790274886172829988052904723623734003973887949629554958017085606971785604361004914552950558057935046111478734448948441036019531773282666679288979230549826178526706287919956239085 2023
392953708085265486797442128925840270515119847334740086946164993477763512631002053154243772503773829137831834794763755558538460139435538524591802542617049798763316809113586139840903302495449127542161688699147092338112927234357263461173473074737139867305675491918051614090744583718441571292635243500547516265301139593809386602271779469040582905826011890840921980133525869518728813130410069470802113589304216612106114337358845406827334382240148530274531502312397396276613094787657697366710427329080938696134950082686779879257046189471722347867248483535256696727925231196187665423610506632054462327449643262425432063 189191773299618728101535217781367674444356782661540181953295155001882409791564387289582262218635973388870259070209262026013418750575922554658938324580294864191330336860094901063287866702516999358865309291186627391360806588365884352165225656171197430870625308357272160469208695629218018575622196844474334734426692048031344916765948732431832822218225956569214629497875487061652800181498441419945807384024236141579236679546907574375928320658455346456306301056855793378035536863802831712241847075589389910793413645892597902992976566279503899996506526154760070283704574372302893845008776066314757663215108951141167 273172868298043529383556276050199039987986016652300768649124136983414383359605649227695121306060935315495700433397845922515433153757529990376661622775255685941970589038639175368178551782146033309014521324332331768453737564813302998748314330910878425477380629473013724445431173883969047082919676654888646632569077494181818718915300954324509839795112840291473850554416886073664389034945140368616442327901780775326382598736682080731367325734489002136646223672189274104182384966056442284040934178308754307726890707462066315607582964334701723110885678284451023514425871646325803453310215486511323158486594714864020 427449512432019187891548865564307393481519781524326189490805158014628926145315155565968905447843761991046791008877204722505779290564747919565616486999479352835225439646450557185405458019053038026686175504187420684494183719526721303394302047622202155866659432248727016633860278549421311732253583369324537 2023
392953708085265486797442128925840270515119847334740086946164993477763512631002053154243772503773829137831834794763755558538460139435538524591802542617049798763316809113586139840903302495449127542161688699147092338112927234357263461173473074737139867305675491918051614090744583718441571292635243500547516265301139593809386602271779469040582905826011890840921980133525869518728813130410069470802113589304216612106114337358845406827334382240148530274531502312397396276613094787657697366710427329080938696134950082686779879257046189471722347867248483535256696727925231196187665423610506632054462327449643262425432063 139578049206650733309492642813419065293482483011578557406157259106613231530018462191789391603147306998638638152260101080180545603072321182448126655360407198534509745405853626114832174541570918064298612832034385246948808881015087079015407075942943513083367186914513073028757455519858884594095983458712957383306020806657955351031882751916450407159224287515064063912905946435966312757356965957213908362117288763096412484609169644130452636928695213859479479654639052610477937270453114399425798003302999303384648807400109200066363061315625143628856599236126085376540632270204905978032262048859089309560687331454787 274901533178825111165321307492659180912584678953777702830187472495195304404878727581424115769054943127587464024906574585227096310532996027741852105483077107367167725628264180850949857854349526859083842874258432375863313788248225617101562424788011170592222116309387763570599875659709204307264734256743460075910903463584745944851760799946349011680205881161153577418311496539091327388467817295364934834085698948130017617756984211920757578533847003786516924026278139458204318540452751053067135360412220023780885586985947700716680135530923721550017669367372523583376298181541428206497593535148762964462557302784860 316559192193239358418864855442120002242870460859015141502383647834273170515342284385981325628271568198663124296863455098920059590200662389534439331598914351698010146753568503610632883474981391865385338861613950648278369003588884720336334398832884735600579866786091153729894268369733470688473937555275077 2023
392953708085265486797442128925840270515119847334740086946164993477763512631002053154243772503773829137831834794763755558538460139435538524591802542617049798763316809113586139840903302495449127542161688699147092338112927234357263461173473074737139867305675491918051614090744583718441571292635243500547516265301139593809386602271779469040582905826011890840921980133525869518728813130410069470802113589304216612106114337358845406827334382240148530274531502312397396276613094787657697366710427329080938696134950082686779879257046189471722347867248483535256696727925231196187665423610506632054462327449643262425432063 435254905099943892045210976351054951039215020922390425201696623337309294679216536721840053980152082583304556088798145768667186942833986375325195325318603675568718171893276234060423426822557976758874388855939667886588528776469882220561561420718008123610664054895428171697848035981849676438499632105150383198056785452136941267391416880119516045183289404702060400672400107845879032399142209105055642166896355551610355650396672240942363725078138364972018796526112779590783163933785230692292099610014109429197557142217966410444134265972562336651096916282186387504709485161286707251635092127554015059679865313738369 187398998271030654423108908065725174283002066704848580599222527973549832326815288019990323001486781412247073297428292777733591992831147184207679222806968630687572443594569569247587652018228149119424613499637177460374107553858314829549763942358728731047778337661749761531788815533397845714383048306907518883256752403289452429016854797281022735356499371461796517263680588688184672681094263882092346680229928346007989361280398207680138034368003268548461539342574974004607039252551232390807890205964104046680106596998571041173380261502505974118624698487203139560629746832751285284986562757737730622447032252075732 -703790563226312462659565802663930885343406862821156254586365268821126239903010270140663043449535365702108390863388024881616372128195683836813739893711577634888397365916498641402515983227519174627326467874611010155620318186356099944102385703424838125307975911093084446888786881095342850273156355301593897 2023
392953708085265486797442128925840270515119847334740086946164993477763512631002053154243772503773829137831834794763755558538460139435538524591802542617049798763316809113586139840903302495449127542161688699147092338112927234357263461173473074737139867305675491918051614090744583718441571292635243500547516265301139593809386602271779469040582905826011890840921980133525869518728813130410069470802113589304216612106114337358845406827334382240148530274531502312397396276613094787657697366710427329080938696134950082686779879257046189471722347867248483535256696727925231196187665423610506632054462327449643262425432063 356798104821078781669023920047657278957176966242585373526884174030447344672521839797752600821589621403476224894574218866773283689418007342075381780005134149626009066315408357836014178529832129244109551626163633728616499611045743197633402018042327208270852103272529061624601305966571131613850974336264556103687977088453264975227349589040337787434887054700475259813559371630991001835075653726752305547191247185389886865576526243566080871969689989226922918027773107601899637427347721874614724007643495555848610575006555538345155715086115137157317791485718362843016601631327689592755220535924037414588646993974299 403419878133629402390287797468182355768302586723182259045961696949334487320481095733042545143567090995860535701539181384321799369950384252993732084694054666938542933965473777474183961511524516143565445875199255806080109560423423493504047309870421966010471708926621177167274992503548187633768773498894935439102172620477898937386275532621668298420543058194652730506783120566625082218274956215123182113319447224211066577637476853612512974036670258064048951105502388254990155056458951368041109617261152909770913901224453290789218626931431690199431534854016586702164617287588191660243802072213024543956785243602504 369284681365613744081726365994888459369240060207801437489962984300874185191592100541653033781305723385951303733475910616432963491145504474259872671108405270208888569421600280123310622371448096796553255427330368744206241912020177361571757863815788846380662342541573858836387059293780773628805524720881275 2023
392953708085265486797442128925840270515119847334740086946164993477763512631002053154243772503773829137831834794763755558538460139435538524591802542617049798763316809113586139840903302495449127542161688699147092338112927234357263461173473074737139867305675491918051614090744583718441571292635243500547516265301139593809386602271779469040582905826011890840921980133525869518728813130410069470802113589304216612106114337358845406827334382240148530274531502312397396276613094787657697366710427329080938696134950082686779879257046189471722347867248483535256696727925231196187665423610506632054462327449643262425432063 204215988221934736685870170196215826166157959635585382012632024666741018790564090277985717313588212045371411894628293708972158836248316241241415426250781555413087375589565776066850463513502642282002531113866066425378117246936886130755318258029566467710434841706621328587387177880301476538279007127230620330204038231303500261103302665720004032770105785871049944584343754813455070407335922210235374658218690568674364754117411113431425378663200544085611989758374224894033820415044475117435244116625480089089469423521852680059268187690594267251468237418924891303085684943033580861489857641709005086956124713073737 363311414287055990023260310659195716157392855544267789845883472359571482094234131148709565508568698534293247482128065579747684991638933649071615206907963517004401476298618730168938014222339615166094702140664267269850678824684138145835548908757309037477335059247219521120874953395828198982300685129084194563036266823121565490805792504471640621291507312145615467063999010360279166753325491641908800709689406587665103451293979195176366822445096826502836448586862561251524996794579947727714354515918988719896854055395284689768689828145728137942857399776280097101201371887146586905697756075076877999341744095020252 241855798035304820542881933083461593336743431143650139019004942896020346661383700454854206460100781805959900436762779005046781820773840383047878942602848352664548206755750760833965916880293552058308172826990751873963695860726138922101696824178320896391670969504295151294632666869820093213850539031960689 2023
392953708085265486797442128925840270515119847334740086946164993477763512631002053154243772503773829137831834794763755558538460139435538524591802542617049798763316809113586139840903302495449127542161688699147092338112927234357263461173473074737139867305675491918051614090744583718441571292635243500547516265301139593809386602271779469040582905826011890840921980133525869518728813130410069470802113589304216612106114337358845406827334382240148530274531502312397396276613094787657697366710427329080938696134950082686779879257046189471722347867248483535256696727925231196187665423610506632054462327449643262425432063 271971199005534452949334169272633194703323850635459733131987222874797772496420242686524546570561567109340230203241616237852374865411202319170972616275573906911947706035490914397430377531397288861358775415340060200499990609783959131304384744618411390624756931075590355289154244295186792537321447389817942517187976258262238966029455965144900261591982501050634005470851428622286460057136282268229516433214090014415660289762194432620038811651366014373985777973126294268068813352388622153289293493273011506464307782353092746984420822520418908942222415778807607008711131768770182594861653782284742328610453424914897 328325438644797271138286697692742159853471186561845104936277824616348321691291811050969099480941794869499274468559780736843990344431298645467921626773819939396739124858197641007149869707329728409030844628724931359124784446699400812607947017102145825111216512365061255850385809252878279670211540965104447718192430426953935235114621092462603710156734641774380922986356909838242073676771372216949124421461844483801429304724546684001835338253121983208886436567918067288791856289184651773114099537013385410114752940313310218945824097837111306106081012877547152262151490088126291995963396353945577193175157128978340 -451699978620092512389108328444839932876370441471016069257594275387535382402791516011976415691112802163850923159282274509268964526497734830930610651700913347145272510449883098589563930583154401003841679007323096654239412058247352982566184860433580483153782515680229406381297864423525362070101351619744953 2023
392953708085265486797442128925840270515119847334740086946164993477763512631002053154243772503773829137831834794763755558538460139435538524591802542617049798763316809113586139840903302495449127542161688699147092338112927234357263461173473074737139867305675491918051614090744583718441571292635243500547516265301139593809386602271779469040582905826011890840921980133525869518728813130410069470802113589304216612106114337358845406827334382240148530274531502312397396276613094787657697366710427329080938696134950082686779879257046189471722347867248483535256696727925231196187665423610506632054462327449643262425432063 35286654420212651994483088741778894507038025215227216174096105089725978796200044884562256233281314339637036500527754130227633096620427391354089206450270546886946011733992563447719722229139210816921012172771691006147609404469401265354809423795700803757279201433242641196435267993176222342164270648775992249192858744629555210156403334240405567887252654191056818034602740115592011771984508752145448994925667401705181433841126077831084143518246633442080995732329369528682624470508900065820694203227199452375337617392326430596249509238389229217062519020591919337939385907956454710471189512897043098646228093893719 27182771586568100293922394127423491385620454346898309088699646829943211977218472660375822540346249092598006817140343248143877745635853023020487406219920111380907289021180213378141069976534014128375336288618080759502817168664772076263977818965122668697827978883621005323565319697908580304372796469304764262637355163837870511654604775019746984267036818817205595737138667532424340466173825469947178523719916927909055820746280253225035835817265726400921059470616821585760022023318651084836376649223786021179385015518801565659276113605705248767620837771547617766254229099537003419423288649487352873663880699836704 -285373137130147333249929203503584798658567042157324826089620985530334043686617620131341211568570031832980262666574558307538527592811824040186158190592473518032902674195150342709212255909695245195199569410834103850459110849225762844361371468501051203864008283594323860831113038454090355298379778516178345 2023
392953708085265486797442128925840270515119847334740086946164993477763512631002053154243772503773829137831834794763755558538460139435538524591802542617049798763316809113586139840903302495449127542161688699147092338112927234357263461173473074737139867305675491918051614090744583718441571292635243500547516265301139593809386602271779469040582905826011890840921980133525869518728813130410069470802113589304216612106114337358845406827334382240148530274531502312397396276613094787657697366710427329080938696134950082686779879257046189471722347867248483535256696727925231196187665423610506632054462327449643262425432063 166068179862416598101108801911660248710393682074999564226246975838037500016993931247104688102682344903406430967279799941566381198141160651659180545796178664343343974895885468765923729384887362111905432723173031703727023065297065040225153771554700636542364327028552131803684763120439968337721602321270901916287992568604178382562161775443946176418111308600853521107151800597500140068540944854325620094445329401652024352984122114369990309335653854397464860405943561903050854792720401590227126238694310941267145507133395855727886871541318460921824555886110765022699344839032421663638056959881937376786266522582525 92871511413849847772360105545807019159154328727783555757637392682996590118408989663131363669292666262815275162741911615995228846454330318979113157339177812567607466797723133250837661832533517083880372074339975577402814262400387349282698131296170207689777437675017950807288272890768439499219568266864285319167051589918636810381952817339487856381164152723335983475736287993646308557091958832403111779310454539481568030046027024981085631416922440512916609618452346690025105732956335660035825141851498116708843860406966941920671179555496897866576338224960858311556696732414472112011194768855813338330946612234100 -561157267271231257830885228466876477861661277062942867515188614173536363530587910996309265765020648178101894549866455671688383521850694447519478271922896022934342213768553733243388581628881911939060668397035455058075377865406815703318136594335848311484158900567534023594984145833517802729255040103815355 2023
392953708085265486797442128925840270515119847334740086946164993477763512631002053154243772503773829137831834794763755558538460139435538524591802542617049798763316809113586139840903302495449127542161688699147092338112927234357263461173473074737139867305675491918051614090744583718441571292635243500547516265301139593809386602271779469040582905826011890840921980133525869518728813130410069470802113589304216612106114337358845406827334382240148530274531502312397396276613094787657697366710427329080938696134950082686779879257046189471722347867248483535256696727925231196187665423610506632054462327449643262425432063 395249964892189786457008406352093117895313599545034701049624756607629550837767680378093682227719139194669267640380972915145182640993538236822942310559370399210415588294320865492787735393337731174970546187235912713084559445862423571752935332629085568067213809688636555401181812810519298123529391540354604140591726615160924744011082423964658485732706962951900209145158812832004884884662861913328112509616231575717488036493142674319005431212537493239180024385200882496442612863835897702423257429972591025582135869810951445467953840357025248161698598337349546573911041486596780667422267273998361186138389919038467 215576688506726557829754553735957289497274882717474892233022658599677858742577485746209209279536678358874131548528778389099244667927875983064353459927338912621427356259231412122513359765837542459224421438913278009329581095021679017656552280854254601836812106448080112149936669623611484174206441388456626882823480808266011281318296323385518699771581127544340867168568157617897195923018001227398765104645791907667282796457267734663299622575512109773971224941069603682906887344806078329461227263405272178900089417717763393877632033400156195233369474667347769228425564739830338725025619054217442155040213803541480 -672996024818516043762898976634503619862104170885596822507673128487437038436706079865349805622375536939616923673859267917836165622461755890094524970499276254915319906904610299819082908291443754973388987193940014847661473424515555161129155693640051636348661830707173131514548986255426357328182973396019613 2023
392953708085265486797442128925840270515119847334740086946164993477763512631002053154243772503773829137831834794763755558538460139435538524591802542617049798763316809113586139840903302495449127542161688699147092338112927234357263461173473074737139867305675491918051614090744583718441571292635243500547516265301139593809386602271779469040582905826011890840921980133525869518728813130410069470802113589304216612106114337358845406827334382240148530274531502312397396276613094787657697366710427329080938696134950082686779879257046189471722347867248483535256696727925231196187665423610506632054462327449643262425432063 43310860418826649584493810093733662033392598779054604331682466225177935805832534089594704965401388724745533112002401325529094346976152998681436103862633896880933194385902833296758950901376266498716229348818587371031383666841789997140063864110238823793721033282674803481590287635187641110766417991031501157053325416875127489014622646281102047486997535560228523652365512430313869558962648334596855196670653104539813852290085830583736201557416126904627510404232209720630628426413911096036645646427671568626913653279847492626361139545469158827340819950176291342123620834750731890243108235690024958773139537828271 166127788170675007209707747220924639164011706426716241471818983471013169239553146503578141112797319425872250329404455775162166768708452390848541472053784281099116501220278930593695524269429330424929936083522760817800160347574225483674108022766077524226530773156462423479620727811991928197782707924868409672241076058942119313810748132078534534554412824078107387192473058421983394266681546699996748110653521746893064675488620933236960727969466037799186062172626132930539525455536374972800205010175181521054192068099132092742757971065999930078566209730139737339811644893613261912740544547727281203757928639237348 -176485368526116468981178429404083221678520004094811379553619174626864202284200070143173519759980641143684970015708611693618366147499878236167286765871287825737674274887139663702098578469604048981604652629152860206484586711824786710735193617729372127896772078332796093716564746373991815274522856508322361 2023
392953708085265486797442128925840270515119847334740086946164993477763512631002053154243772503773829137831834794763755558538460139435538524591802542617049798763316809113586139840903302495449127542161688699147092338112927234357263461173473074737139867305675491918051614090744583718441571292635243500547516265301139593809386602271779469040582905826011890840921980133525869518728813130410069470802113589304216612106114337358845406827334382240148530274531502312397396276613094787657697366710427329080938696134950082686779879257046189471722347867248483535256696727925231196187665423610506632054462327449643262425432063 383977346087902456776116269205014902491185073476267222554934520025182658627901227828787630437059957924457495632156812659077770504641791843475828641344859398422860588018672056797326056052730721401653951112050092707014689961641430421272289220172748563782862253578257346507931930628828412534661313622232611695809823850801929599923301687114172771586901804860271229315632733609489016279285307757970471284238245613498144474543911189950419250314635789751424764559117341594866366229613268097411898091786670676564970569565852219369764594014461875205658609674210011058563761650184011093069404811764756729918098429163121 125638327454057720938155036773723204452748190132485026662833150442808065544389094108377904314277818519225338348831646037247118429649239722063455934591321042989539564258509798121361345678793584973835371140352536195700047609523945120662194468324791073866444040403544081515896848658420564577173259152103743551498125821753201068680399406389591277403847826672791317266972598313289925432687563987021938387394109970986432327409112254979600492335558179461712584244118920143687619415996366552818603849615913342998021630323669531197601557387815685177829474764106135987001274578994701602054783369831503619259099535990468 725082625287046422301582606226145175090155570334866708064754017478107939521220246284894646735310440653470374616688666944290392247162905992277543925733592953730892327756570744967854425588503159031854798588513687547630898838428611372000207440681647222120012852410949490024536018322734558338140745296398041 2023
392953708085265486797442128925840270515119847334740086946164993477763512631002053154243772503773829137831834794763755558538460139435538524591802542617049798763316809113586139840903302495449127542161688699147092338112927234357263461173473074737139867305675491918051614090744583718441571292635243500547516265301139593809386602271779469040582905826011890840921980133525869518728813130410069470802113589304216612106114337358845406827334382240148530274531502312397396276613094787657697366710427329080938696134950082686779879257046189471722347867248483535256696727925231196187665423610506632054462327449643262425432063 171265623815466662569193843525568790988729311129291169218563969712040348513298617061509882413109866929399594423247188036520216298169953087129223634322548212356287321200609537943527151350526886453136780865317971543342320461626606170936059894766481739212298785456095180999163288237489190594076729707748136893736680951176747840697082217848314292057849852139313182399767608009046768495245232666426103668383107475974988718056655355846652782852068377841481858228539074677001667215587531206729122730982497660178875654320733486483796976740254409126317057664360463879536757012930222649036351578876031152075131267123327 354966688602386910164185674377306720202443092008340645276277368262282205595850476495090071639034557436520229322739912293162934009725640985441514994955568738190511353544707832859632812013437683865786698866149519623025229029031201699572635228099572767270416793241531577388351919526676657970786755217863577252648975533293711896381131332464132278842175837265599826942431979984670110922555882998548281907184091384507203690104885739803816266496887144350456041508678973866116804082118678588388759056695302007639068667106531032117042854464199921166920237640222910289752683267282750207843866945293876395953620665556828 156435571316906136911707945806279086861603516698303478292285937182776302872789885255852483043286664403492809938563557469372817667496211895911377926742959329060645514782067616495990063624129060669415927505149308125116051223945740739277881681966186366727018045294831671220203134906422292572828955770023191 2023
392953708085265486797442128925840270515119847334740086946164993477763512631002053154243772503773829137831834794763755558538460139435538524591802542617049798763316809113586139840903302495449127542161688699147092338112927234357263461173473074737139867305675491918051614090744583718441571292635243500547516265301139593809386602271779469040582905826011890840921980133525869518728813130410069470802113589304216612106114337358845406827334382240148530274531502312397396276613094787657697366710427329080938696134950082686779879257046189471722347867248483535256696727925231196187665423610506632054462327449643262425432063 296689724449689023401250634523523698355396322549294232528773818680141396955751404103899332506898404581592077719235640883131317317214292604060119491495300131495407050267049213017572084810741084706075215744858537190152641697218107560411538779236522399495061727123781210037507012910415655562926497418505827055598175517602836645461184431402755369464557372581373945453240847815724987020169930825365978762873181482740161588444572894699729907006610841499860635812799798154062271411890030575524993692009641252273433085563628876993925851640156056431818221706821153150515928576832097761028579953983574462532099198267611 433692835307179428062201172196053141913281510586011126276457523241743995770092078623804572798059258743712099502540427808653374621443312639970612435870973956262086945866122526735983740110458594495512548398401489534051975580658469878578704983292416445927213634950324493311040586864583298565490660592686442090187771449959917740972217169024059317397133945395736328487508870622346557475405560594366554124424633474765413524397066934722560946224532930173189039430529991669876797538628276663246886169137771554172165576909764206818454811746619700505262476956883894766170446323844627993708730764737615098465453823084700 -156579357060672398589072077757305818191563433489454424569702476582929360500384451601832264497225560343222766965339453987317933752971138933038252611358201848246521009127718821018850360210457634847128320523955511182965430502731399840888105369341828092640061640040664289733692751089760257046777258068786797 2023
392953708085265486797442128925840270515119847334740086946164993477763512631002053154243772503773829137831834794763755558538460139435538524591802542617049798763316809113586139840903302495449127542161688699147092338112927234357263461173473074737139867305675491918051614090744583718441571292635243500547516265301139593809386602271779469040582905826011890840921980133525869518728813130410069470802113589304216612106114337358845406827334382240148530274531502312397396276613094787657697366710427329080938696134950082686779879257046189471722347867248483535256696727925231196187665423610506632054462327449643262425432063 413125576759773551573314147939057441322159972744156112659824621941368078410107769186883419575976131862166637254769061177732627940096572751608889499093165157869071931256392215337199114078002583583029013730556207113869425102687850090385073945836753718528563024209657513434288192587191372154346014367296980212056200536564780866774406565529784326528093873694988517628621298635170118915500103501788958299256092758300937472358813926903478141187420076348270258892316244702562847755597237603907001496778043540512835685481075538089668912911166862511974383253731651144538809112598470685362192849367203077451816371628031 217532259276575579778680499116853040461709363584047762481048486026821527133049606550722241772161577706296783879673374200493470830099943435117123478481318104990473086574715084303311345934570658331115659754502855516376378689677068680393979259911765218306563334857165286131069135241187450907948847427789436087357420189140595801512092154064529349003615510034568258891254764928113453338971418310024295522484290791336656220546802735932656751281657145508210471413910406096892074620445844993040973228492501926916827253980045499115641752654355564017914401443629471726145626981149118849691920601709603241328945238689208 -676614889974017662071464547554796737656141021889776769934675887338406106525423708050654950101222340840015600579842172176503585126389582139439926983165376271746980847389648556137361882334406980425567853890396173529321092072187811220828315429075902798041051332446990182869047264528658452396766467574345761 2023
392953708085265486797442128925840270515119847334740086946164993477763512631002053154243772503773829137831834794763755558538460139435538524591802542617049798763316809113586139840903302495449127542161688699147092338112927234357263461173473074737139867305675491918051614090744583718441571292635243500547516265301139593809386602271779469040582905826011890840921980133525869518728813130410069470802113589304216612106114337358845406827334382240148530274531502312397396276613094787657697366710427329080938696134950082686779879257046189471722347867248483535256696727925231196187665423610506632054462327449643262425432063 291440781082101084120554532330794474528233325458204105508798452999317879976651316301989464783067141139096222406221114110901381265941282131092408505205856762636895825210313208983723728263152824324018909145292944543896820092837464720572191868399030801526714711497260882157152262600147889990389652878781125579276116766750489715843450493396980902394892825206454147964220555142739255727370258200850234308233564447416575101108428934326674595900401179313302335712756451534045514810286741446947591607949765241255429043070565723171310250564715684293859566385105913856170518972435697621712162562989442588443532609459667 340035707222552663995219488123151488716760520108683886082901187961998625214220619365274239558630907095583487738726635313552703605151704603107595474809045447262425244830466761009374820140893287948604227113049325631047328705571621468859880406858685026342538947527322263407895216578301304142334341859288225577791497322244735483181601371247292688184991873731556346213879345900030457486033287914454907322692777359252155867380866837457581557069075031320299528099466594140959633610595916872874053161767133167025383581558275589373672434388443021681517089825941015094785132299895692581704673041723691241950379948324960 451574593800535857450968306837921290525224896458263142342944637399551149539755247119622140182565564057820355511132945425374915477077153976771171993057115129485344782052574897789840009086415089475039459759331499292356799663096449967022480197573926114401802324778905842070457090022376090367555511642784813 2023
392953708085265486797442128925840270515119847334740086946164993477763512631002053154243772503773829137831834794763755558538460139435538524591802542617049798763316809113586139840903302495449127542161688699147092338112927234357263461173473074737139867305675491918051614090744583718441571292635243500547516265301139593809386602271779469040582905826011890840921980133525869518728813130410069470802113589304216612106114337358845406827334382240148530274531502312397396276613094787657697366710427329080938696134950082686779879257046189471722347867248483535256696727925231196187665423610506632054462327449643262425432063 142237956758136004313834952563658090373896871517588234442594906525100686823186919067548738075680048763382233360740429944114286043192676471150334471720076583971837569992908552256067137943068291728334198804720414426797118397081725439260951599843768125150928270931776587672856349933654087005164249939713133380397578055888728834400309546522304927933160222616916712301074209122913539931410994010635469289157859610540716486919811278856210551384329096597345804582868727208016539735574408460816418715276913092626817910189884809612033540570560857666987391206956783007684937321974817842686718177373254612743039145615441 199684430605134571614452564255653619922370080833415792953910927983955291856363405287212380147973372428212459301826034526345338433014681106233660601460607541441291629577492534428889189192938106501065348786489095652542599466209010080559908219398295164905701612843648249924811345240689314563193502558793959532781304874039227621188633518254919605809188565183880999840016435288316653190537702923031958493798497636853845832523732190727949915630670044607085405108170533972937989392918089740306444973225123259218978762434300763629317473790817324631351670731159985533686479569848921640252439666772966696416542423084792 -442339464169920250569282049979374158733167455214804425185638713029574664001698880532554347299590236138151759262801021084011484675003329193368127328964525183381534193149129899401736020042519321952011012933240401704772880267990031096887244943027017463736451975160450933015324806043852550003083398180822129 2023
392953708085265486797442128925840270515119847334740086946164993477763512631002053154243772503773829137831834794763755558538460139435538524591802542617049798763316809113586139840903302495449127542161688699147092338112927234357263461173473074737139867305675491918051614090744583718441571292635243500547516265301139593809386602271779469040582905826011890840921980133525869518728813130410069470802113589304216612106114337358845406827334382240148530274531502312397396276613094787657697366710427329080938696134950082686779879257046189471722347867248483535256696727925231196187665423610506632054462327449643262425432063 192111917974993398635653936084455623305602694516545182123009196305506229153930494097268157665630488820617794602692829632593849199188922178464602662262280953188380075715648252168583596212628688436946015455880531827978603020325678063259221161193603589835143420309984451385371901617565858871583254324430021732372898898169954074731705471267683132958473141500817239008847482686802040937116571963731400314674593060937440539668395563755149046161506059837873172370965726757625177418966685069903817026679178134076639488382187382440640563656469663400777788879852072618327746997717403528801894093956733173529014279535657 278382558824326008806223752662807912041242700527022288700523777706791597042467633630505338101938911017404351831767996062937808670371000471943135104765926146103063656924583017599312252430608538126849807801357971634206584182100985263951248514267715269105428481514084838576395782554246528249347902142817767118992831122328383631535458102268166900585222644928468973120622393842202036288501473691807707684425911032836646226797980361243795558992199317046894892087550274536147147537945594406809732227591643399993388618269055666137551766744928344054043059258471089833741190424174777503475292254371433310244882881676660 423939072100725674749768470937618262774352044875378886736600159075591356962248720780268762354211738680495018285465701670371426250880931392706953560801669310141595775092851946300993027073545541757191169195397166776194818766943360192740391648634038254510324270328954132339320632223124001369201203152416017 2023
392953708085265486797442128925840270515119847334740086946164993477763512631002053154243772503773829137831834794763755558538460139435538524591802542617049798763316809113586139840903302495449127542161688699147092338112927234357263461173473074737139867305675491918051614090744583718441571292635243500547516265301139593809386602271779469040582905826011890840921980133525869518728813130410069470802113589304216612106114337358845406827334382240148530274531502312397396276613094787657697366710427329080938696134950082686779879257046189471722347867248483535256696727925231196187665423610506632054462327449643262425432063 283353990063485791125541462827435415468629801962887837343469563177741114874974972893811665315606096441210607283091899847199413330894710733061408599791421275325375947346434307135758639024818791613125819721851366066535835737450630413437591225853384348182752738113459545888395476437191241143753207852243175729104762078200607265863192388901313628493356341039385807148426752692048041936728236641117392260856880909091686171703569819858464373408426065142304060075593785819739864468590346608986593441180185049496687740366472952932200018038037882381403588121505763263603679290390816214244014383509804741223571666599921 340538971398144786571692548644451493024853818486388445126442508795228692730370146125033173842026204674281646983090673496603575223339872440487908238176856149876512886602559864882850189338844796310161104124327723373598911733648709718433503710601651909200098356315432832893664196990676705927341220059453129869288300041773968978587204352092024452897056447219580675035069542371751712541065601363605837518734220536220099387178532023142181827457962488963385146457559356132529721027807260448012494839262190721401625815692663740467383187267938829200468061405982257293564205421743296023003740255969709560810054011546508 -441651910820924244320765226576084497291944373757636900190735565007190056774674521516114973630028635762092261214569190871439369766427369649474429371926356360358406500821746595947561925999676343179939603525408360769556434291406660191367750814799647282443963859886969118795918443074183535186677722625672601 2023
392953708085265486797442128925840270515119847334740086946164993477763512631002053154243772503773829137831834794763755558538460139435538524591802542617049798763316809113586139840903302495449127542161688699147092338112927234357263461173473074737139867305675491918051614090744583718441571292635243500547516265301139593809386602271779469040582905826011890840921980133525869518728813130410069470802113589304216612106114337358845406827334382240148530274531502312397396276613094787657697366710427329080938696134950082686779879257046189471722347867248483535256696727925231196187665423610506632054462327449643262425432063 260807951485761201950056196942087832751187755712385442738544967310621468381517962152140148037631319061080082823643192209651655286171070005237087602563664630683964757041251212432582529176254251841071060143687750783301208120389825588876159517709058409429531749486527908264316398844601337380718582887401168128028209964899182313156065182390767702225135517095673295725021631129037308850933311625471319220721457234715572505528489486404632920102884570162323720686055519928835622401036121008146777698339493255030275553150747119524125925042295079136930320514391933963589414286898010880406811582043157902663113186201449 12314298237540419616510370736743081079542884235667567459569312209591197645898700704451559657294373368539492901784307628491910789434279956069389252037051948324669024070973392809994060863816013701844066367814512347621219016710804971471684539375882631252553893779673784354326119757855836498518934478393995057519999715067408153528850016096059005793843688749971773126939275073892345334373964953344001115991912715579899755190838571682217359302620998843734044669738616521641763151106099764249454108042041297259904183207862846304316763088425664971578289621885421270148792574446347564178220615117654494120280356254972 -682457323376959603452011963056947243795309052750367036192627690028264005489355231701890410800600383622165522470004587150663087103160172228885887138751118539523223199046520334665073455077789008498350125750890835376767787826222388251564549660229514590673495685430935793699462270968069748495517460779980783 2023
392953708085265486797442128925840270515119847334740086946164993477763512631002053154243772503773829137831834794763755558538460139435538524591802542617049798763316809113586139840903302495449127542161688699147092338112927234357263461173473074737139867305675491918051614090744583718441571292635243500547516265301139593809386602271779469040582905826011890840921980133525869518728813130410069470802113589304216612106114337358845406827334382240148530274531502312397396276613094787657697366710427329080938696134950082686779879257046189471722347867248483535256696727925231196187665423610506632054462327449643262425432063 414514297200575859083758234631242044863290322349287537607224319185973191221038614357209001599826296142620724870662565403934221225983871085356934215132135210076453856344126378089721790720156966182309439813225457738533740706722980112398704076256081037661050410150814517140067441475396895336228278257556922822039905778776760683586195374690161505350944408662687562103824012521335418509101703925411636146431508092510570156973732118322090246339119709911568484651034522132834962786289975778172850868022374012058343951638521553616281550059039932073787923235445497381881116754481646189562459607476888155062785299944841 452489287029738409007768948602431282300302273765757399633995890748918236599564181933986719264026586914798578614124114005585679099318670926361407946591184175896405122403554376263658846469751684072854692626050431834254205084764448769596252633574986221946278635955825263395021964340459521342513847143841766997919711802043652112209757830724732716934184480456327745355216242864207846029200902393577348132048649813461268278934819456876858224286721216782798453419675030796279774096684912844445832229698786773815112758704943112521276307766743316976852817213387615682025955499690160098972104608302049247785503936664840 240132394811430450463630956233038325548361550142311630747986653022678859500449530858178318516966560874997444297727426673903420367578958652302801176873499710059315105773238470146558968078713978597605022401014854152770744703694796927336753805314801399421702581238559679588215658754509177455701014935700137 2023
392953708085265486797442128925840270515119847334740086946164993477763512631002053154243772503773829137831834794763755558538460139435538524591802542617049798763316809113586139840903302495449127542161688699147092338112927234357263461173473074737139867305675491918051614090744583718441571292635243500547516265301139593809386602271779469040582905826011890840921980133525869518728813130410069470802113589304216612106114337358845406827334382240148530274531502312397396276613094787657697366710427329080938696134950082686779879257046189471722347867248483535256696727925231196187665423610506632054462327449643262425432063 311047530540642829224873176222842783900911462712480711725530301954468899277137715109441917297109656747813084298469246791642171049313119421334472637654868830927089158941294901306000539826117292731835382122982147975983564219121611036865476561064048446038329871576350959092118516584277922465511448049167565676530148908473763334763851211144062117340051368325751991144977509311517331559748892040724136225874649390550529877279422605712763933478454263408542578667475093975856168497490820092867729691532310379927657192578732102022506761730423499697593168682489167157806420644079238388486533612059062849592492867659797 334391327271865656445458915874803220661519200399285717220537748329786014493967764645021126591516059119229220252764739008696128845207418299340971086372222824511529944607033456941601708788002245050525027456442262424178728002342555145674224044146012951890475975375659256855971414364376669569226118207033000378351529893380466094568689460969140799419797596910625974082518460056313805287303722259728485977331401789406837489695877115458802343013471480456286408629792251034671478448448449219804179857517024006047750059135109393031197033074796111829804079257577145176688875227280041127148499104640455122331006653425208 -481249601130143387290392023462523993693176946092254789447924675516740607657150060913247108643119005306537626017891847688567871624999815834391401339555167519571641223617955396859424007739617131046944426312589041914765649429741565049136594624555693258372651621401360412099920530069589252069157759062588491 2023
392953708085265486797442128925840270515119847334740086946164993477763512631002053154243772503773829137831834794763755558538460139435538524591802542617049798763316809113586139840903302495449127542161688699147092338112927234357263461173473074737139867305675491918051614090744583718441571292635243500547516265301139593809386602271779469040582905826011890840921980133525869518728813130410069470802113589304216612106114337358845406827334382240148530274531502312397396276613094787657697366710427329080938696134950082686779879257046189471722347867248483535256696727925231196187665423610506632054462327449643262425432063 188492067703947523848959626407278512537634391463065070949770894794024492228385070727848460713746976602772983115589797620681590875304582840663263228998544270765696708797873607537584892507607407519582955818094703902791796886409966417038053978112879934384567185874939397252436716756663255410765945179465261812904332882270447938221328856168289041136778651019440028143280198761643690361069452460935978351286603475090193564756418199241914380129686823157959891913613994602781811606402862846038637778006577720206034052126367380018516908563657861487587384319284807736950718662085799452172877781909316636627506628916341 279482762088275435863859891091664949302490936495476973781801930050323974380894026677861707204451317619295080672586370500795721760422124802293294660983556214971937086687104884726274068060704759270349421054250277530903316134863142137426558715988410282117804773264647242240908926267258111983390795881329192503215402696431332887658201549847947111521227271621669745162544898565277848786162486038118346886427576218621065816501529744523397802570407562020765985610096586773635892035608500392026113735878515612449390001410449587705088479601644704168574558219476208107864503959313160497376202652001254104688531433213160 -415687759102526938399809954173017532214448712349244739605913481055032468921322776389499208742105228699387277805088828704212205497240726984300768069695395021409184325276427622898233779659545753788693973073808749023965739961231811140019595509573773783892509535492763390714838972272531219645739058029360363 2023
392953708085265486797442128925840270515119847334740086946164993477763512631002053154243772503773829137831834794763755558538460139435538524591802542617049798763316809113586139840903302495449127542161688699147092338112927234357263461173473074737139867305675491918051614090744583718441571292635243500547516265301139593809386602271779469040582905826011890840921980133525869518728813130410069470802113589304216612106114337358845406827334382240148530274531502312397396276613094787657697366710427329080938696134950082686779879257046189471722347867248483535256696727925231196187665423610506632054462327449643262425432063 274075959845753670305543700383332852758335335485569567519432996722368485919370384144860427874230715015852785960770445440440075204303971669027079129943802050062899858860083261070511195286571736532809035687009225387886827462904206077073427948330198934177487379048010363371673732851834182268397332147837237340649083412265088058774434702337294858937068947019608192044328672077885350013608755218404657246309897452899593758618170914384351917496881116193270428900784219522072073333744564780329211876620485642354888898353807731057536227645412935319922697179605659408505683392137873284046095797602082487504127114323401 421535549837365139711388225507158361140606395289048349295429203184455803888730712886912236584927736511441138983890045894791256370722920492544715283068480845481637425116222585970098523097904434170316961771079062945079662073779268926797169866047276087080667118251630532895443061905041456523273872685404784029032214192806680965703806696578565689608270376759767400410462019401111394794609436761235839773611079447308866996546372286692758543613864035482015297971740388910710158482663238379495282817990718908824312135374795597441246407742665549906020481085145387382104011566345057281931157000582378601487600629715280 -168513965896490454399666900170703781283999178133562482644791526465316757623471432896676496052624679316480277648771839134524892978091111106268989445634749825600147037491791517161337989570229309705994996762489952876486912498391054954423085964915766605645662555896685116569912802059578009426703944056553033 2023
392953708085265486797442128925840270515119847334740086946164993477763512631002053154243772503773829137831834794763755558538460139435538524591802542617049798763316809113586139840903302495449127542161688699147092338112927234357263461173473074737139867305675491918051614090744583718441571292635243500547516265301139593809386602271779469040582905826011890840921980133525869518728813130410069470802113589304216612106114337358845406827334382240148530274531502312397396276613094787657697366710427329080938696134950082686779879257046189471722347867248483535256696727925231196187665423610506632054462327449643262425432063 83326140187166238222731932437569920770641432705052044188779750336944103476013854714134198606376770905856308821134888729922331027820673178618674151563718281558800432847639285728340983143909006673257802472907327007004075512476431243092586714273770179208832204691494148866383862434095133109049857949696646574464636523976878178734493752953222596908793118879983485400803313063001472661412167948462657520287942621413527324099845582782564426238157047093580843361401099394865631245727136430400879279201264581347857952852915774667976505567782240507846624316114244076131809255031040638506740709358911193957555498964109 261894276730868285838286475530994644152835106012302272077289022046250567932766800314106062689418758169786376379845445517466366417417920334185103840553837567108726107400366144472701729332607225003787431433920139295911971598730178836506789374565028193159383803780197389454711233907666984359247309243991286124526178425644690190598867525654122205097180707758427748810399492950370386256802033660147898248322940191445075690656672293906393463616524400578842445582526943550259931750963573766998018246336618717891319425473988300202256254701159927738038270658391822851694703258657952547596381541115524649103607481242104 -109613283876729160661058063744743039199507031940589852252037884700731212165699732967702406249217318505939652036145880201563695764897388993598388995035976612766062566504552322334561103681175409450610882957352906042847977789445712244069293807121263611417787864284489522799379969684445492041763094535302355 2023
392953708085265486797442128925840270515119847334740086946164993477763512631002053154243772503773829137831834794763755558538460139435538524591802542617049798763316809113586139840903302495449127542161688699147092338112927234357263461173473074737139867305675491918051614090744583718441571292635243500547516265301139593809386602271779469040582905826011890840921980133525869518728813130410069470802113589304216612106114337358845406827334382240148530274531502312397396276613094787657697366710427329080938696134950082686779879257046189471722347867248483535256696727925231196187665423610506632054462327449643262425432063 50088575954268975268014312006510381939561754725281447396051631551520583115456065319394408002316377614325628268430858280675737381448119885618284035024673000956567324041232888742776657677549422839200166930306735632290328685533339303524792858946999633871349541348761367314752989101589735791059876394195592131782171354309518271197676457551988495890828122089395039132218487612846279823969697620977607758083498027508630140223398478244518174251508334887920354345985702739247061172651441147215419755286012393604170980822188090732240575259578559149384719347888804093246873976925116722748958400589673935862061710211941 213789538268664671773393572004820905729253496317577037355435303849654981391304351294681559311020537350264628126818551547167173146934349393868549000043794259500939721651885507158904568109950613626480321312709283445229203596304208383224138216970215560238050047691123679605329153263587539624044743270587068671106767028666529129535052622824868963873215366805970521085310020004736369855903165519930839352560183705785985681285495013569345238180149013650573764455405494491914704205247438582434001744164344683867006391532095013684126202532618457103112517707134374773765424407584591511057669587232014386421131598096020 8222746379861755033819941569732358593109428160659068233494473082730939958864598978657279175299635492052305965491410620212269592393749741782756608902037230426515517564903549712110356950495343695356461059379628809659201293722266121273529277308857099268611430677538239204517061291841966521859538832256787 2023
392953708085265486797442128925840270515119847334740086946164993477763512631002053154243772503773829137831834794763755558538460139435538524591802542617049798763316809113586139840903302495449127542161688699147092338112927234357263461173473074737139867305675491918051614090744583718441571292635243500547516265301139593809386602271779469040582905826011890840921980133525869518728813130410069470802113589304216612106114337358845406827334382240148530274531502312397396276613094787657697366710427329080938696134950082686779879257046189471722347867248483535256696727925231196187665423610506632054462327449643262425432063 159443443821096247707950547918967543804136065155956269571835280122719066330460489648175398990080869727918142337203016291832310542709459106415434306899926750928648440020310035455196132548488674717375663277617471418860707848113926701456131398660584801660548875154947921570853260047066417972316247606758672500478347195463542580725783019637585721281208946595602486641097671392394655944562497804853450423115205029709726434842670152969787926859985552466477132380077946269364838111430585908694270480116290530062309243611084795874333193335406694970583344539657547172937854605964061405933445624629628968675893684565031 151902133529657396060161900843054667600074828157717879223005996124496588927826998856280865963258279576441679153440571649115525419039070640735486578448979621363233626955250314914048018397331821940417119309677996565598204101042108674709345025275713628589247657216569864700671031887990578042663178638189187766471992557763615447358274061838550095417578144956446065804071379940132517382262294516681650852908879962137606913957930271601077864360470496231979962637874339396003771302189385135397502398811558878185668186454041898736531623731194552935706153026584663261950555681320235361080488318980149475662076886801208 -517085612208439354757093282484427964785007952429233486392839138522263914145468660175562435148287308496005515871821044168921173672005595923905527302703511253424752786160970420542456453910116906565445618226683148286687915841771132568129758634912310792140699880187898448640642980317722030691552366495349511 2023
392953708085265486797442128925840270515119847334740086946164993477763512631002053154243772503773829137831834794763755558538460139435538524591802542617049798763316809113586139840903302495449127542161688699147092338112927234357263461173473074737139867305675491918051614090744583718441571292635243500547516265301139593809386602271779469040582905826011890840921980133525869518728813130410069470802113589304216612106114337358845406827334382240148530274531502312397396276613094787657697366710427329080938696134950082686779879257046189471722347867248483535256696727925231196187665423610506632054462327449643262425432063 460653137889333666162663155685158144541168516983556847973992634824824824268558382465988281700428879590276007162111861575897913542746070828614300419036368867008104358246339960065076230983220059911383213201549297322056237194891319301420236485685358707697485182350426405933856212794862898019828287089895624316956802017875065172349098489516347512335004431323090318229164044860942028308945090072559504300078787523819080123226064715731514003370682180668102163672297461897750104707727614980549590581997367426199613415195918525534427307070296400153452376324721731977229323495204016835839439225524489741057408004315489 467418011305870470285057154224345525912610521973719490494827805324720788801335212008270572388446213584286146910066999070150500964504419206658144356703593798654108144837867967092425331828577751798487747072632371143755064762186946687130344011769595431376006951584715096908525198526814701971814047691830822982175792789212762735353877673403235131388411709684072531285205707685183201617508742729585066396614616589996661516697903187288711535067180765021299260732870449569271718400644811627458908929030902628819884847469219633526877814919841429542080519453223841446281063791029000694405919044646868262842176622664648 181776039064033550099667144289365143115088118846705498201749054931185334767528678003008036025580298045724456708732708022249791564974023693350309982921990827200348517375469882168157776543767031444515088967509263198735266478147726906407291242140622044830130775215536544230316744030171626180137444868329857 2023
392953708085265486797442128925840270515119847334740086946164993477763512631002053154243772503773829137831834794763755558538460139435538524591802542617049798763316809113586139840903302495449127542161688699147092338112927234357263461173473074737139867305675491918051614090744583718441571292635243500547516265301139593809386602271779469040582905826011890840921980133525869518728813130410069470802113589304216612106114337358845406827334382240148530274531502312397396276613094787657697366710427329080938696134950082686779879257046189471722347867248483535256696727925231196187665423610506632054462327449643262425432063 123794843944561602217881680999237995119586624376429744835583601522010286400145375633135787336910399043454113183515814158517984279050868281927491454918111078336914426572954784893894728694077996069532697463074800599791175441589274243185694244635684482987526343527131481602540521914233884701360517059934916561439036399236691596948146843347591229493242193214232541174680079943774730130166148585422956822882510498454001609555087071928060391943599505458721806943702661224968631901384372020532471623008892310774955048674942101305518011706325331125627214274405599243866767411173355743518475122779796301897760700640171 312619018570811065318278085968290872830635728121239191803505769934176155177528512635121184724004110891408758097972096158597434935844004949613382288093875403838534762072584976905995463338564638601800359581233003075953013989927051435541624121431960120023791917530961965853220918931776129606438567051529566724012218270680122202939956585502890705842335654792654641115915563013228967039531343460947852275375663693230787279561132479310870741855513425315177440080336185439681444211248671897688090765537289153977632663726252271057624178249023518602530896430633264809771939290797663763730936246407351669312743180699692 125343601204839916433899375524989656291679138828050291515366328466725885015152247695901547259622745125308394338882318596631167950072967343194515916873048763237698974807272474877759382043203916234203583232735010708454777648409405348476641476908070501260964146082895080431664778808051151562097522766182051 2023
392953708085265486797442128925840270515119847334740086946164993477763512631002053154243772503773829137831834794763755558538460139435538524591802542617049798763316809113586139840903302495449127542161688699147092338112927234357263461173473074737139867305675491918051614090744583718441571292635243500547516265301139593809386602271779469040582905826011890840921980133525869518728813130410069470802113589304216612106114337358845406827334382240148530274531502312397396276613094787657697366710427329080938696134950082686779879257046189471722347867248483535256696727925231196187665423610506632054462327449643262425432063 15184890015810372613890712301888960046096379751457453462445716555314783206585738570681276546037076546907184856983029316796040646012576619971276775390257259397644114298655489595151291998315001775114439447583825292472592308273947655591114510321838445671996131925256541445819488455212939929756262273416044070764284341132603115859942085190872916367135639998165594777171360279204501085364017735593791237973008374144695691783358292207831295377396176550264834919575619797105307495361980142569071317419308093401099683676557403369685057442753555305399644363802189165683195335942932002640439678890828499997692769833909 47810594202839598371801629605163512522507935564581133605353154865069063223443299963921679612905637318509630323636712828797693521417822502456964376346405555771673619629432240219776653984849030032407101079902312124530793934547024720231642916896088097403398444326270322586639142694954805183825216475992345340895966666487607649928591697725035379054473702908437019024253742092346141358899335441552084102533634559954924345608899919191170954804873784054965493084776648034545327755381861210106478980393923504340162650767211926038430079762295571782122948097482428748182642805783052578554437199403861206333739854490988 -175539095122808572128839207370068603354463636482014452126023640263756891416342629862448739927723226393084833329353601007444235575756910182970833413591483790196079919572108743342722131444226582002777722941036748183245930049740191551915273613290897660127237737183149046988005654894011084682921572514639037 2023
392953708085265486797442128925840270515119847334740086946164993477763512631002053154243772503773829137831834794763755558538460139435538524591802542617049798763316809113586139840903302495449127542161688699147092338112927234357263461173473074737139867305675491918051614090744583718441571292635243500547516265301139593809386602271779469040582905826011890840921980133525869518728813130410069470802113589304216612106114337358845406827334382240148530274531502312397396276613094787657697366710427329080938696134950082686779879257046189471722347867248483535256696727925231196187665423610506632054462327449643262425432063 403659437724106282974310312593675927477958574496373654200038318812073460155965065690317576191037960937514519245271576937583343420741814756902762447191960032823605026035966430863779660998616768602147167372393245555720887328176004039864817262697419346200905155009417067139546884685522933840807181725777496793369176810400065748115313357339403084992379662741628104362674940059439226870787468305240898902322612434021905542889315501045217615384737447507893159213098145844916189728174357298864240703489200063776720533614238018766249517948228586904979359512712574927058950694665634841662356291131055420763642041817797 119471629280617945207067375085064557766632080267435582414297411741815446740242701332899985761690359445022879742030102046528646354522576185508281570786261815162845182579738712683357638492456841854434935850258496295582764197209655812455059796967318802714461633942402793092409213279400149262090129512206632207120879809203829883444018590244449699377052249869195932749629279397696570082889625794020995596966641725336163838310478990934059649375343010487152201510227671480035298358546952983116703931976430377902436380069522455765205517928016295656441630671845559893185407814636336522006140998243258482380847598928792 -733744498325862527751454205886539633078602350838959875954865855883929646823091374952329726045449534376400782513617728457323398693584189286142501669691956710629578716091698345102451046247901207490827054709877387278202348747995445633052623155239793396403354940071362335835239799348532019925487976684174491 2023
392953708085265486797442128925840270515119847334740086946164993477763512631002053154243772503773829137831834794763755558538460139435538524591802542617049798763316809113586139840903302495449127542161688699147092338112927234357263461173473074737139867305675491918051614090744583718441571292635243500547516265301139593809386602271779469040582905826011890840921980133525869518728813130410069470802113589304216612106114337358845406827334382240148530274531502312397396276613094787657697366710427329080938696134950082686779879257046189471722347867248483535256696727925231196187665423610506632054462327449643262425432063 278031381893496457324183625868747894932921232839474152084670768896045018818850436939727823343709412362377806372649119903162203866459871371592575927772632804620568197898184652738010132733501976708225884690395317721271694717713904704805411509993292555298620954009878620594649079491888730789450437604569148634730273120660885815477751776028802944129107779094434397197768048905578702190484821051177393838698369881180566598268505258227476199445149294754953147664651685630297535661210063967083283801604275296710065426362485683777484149958120692003768614008368221378217883679042755140586467466025871118719331756370317 304761316354750006198421455726640661605491079919403064772503889454304889646524933470495686853598677640962617972106231653196122629058131289206941670233562867137639970119809628689011387906250587185221359051416497667176625399051867463726142476035733925770089474020877396074336224138263776616906695055398876216943742051033454160724112349829090673188475350487523809913980935810066604943001625190627783742244213003515638165567414548577491569432449298135098631734118888209591187533651394197547691709401498763333724134038088039163255761801552087904577305821362031496493016349894360469992168051702455235959229257289948 498365477151467450181437743764974978621056979875600186981792376449924504713038730193149167486980607044121173122280137888841261710890990925584592606062009085958451958492573790874562359180506840827345035605727478363876492982694789990799553216064067381689503595042299475924789075621873145385885249688538219 2023
392953708085265486797442128925840270515119847334740086946164993477763512631002053154243772503773829137831834794763755558538460139435538524591802542617049798763316809113586139840903302495449127542161688699147092338112927234357263461173473074737139867305675491918051614090744583718441571292635243500547516265301139593809386602271779469040582905826011890840921980133525869518728813130410069470802113589304216612106114337358845406827334382240148530274531502312397396276613094787657697366710427329080938696134950082686779879257046189471722347867248483535256696727925231196187665423610506632054462327449643262425432063 398846608234043038179928763795943469336925205448474856641196225235803875461009183863058932412976299355786442624911742271338660795868163141750394997931309844527827699208448001340924936387103925597127070192824275430604263678612621629145342447133291214913238754927775751420485020480797922729788695015208431638356659520224951220102704620321660609168497537818514253714496496309814413261270172839153969369761459907251656938301964001109311593696229882201163388392858433535752015418843251425625458726772734702002018170128166579287849830084729485167247239541923991406896730404096191939724845507430399127449468140277277 427792411048120037359454585891721542836678242884485671584775514746399031846225360742826655922634550298224476804537405257496789918829541863096293631648823263066809167824105844122837055941054946549622060928403531589595993519078649182460163251599297044037996689298278936430809003454873416471463167853589063876932851176796117191979793354623313753761450293681630949924912825396703221385973172885846719127916362128822490819991834378408767735153716282806541437428895138692914088712469215739754570562407284374059843750111210266218207304688777253612352244724028713402609234719241883532903630487928805966935897490684480 -327135251569612350160878437274871491163095201851607346141103738591628296838597089473469477157397527295511021810395985465307409707497619006956539599868865719549718339557385454722042385174372462634023814138657283369209472689662597413416975718100504818609580423103747777381059146514235665318484626434979357 2023
392953708085265486797442128925840270515119847334740086946164993477763512631002053154243772503773829137831834794763755558538460139435538524591802542617049798763316809113586139840903302495449127542161688699147092338112927234357263461173473074737139867305675491918051614090744583718441571292635243500547516265301139593809386602271779469040582905826011890840921980133525869518728813130410069470802113589304216612106114337358845406827334382240148530274531502312397396276613094787657697366710427329080938696134950082686779879257046189471722347867248483535256696727925231196187665423610506632054462327449643262425432063 191836737405629641330145112581354394993549244403618542879474445279023540768159042747657239682497169398496391956966236781425833286241056851266729261258085907333217108291662274311388280360982137752589005301775121365255078012283344529043125103699181491376997561723479898140953445022474571945348498588545662420217053958050516245131041786843953519677862626807297115177956098892267922631152102971592575926723793371956090762974944638071975895298860511311938385800568881608503699264093884051834611151773708845337545569782777050762683120232850905355138363617449451702581775376930184912078601061504966212343001198817333 340691329632693796042819248007306626750157839562183620417062063991349452333285824626644982905790149364215470530788015527985727955050971091994105874911406516218419407044744945693394151021616332096546764926626023791677205336711407139308042485444260482784528678581049940443412808099996518715671437288557121414079125636026410758150080348748586634462414808277734026178515185865174075831247018911743550553730209717364208672594573674475869156506821965318049000609843545633550058805701440671019562532992823436096876365345784417199557083080156552037145454251883806860213505497503636361077777843281088106145064695005100 -284877506799118340310463187099998492287698197837392826744579877977179379062393306015910484783994523627082193774419104867678936009994326730299591338461842182883683335368194028436015775994078799545818917235294954236510071738803216471402748694477340966139735935168028250905282287004845122818729719454995395 2023
392953708085265486797442128925840270515119847334740086946164993477763512631002053154243772503773829137831834794763755558538460139435538524591802542617049798763316809113586139840903302495449127542161688699147092338112927234357263461173473074737139867305675491918051614090744583718441571292635243500547516265301139593809386602271779469040582905826011890840921980133525869518728813130410069470802113589304216612106114337358845406827334382240148530274531502312397396276613094787657697366710427329080938696134950082686779879257046189471722347867248483535256696727925231196187665423610506632054462327449643262425432063 46804267420897733181290837633299603353353869816886111055148599704218319195475872017359550369345342388673271227921099674007582540322110824592897460727939586627794908824964487037622693771519564464720686267834691277725005823660280670132885229409515632342576546591219744986022573525678068658102113236416231872949515513067251352723732437556457832920124954755427008660205965433761060776453309169741427630173186259996411942891407788646928855991203370372800359169234190119165914050728058996047707866897601150463695086039541129945297717615484690258902214048829124491870061436150100653221696537181879560331937080033525 171482399172415711675088260847057798722670706235430038596276444496224111082615005919613941813547934158118345669250088161656835214361129000308464012863640802010891786711259224831364575024917410960983800533029856485124600509353123221160997470938164523999710016702597531270181192848185650040260251055713852130334436171636254990973406942888298887598594076179538372698172892426053064412643697997735934541327262700331851277753930458339626091415895608289008134225433561049487010198941898584512911666030365315065049332579667911517951125665622732086370636839518238445760827737462883338317585263575597837710381240781380 -185223524636197871783844430032984327120433436992261492191453499343605905848368103779781247564193955162474173187424309608161289933271200111437168776784515882313848626627127713252411177732101287438065620351138804680999011487155649242095821738629231427849142666427935098981832717587870115082108106395858115 2023
392953708085265486797442128925840270515119847334740086946164993477763512631002053154243772503773829137831834794763755558538460139435538524591802542617049798763316809113586139840903302495449127542161688699147092338112927234357263461173473074737139867305675491918051614090744583718441571292635243500547516265301139593809386602271779469040582905826011890840921980133525869518728813130410069470802113589304216612106114337358845406827334382240148530274531502312397396276613094787657697366710427329080938696134950082686779879257046189471722347867248483535256696727925231196187665423610506632054462327449643262425432063 354644523874790748828530169835968440257815040750483573949125196449210606454318082895161822033013896120073975811111135380792929716650163427853616664914889274117198406797139869765793022147737475356498748823975257859260519034070876472635198494857119654948803210004727625754861926544221885080818450067506561120833040186350847779516979445228954368470076894458633694213427730591884525603654365269343953515182830896953022476207172650047933490166780833592765879028834381440251284147122830579804582542267904226338461327871562389849936863868634494661689612314602971280293720228571780089362188330927935838912496601163083 434071548899162945233663253869610143927844095308580604253226435353754759592113264994453505195449711504021460739539750808063696479594669665166292003366611286711378694576558545705374534784344066363893923015560140436712302866794141997849809828680504225743316594498706493314337538809265304666272756356129577166899559186298960861226086783123864235831183136915318922071709746563927140991136355085694230474092987832961057542765950931949465635246293534562488400724344257904974550913695079689441840440303472976004055407232610871344559454760547858446504527858462724015187698393540065677018522580533354782535318106284200 -263940877065289843904744546010166168187533683506214557414690338782565292191270975399878202869416514774700790502999667364732140794595070456815190227227688491153329541580325613231118211552948340706179795308135810671426428565092759433473212690215991319382794850707774098709907244701756144822264982738919595 2023
392953708085265486797442128925840270515119847334740086946164993477763512631002053154243772503773829137831834794763755558538460139435538524591802542617049798763316809113586139840903302495449127542161688699147092338112927234357263461173473074737139867305675491918051614090744583718441571292635243500547516265301139593809386602271779469040582905826011890840921980133525869518728813130410069470802113589304216612106114337358845406827334382240148530274531502312397396276613094787657697366710427329080938696134950082686779879257046189471722347867248483535256696727925231196187665423610506632054462327449643262425432063 79865510222930155082948078537123180152005934876037873428650358159899178508248968413651736763336644953636681166180716594485743416999199787598037386229112762710509741411335160193353025902206533629266553132728824566008729519202543741980331064757817836665756739897827403619711137006895306919268152604396304332045775964858557547611356076072143341406703183349611260902276659964354707618133954787064588333106648982516032485056096325362685292172954085022005040023278566413670367048285807336390899191896973658025587886801601238254876894101938919129439407252230304381865132239401693931521547865780699603870381615185433 133476388589831789132984888717513336468648758916557835028257677443353010525076036197860840043996708591527249943098442792184618758524301497958871723176003563850730574087616446366344870023417891632396068477132228556280569929543498696577183784319674633861370250928666445882604680673192395292537241509032922079254435466697335662103728878372517204078583979234002715999219380226488391167205551133711298738032465541047815293356030509655168827423893427343556769901875506853797833629422524649791535155789839240166395903156604508104731676050588689671594295981793699594783102567223494994540822676586355918730905132191260 -366303250280906647086925613780820637795017743647558462502638524798489823834267703241986113524516045885029108385466300998035984412754495252472300263519491892424728938027347265338317571125790871628944182653979843088985366582054086043332605529945520738077223531418507234107514695235077214595034187656302785 2023
392953708085265486797442128925840270515119847334740086946164993477763512631002053154243772503773829137831834794763755558538460139435538524591802542617049798763316809113586139840903302495449127542161688699147092338112927234357263461173473074737139867305675491918051614090744583718441571292635243500547516265301139593809386602271779469040582905826011890840921980133525869518728813130410069470802113589304216612106114337358845406827334382240148530274531502312397396276613094787657697366710427329080938696134950082686779879257046189471722347867248483535256696727925231196187665423610506632054462327449643262425432063 96993475493626578140380413684550682601351654335169296457895654009950758200690747061927625926592138328449989914763740669356455965555484049145120792465684666220964626085736771565853319703600398873546898495489303176414448466561997888157742360363862973255104057969139147625489790950301692716594501576762061299500211145818895806576159610162887099469727470628668748446777224752811399468313078162915072256112626760924498171130571744832001836475613890431578880471737832672328647089847135398477201307906870754746217376309665624808222035647430989294241405669532665378201985645104934160413863382844085285524165410366161 35755097817430001381277654831965897266574105487661335969587350119099740277938383672754014205923005535620725135341085200478823097767521089437341359951267669528680220159904263098584927030929160734701932126701322889296762322831171025807227791935886005278839148324396348482897892229158274293439022961731491383997249988936529011434962664316862985472620696808042936348205536390280471339528753143561418565873937895587586021313950565484899498387776169373970515436537397363773511962984707778416708247625238492712230674183296320608737754894746111077336766014458742801135188139535789213483114332855478218676268520009840 -458840553120931763485875234486989182252253280216046692845320033550234676735600500336805807666757234528900892056600593702291435473182753713519137884125485311978313785914474222876986248163595322403315364050369510051061519483094606027185472985802509236229228440373869764778271843575521266891600319951254353 2023
392953708085265486797442128925840270515119847334740086946164993477763512631002053154243772503773829137831834794763755558538460139435538524591802542617049798763316809113586139840903302495449127542161688699147092338112927234357263461173473074737139867305675491918051614090744583718441571292635243500547516265301139593809386602271779469040582905826011890840921980133525869518728813130410069470802113589304216612106114337358845406827334382240148530274531502312397396276613094787657697366710427329080938696134950082686779879257046189471722347867248483535256696727925231196187665423610506632054462327449643262425432063 81345796786326683326642714267322918962647498862702188183854722597796326871432988629936201828197102621027566822387896409586770269027300343427256635244532090752088507664949655277695282180929516104671010865055022062994427563336221375972578934296220404824123167094701300568665101690654403497935089150044655932897971129859604850811182605040484266424307120137681657845221820787437183080811168119226444050229181842606734228524971990453473263182876804667117719300869567305677152557390447848703831466671760379523279279843437652222074529480969970657416361095176329050558270102182259852680349030816014614018912394141801 256422348523588082174135241738737733738362711116947646332922030187868953857594901319552133053470802587027714688667711994079890286858602284527200972390333888050078824950842507171900263221923057658174357984379337741472271738931257354648119734669637691391149136517261682005733355532328759597956182543730379020431411832669814763780058760382223017740285653123683369253681976584023358070789828240674712712548185567294401947872950688982363995800778682035216559849498398512643049424740977493972361465299852238094506181874626535926193119592802236821425157213530278997138262633208607168499243214559642988172338515044992 -123323954519490988138918786332535971240825904195382529640790578908002690416449535416154101799399929801519391758222140185333136029285670787769113433778587275743706513214677671967500411585462805728265878337467514303405474719908145777910641180693113135765616167501710210270437665145420134975773213555032169 2023
392953708085265486797442128925840270515119847334740086946164993477763512631002053154243772503773829137831834794763755558538460139435538524591802542617049798763316809113586139840903302495449127542161688699147092338112927234357263461173473074737139867305675491918051614090744583718441571292635243500547516265301139593809386602271779469040582905826011890840921980133525869518728813130410069470802113589304216612106114337358845406827334382240148530274531502312397396276613094787657697366710427329080938696134950082686779879257046189471722347867248483535256696727925231196187665423610506632054462327449643262425432063 316126894630367817814808434025375209151861488788996937018540093868250175090245696939816609659190779236421141003743118180361732099804743048616690318219979250527652406569709943311809520092265333492188664715314905942503054418108610852102132271226282417235952865133530245161535950467417466512753490428218967675022659140927220993221325203466560945509401122461828053494477840136239401256819757576974334451884515492766103785364751695591281678022266922676328824689324712298474262970275267230506537230264796795945655977770068301261402444497758639564161507931179394663173491554995540793342909255902927336164375866822851 307434165962125109916431405914450469562930616098505120341805399049600218656221859273122789275578779934760952128052446475166536710419533007949498677791667643920752536571614537297735943638911892781860630815058031693157132887029421477141426235292884997876882119421133809466895784550470644717978506371919185168591887243306559286360554447471083730229811382275486304534056596100204739060131437704327427563710129490715170442366864648846417157274254957989017365304909602911569855127217887162737082684573059580404588568121012956994192433474754528343923192017674016264706404674935241946288660943899889977175498586321712 529125484766288623440588060248742842421590563425724053898828225747623421187817941230630530833682983820763791622385290207485507044141497064544797527519128756725322366453686346112541646010621415064329495536492617290002262351535105983643187196858339714782220995266782325264046564922235360092906295771872701 2023
392953708085265486797442128925840270515119847334740086946164993477763512631002053154243772503773829137831834794763755558538460139435538524591802542617049798763316809113586139840903302495449127542161688699147092338112927234357263461173473074737139867305675491918051614090744583718441571292635243500547516265301139593809386602271779469040582905826011890840921980133525869518728813130410069470802113589304216612106114337358845406827334382240148530274531502312397396276613094787657697366710427329080938696134950082686779879257046189471722347867248483535256696727925231196187665423610506632054462327449643262425432063 464224062795801386037898001306668028717955007219025274500996909974374623703100201518738669741830180626419128188754004909609651596299834964717444419013127649003874462117802804273235949158589892794667136345153461430678726033499075288598507323725344638720221635545771295317120860920252041164404009370983043887557309009061856421070471883079334283761814924398978466866891225179958583015750617730594207807024231095644358826958116899051245918785151910865152150113023933487862933092417943858782705258638767730928940142813385972051899249410854780540829700596852123790897411889708297031318645551627670384558046361026569 153525067448012841308497077935465019259396331994724974036716883987530423855325603693389888968990083360191286436082569621296907027687276915796465841282558727331789187825815983567472012889314930173644796456110040903934370554019578965914430924477763715335539770772235662566715426861376445388180622092488805353991936368282267495990184141780788560190478660062626825975728216546989311530449469356483740006230903404490935545973245244810750543780334105958312001265633215491395182521304948133552328570546633881466001858273102645656033846836051816450843974365129375962620864125035964306280629846960458311145125565947232 727600033335184102850627953235333413567269428526008382256349645549044837102598729678903521999901480180313992453954595470173482928533638049766642552813177010726302793745314745948320219867307451724510164601916702296029546181320792275910085100006340923822218261261694674721184752380372028162996754441593353 2023
392953708085265486797442128925840270515119847334740086946164993477763512631002053154243772503773829137831834794763755558538460139435538524591802542617049798763316809113586139840903302495449127542161688699147092338112927234357263461173473074737139867305675491918051614090744583718441571292635243500547516265301139593809386602271779469040582905826011890840921980133525869518728813130410069470802113589304216612106114337358845406827334382240148530274531502312397396276613094787657697366710427329080938696134950082686779879257046189471722347867248483535256696727925231196187665423610506632054462327449643262425432063 255852976243772154485360365881758670510995251954789472355210908092424171039301714096932465970082009388273566491656371245929021588959798275762494093873680567662812300932648626869689716485698525740292214719875438802534634085630707980016309744255283943641843226439350160888372827584583548789908007250592797242919744991800235306950348455314541837500656728113063388956470972241406317161833813665642967162979637380018024011539353693251725985492132078024590182616315111355865916399054278691558032934548377189601498374577187765703264370307379312932652728560820509700521662303507329167864606802150507416388260150416687 425384251942487074597204643334926709699446010923422612120154152074600315468560981838710214429650270150957963514663622518526929363032903037050885554336566779465237505840766189126069147056263764411243472941902398070819864989795087295566212512753238284870423837283893284100438285617831684004239395273060326260664647406571794662173456458722237689717826719039905343338401580575570385246111613249090146570561243156758967755768712025004157032964600050815489178003835025560150369291498481457156491378541426383683205557354172545035398059843568029879987335748535115282558435727582498895795003977276074107374227310919300 -3595637088077119829810448494486174119590852336169128493329487505761840340419171436643371718526491007837422630453289919212043559296245273458563685990189642384516403226414741776409602897610630127820220970620965254078109840456883072998301544703049864320897576981586087876027430030435739202225430564762823 2023
392953708085265486797442128925840270515119847334740086946164993477763512631002053154243772503773829137831834794763755558538460139435538524591802542617049798763316809113586139840903302495449127542161688699147092338112927234357263461173473074737139867305675491918051614090744583718441571292635243500547516265301139593809386602271779469040582905826011890840921980133525869518728813130410069470802113589304216612106114337358845406827334382240148530274531502312397396276613094787657697366710427329080938696134950082686779879257046189471722347867248483535256696727925231196187665423610506632054462327449643262425432063 333606704609526956325973434006724522468654216298695362651095083919724331690935497331778942981969427573378786106917969681420993551697292149682372250290795934980212519974950300517645098021980479188499852011280636950164716363248701351708911828894421801811926021298366932049786614633108787725536700452144045710172081193128913793087813247933266348494527857539139995579793045786838681037689122852473484776611818636365526724686189158557052363423300775760648429983721659577583734566397549061092637289953542618300466171714609340963093766380927080444119017403432220923961981246932582890867627965080786169006505331435631 138913593693264641508977579437599797658343483710072334850215037413940342629298567334346892983793964484485268310810096969958179432229999915609733556018476168182491027940589880726965822775264775383841954724527936184776014487280165635068461274148615946409698883270036323892979581546505905545480456732407512729045547971459774140623633440989403833128236516574500202981145376483067542454569507642058097782695888442444248084283023192618621340790287118319792601785813230175414756261218079211309985135615318888561691733851495348249784999733750809894180117968563706721164121958312221215510662849922806212754576521123640 -696658597458978674839896338907886276669024121965201628126198599360953932438255590371336714206111166225860558216856758018009397198104917145989045971700420975998803831805630231642698500443859794679404242556528583142131156569404275269506851821690644406791613452112521030952558283816967644981973030915403343 2023
392953708085265486797442128925840270515119847334740086946164993477763512631002053154243772503773829137831834794763755558538460139435538524591802542617049798763316809113586139840903302495449127542161688699147092338112927234357263461173473074737139867305675491918051614090744583718441571292635243500547516265301139593809386602271779469040582905826011890840921980133525869518728813130410069470802113589304216612106114337358845406827334382240148530274531502312397396276613094787657697366710427329080938696134950082686779879257046189471722347867248483535256696727925231196187665423610506632054462327449643262425432063 391619496042515387351365337303245166150567908076401188894124936141818121885140303937884143139942067887334000361778700857493488337627774160445247272007156377275354724961796513213318670272428562052573224335050091307118496217891887702558433692180206168561586545120097138058144119957274961704894057471739484379198709123507979154772580910781427978457873565391238615496914305561515287330103471637072328557703610338936564109210317858694534508742979511130676681059188563365989754146177178675912936984941622764326129626269186273003587731922990678045806155718810343649480576247850745189248568403800185958452282441571717 408041705163687025923346774985681351753455282476136016470213449477089674796510915833418705510972618737368523510569755759601370526052914497448987038858795040810324066816396566165538270231517419945031328470714772684787511375594212051335713762840620952665158910250205578768247972731586666194877148757600455591269646856561991595795895365402955092956341588472839246023284476012603438059580755641572698718250217588371404102783353144742012629272645763511904862445660364228534640273046039507501797385781929596069419296839588061306277351666065366548475307223773068863050332857888347688204479635745904125188370385927668 -381906880375481286224347344945980573215289006524117905511968255863812681560793691624735186153467734560486682500695712564958920373380512624872749265645571843959860618420497552379834150684819902707813892650143428500651274009822335693385740233533823541449772921306498299769607537862137504620323944828270989 2023
392953708085265486797442128925840270515119847334740086946164993477763512631002053154243772503773829137831834794763755558538460139435538524591802542617049798763316809113586139840903302495449127542161688699147092338112927234357263461173473074737139867305675491918051614090744583718441571292635243500547516265301139593809386602271779469040582905826011890840921980133525869518728813130410069470802113589304216612106114337358845406827334382240148530274531502312397396276613094787657697366710427329080938696134950082686779879257046189471722347867248483535256696727925231196187665423610506632054462327449643262425432063 150313853226803464327239386942378686924541096104938966409301629230149658059459014209797201316950509290068027975868978508968172461145095780962673941176789774580137069132820409062964924819358362113905419788177286126133195336560867212615161801652368143031289011853985128371097666504448639260709632431629788180946072654651475560670230245309479765951696671340836181611109150363114713673985830065313816602182058816960864305031534128711315708490575088722947024987925177500930705984722807274057459484639629585361183435089721753982740720418527052380286072144096259819393210953032775602402647720774969704858861981052289 336654206239808561219582705312820901859994324200213026734395109268840190429055289938625868382407677344991615878681786614220100415362000309810780893311503282484495601775451390439744400367533262969874968079242586091451983688079071041626683611373923150148388769370153080186083661696511273331069094759956423131433656368993819328631375066074512750480380733180360323927347690752973833113959178069767923935417943097756692651544083258349048853858844116490959809856115341053092288374149645311356226964187689312076735148537278766023481901448774421164097171873123768738834093332052688400125105681159718034636078430525392 -149989705337010341730606327810327225726978459192766335807920205675220860655582007349566266465500829757727221146998719941225219243592146070573935436640556217008724540193026550990197930236829616886833432602332154760325119856866937584182007862818662237033835247393799627802616016385144606926549279664984577 2023
392953708085265486797442128925840270515119847334740086946164993477763512631002053154243772503773829137831834794763755558538460139435538524591802542617049798763316809113586139840903302495449127542161688699147092338112927234357263461173473074737139867305675491918051614090744583718441571292635243500547516265301139593809386602271779469040582905826011890840921980133525869518728813130410069470802113589304216612106114337358845406827334382240148530274531502312397396276613094787657697366710427329080938696134950082686779879257046189471722347867248483535256696727925231196187665423610506632054462327449643262425432063 149904255806908683489807946478076417273445807879414029565570326657477025353925775733378072923157224400565317149767096136968940038124896756527096153101406911614318333568119247610141575178856918118111947581374045272596386769806685612935471669240922713969339767648256112932700311815084832140715848677290728241669456769142793749107140364088373475017133848674905414647439326652548748752320331213163791581981139813493478204804209429215150059421980919256007396825705240719572827412108096030874625793443100603469536571041941533095841653383597561421630120579166419934792845796331300014069823152009771717898264652092051 347431328719348384400717193774047326648818649898260292219711331808314068880706938693154762692534867130690627524313859706191573302610714577535134335249366099201574703541166722108833736996231119875085064890073557907101627411169901336461454838701964267471847008138878750915327374582743294256762606499506145937711084089130566977473992551245396040769031900905156382023638789270687500983952102303803104663218228479360814367492505838027263055307373475597382635346701311957265042762685624012146170022772322004215524605298590615822501189267358148112139418075513600011362526022237189592375572591769786036397118014727212 -55174683222315453283771537355651326328216486816604363059414115014545131143695309197960199017860212297320572065857159905727210778190947911797521807767971526639708404389100565608977951716096007880894696510899391491955952792068767896790690803343162524306209204918822648457125896626060219047872162628510901 2023
392953708085265486797442128925840270515119847334740086946164993477763512631002053154243772503773829137831834794763755558538460139435538524591802542617049798763316809113586139840903302495449127542161688699147092338112927234357263461173473074737139867305675491918051614090744583718441571292635243500547516265301139593809386602271779469040582905826011890840921980133525869518728813130410069470802113589304216612106114337358845406827334382240148530274531502312397396276613094787657697366710427329080938696134950082686779879257046189471722347867248483535256696727925231196187665423610506632054462327449643262425432063 32106187577320289059656526176686248575841079150281926938861529328958415723662020995189319778454933558923785049339768322298723544373872687964948189188427244045623521032345501372740691705838136803857258777751622433937865881090118028057675381618629524620087279128350957638469618183587563508070591671406289174543191732310936605892565057698396730212715518851423281265425732760024203233078121230027552442337765384758481472958747647739328324653972667718182961976761192963887519783900581682572672724176833062742439991194620402963346891789127359280377508098429271026075463505738099749846988351851963932791853988409281 149253768451517476241213751688148858897821852977253898462809096921555106333132890680236005558610105000103080749719975753789016306447702986603233949557437769529776044734191916211572225894231755697930093766838162077183949656694065151552078307611863421962403373535858668158800218078011391594020608470618357327614362391807156758843637778345945622474233002483317482906364803221953555621829490478384341563480437127272216732450608801777265616906228516911342303043536379715070021634727781493489782474926157571254220772501383182304639121093231351317017096734838298578575281964463633159449064493951990905720051004404552 139205055119282267238512808329763133080623043422234690677204280464989012591126008669194701430115628776510479844614283661014234300914174036929909481491414459803164880894853446490063677577177229411932919935848282567225009112640996132879341000586748079445884154369152278051016312259043121672217673507842079 2023
392953708085265486797442128925840270515119847334740086946164993477763512631002053154243772503773829137831834794763755558538460139435538524591802542617049798763316809113586139840903302495449127542161688699147092338112927234357263461173473074737139867305675491918051614090744583718441571292635243500547516265301139593809386602271779469040582905826011890840921980133525869518728813130410069470802113589304216612106114337358845406827334382240148530274531502312397396276613094787657697366710427329080938696134950082686779879257046189471722347867248483535256696727925231196187665423610506632054462327449643262425432063 187394062927225815698418791594591988432705678152687025736106247607997806350152745442874725770060002433161535850139710936394023364010386799451841975851712522784356430429554332106727075203258916291376200497199789391843501465275200928606825786327989370704947760515718005114861047371343169359699258355764235449898577804536551059152405982561347319821039550242319029674718363072141110892840839483959214697474784424331409817860486210140534926885496733989387100687718550729555457528039696321630980130977559803977175809592002500700319950993837104591463461656394024613725505105121631834846771137364578056489317722369959 329766610846483921887073437908635434334308052041502824093183142662351948878159368574900325797163622336303630375181384187136870643493942194376896262888198450540232467572628552072507871847895646293780335822104545004233465720500970315611177309832742841992983830724638014550983365113713182184571899030880561888265888146813151974562157430598416113504781181884120861715414404273948161963998874048347350081772704446406434003951298722190293236400634792690806388440535316919259488662761658409523692964216559559583135955067787774497516086970674318585884947115691067635511530967058581711095471367672953215143597215288188 305276228065939954928347637661198888290641523991856970930228040189989086214848804299370508379759287793033100967991374034777347410880137454445958280360972256423617798173585235430349826392598448744421287712030589383159755201187990679506671206486949955060998540691081466870959792603330773434796546997629313 2023
392953708085265486797442128925840270515119847334740086946164993477763512631002053154243772503773829137831834794763755558538460139435538524591802542617049798763316809113586139840903302495449127542161688699147092338112927234357263461173473074737139867305675491918051614090744583718441571292635243500547516265301139593809386602271779469040582905826011890840921980133525869518728813130410069470802113589304216612106114337358845406827334382240148530274531502312397396276613094787657697366710427329080938696134950082686779879257046189471722347867248483535256696727925231196187665423610506632054462327449643262425432063 81966266422596105171257580791497641570093388256673509270860739969494589669779446269647339929141495371683414523790633136502667513819166391359789286522663584783317507002085363392621456600904653817738947215398082224352377878304969481045678364350106198424496156080067052488615651855299195396585419759024876998519483960284584155199762970337322884135033288373507110602362279321004701608529935552453238541322829781038431233636399671529967418015119238021712929738825146503641930991914930478538913993855465000192206674790998833727511896691285329466188108244975385365845105331298438559751032522842074888051293846432729 268560931075917864489668070794986592954487881422137124869897081052120606318526121381700222281167478416925550473931805602261575274913884879801489323190906323635556796058598171617396892284899692637698249509050889720604815061473449704821856736497709341427264573963821547287883865872014260384182772525539606874351160819456228413308330459011505673501240239276090788915406039958439753346305007285946509757209315870789099172794504609611067676662896352548825325409705382208957617838572999786967952109958331475889563173424675569056565223884675499053947370451276590891977329874345517667881622786859430053237609008757168 15957167643819613637617204150011710993315002961808435466990459406449239322196043917080737841726526077873071892206784998333460803343489670746369190679922401474906715733682840988200376110363388034005116091247916183549571989415105784685885907995033375935742218404154880362237237181761957494757224940817497 2023
392953708085265486797442128925840270515119847334740086946164993477763512631002053154243772503773829137831834794763755558538460139435538524591802542617049798763316809113586139840903302495449127542161688699147092338112927234357263461173473074737139867305675491918051614090744583718441571292635243500547516265301139593809386602271779469040582905826011890840921980133525869518728813130410069470802113589304216612106114337358845406827334382240148530274531502312397396276613094787657697366710427329080938696134950082686779879257046189471722347867248483535256696727925231196187665423610506632054462327449643262425432063 182585231629791254909981941226655314423769026666737714336255686493229442760393153980345893465093343737005835421124239202494067019961392130350696440365027684359415715338848175767853523534991990833703046164963113263747808213834465735249387522213397889173587693233237208890229550535305720114292493526402789288377920114515711078078001106629456859275423888510950708933252836325824927396692695027080032005432143992563390958999121975369500968713386885037793468312408760338805694484679407860519366527810560652678032767509340762976630986445044604111219920828511907476781094616588248577064527137417067819825574452459039 223698630973030860735058428327033953648261271379656282922934288805921067846762835635815839212713424501847671494284368873887118079793835448272572682972359789556375946235190079227727259687412068539046873102310863060516463477131242202278543981638546920892108031760584831791876103079347468693747206944807944156557500003850310977572313243659351355551348352041768373830249275456197717736865519803319691637289150382439849708559085114365871196498852623527898438197232830128017572246907779090302146228964336334712100181569150324006476570107659634263248848426761384174375629179339090654181688848523128840478744814171204 -485107140611097794400894700892683124148170449897326436761945239150964166322615182508372229050914166560135421755447692518733445145038983205217487024500746356647946017209459482517479324460100621344260811704980093570438774542036925069464414278890420292275665178185658508189494421675174356751714274741692105 2023
392953708085265486797442128925840270515119847334740086946164993477763512631002053154243772503773829137831834794763755558538460139435538524591802542617049798763316809113586139840903302495449127542161688699147092338112927234357263461173473074737139867305675491918051614090744583718441571292635243500547516265301139593809386602271779469040582905826011890840921980133525869518728813130410069470802113589304216612106114337358845406827334382240148530274531502312397396276613094787657697366710427329080938696134950082686779879257046189471722347867248483535256696727925231196187665423610506632054462327449643262425432063 84352047599831139716290133331441534863685607489841038410576265511161391740981505243644600752994618979947133195044885604285936326744184770726057911565144756020922337680557030822343447274521428496989314319340047830110409374967160780630859606945955004070515908881742243480661570526835180744142541370653931732885432532458176279469145239784067837467022662593274436253397066575812471171935512020724799161698022683751051405752889134773347686307105037639666124536667356006870372910105823928881742994752431433585330302491484983542203546037557669020450208590245378843944148380025869342463056161167664229275607845833939 187269239533442439219137558561105699642501099263020235743561228684158600715472891480380855620043202553588791125252158181191760003396450134712166854109336717212499259345228137213171642800396393766649041347496548813010542394126382102733469119752027032390949709260076091624094640305872865224048158925961491537293013771449088588647880219065293623389753680400553972553404814190802749346457598600596357532594809518379644378243511780619116759694762565829973745916330298079837592462563776028815197358890959472593300073413762659990592390075547939647957546267168666736121412345043031238856668931462598372111875632239652 315264192134634729567976378464056420116669720117568019344562547779548256781703302350604608506870708745806120667389632278589993998351924897613378406321518473066644003717854403605822026921169265767151114386929803647959503542443079826940955643108681146134156272316723832123796862352314343750232898668599243 2023
392953708085265486797442128925840270515119847334740086946164993477763512631002053154243772503773829137831834794763755558538460139435538524591802542617049798763316809113586139840903302495449127542161688699147092338112927234357263461173473074737139867305675491918051614090744583718441571292635243500547516265301139593809386602271779469040582905826011890840921980133525869518728813130410069470802113589304216612106114337358845406827334382240148530274531502312397396276613094787657697366710427329080938696134950082686779879257046189471722347867248483535256696727925231196187665423610506632054462327449643262425432063 307992487012790697070474604497202568943306065863974158630257813743709358256894598400145260887732286577451876869646661464529177700490468291699802074339285885883165308782288829623568597413103625329338639692330011713573790288436169245954826706144707050301216091222864068612795564730298322698353955525340255484994679873313069400603273562291359421583059944197868179203408548967070082566680531723637113575624253530687801518007950808777470616041697072174525754260342968495100332421581649464102600595786390005007804520551051567518095705864438386450639110252723868929127228711954455707450089344248544275067110317357971 414158192956940575708162887311913059985995122827529779895862858285693029120646686179899995953632814620317890402756274524278963557725307195874235706172533803666702226520431444310738720190265859027138904240157057785913180894335227224651292277695512943413551161499594207244566584543044726104835266198020202623445267132741222061412757284924524588237367812237689839390875691084746674025468131788597377111370841930289968195147629869685510215176852468626985904679774561113208589975683087561449692305431965276976657903558165394865916505152825621094541648499340761639211479949426778612691502914489217645594499043164632 277445046776109132895018158023061884123567957618255124143853592064744011307748178521158798155295994457255286705765169731029611686293773787253222610675108368496584556264006424562646921191684427106981513039479657032088874202507891776152301000720054415912640183401088295952844584773184395599292507845162509 2023
392953708085265486797442128925840270515119847334740086946164993477763512631002053154243772503773829137831834794763755558538460139435538524591802542617049798763316809113586139840903302495449127542161688699147092338112927234357263461173473074737139867305675491918051614090744583718441571292635243500547516265301139593809386602271779469040582905826011890840921980133525869518728813130410069470802113589304216612106114337358845406827334382240148530274531502312397396276613094787657697366710427329080938696134950082686779879257046189471722347867248483535256696727925231196187665423610506632054462327449643262425432063 365914862959149547549570070708215599706860219421990417141515695436757886492506216107332561786763225675375597837100224859894324326977537227320685220032793149629260590143302338294885458109984667129253674294411226402843739189739629789277873767019299869094901396684899321142890881380552717346730841290561528977114985441239447784892218840957710078150732079287410472410116222302873150773113155102297816070138597480866912365981310865124359210135228596060980188307167655304985213045079165120788490565553750905934378679994334907144799774346557489716289554694562154362708681579700626550803094271810107251248721512126081 211898553109438436809140055630347956446087475570892965026967473499185130440458940530935583025741025968471414729190199014461418806277497262953527646321021434725825225510227985058478094464803195588072254416063740498212825492389247104327483763515314328561950143218615806181193989021510075312539377383416633933073571511588650612496137995777876980390918667013441620545146410358604204836285566439300611826913477591622894192771167930007814985798136566621753937241900377987639330173937591211187765393146479949384657974534230325181672935355078593902274210491990596706491534629195294450000448322283508496725944903355728 -664716672297388819336323382733608027096328455553016191967204203503935461012435282608754943808292838564760111471617112998407014946999240743699621198095723921441258933217822770129832934815230867836523592676901444098199319344929440735284249022256929347316443553713669687009774028771881584245172080355470591 2023
392953708085265486797442128925840270515119847334740086946164993477763512631002053154243772503773829137831834794763755558538460139435538524591802542617049798763316809113586139840903302495449127542161688699147092338112927234357263461173473074737139867305675491918051614090744583718441571292635243500547516265301139593809386602271779469040582905826011890840921980133525869518728813130410069470802113589304216612106114337358845406827334382240148530274531502312397396276613094787657697366710427329080938696134950082686779879257046189471722347867248483535256696727925231196187665423610506632054462327449643262425432063 36668455426350800576704457878526031020399443229141790141244533838417173642573357000110054265969770048539961475752135154465237237813363456785313782557897143334954572215405928131820805430607712575488516723557730604829833826991905447441633991172972693163707535600192412455601495661152611905560518493327603907558782321101064404891933974848568164615697776542407083655968251567666244117105801454139593390266326461052718689321636153917366495510832104653381032979883288482639751420352287967624132947847286253076069142108825760515433385896747266084507984210029215681386786959514537604069505526424253095424822584502525 180613175143246126273253166384858150344123982419371065174316626449986725042596506349785522483004516132741979859689615506473421484570143663644630500867824586440646035650884504780276403858975329432404850775493598853592678783397439802998615282363011261894895905257403791379957280322063300513027346877640901623424557467882739645591098446068361000808878170320388853947957005627733309748618774455017905594101091957901558231756532815120008589717039176548017160976681154361003011399920547976595736231842416788381097664013428919381581278889828647661949245175918723664868576412031879564107294400350919842511180108710700 -58624054755745409908833575693295058300139065666652840565150461053513232426897386575997405031205605925222385866631524955505739829576515683266087321569303018672397294876891222820665805298718787234764502167271263050538569679885595184623400212358658516219077932213997494672206625825331187565045954901937605 2023
392953708085265486797442128925840270515119847334740086946164993477763512631002053154243772503773829137831834794763755558538460139435538524591802542617049798763316809113586139840903302495449127542161688699147092338112927234357263461173473074737139867305675491918051614090744583718441571292635243500547516265301139593809386602271779469040582905826011890840921980133525869518728813130410069470802113589304216612106114337358845406827334382240148530274531502312397396276613094787657697366710427329080938696134950082686779879257046189471722347867248483535256696727925231196187665423610506632054462327449643262425432063 326217353813755470048706720154200839071923331374048754220227603243183273519164641706685584347430129078484129385952936620552068005237649075487316573259516824194397971059447057635155961244231208683001598592731659357974055463023130537307823451863997806464066891416125611626783927852105626241300062030621229842191945269158622794255995070643813511659294375805773442334502207847263060307918623421883529541448271612531362614566163141819638028370616570659597190108519113240227627901859870564466588579337841201365811129947448072629694977624694979811889771460892870529190554031389241989805421217395003947518850862502541 250323848500404909002872746044292660199463255293665547939869437438206308541400417327144522037466942020563251283717337581954745890198140085302283410689215834847360356205844485309122816560554161655804849055953198150290642845155666480940890952857865105347417559794925956724541114980915473914834674089075611052206485945457720566543951628271210299013201694316090495094728913380865039531833414354100420120142995749135933698671831336929905657933493864622921056936971800979758096207428581639595929364722528402238536321134910337726360109411488802539393040248646380481170810323579501523936036341083387891377751596856092 607678515941585400369459166300615413680700202190152297490431209512153388868432394941492388798299244569495809555849549112812919977254203262679557272710867323238637342873611524477524049400630484493451030413165846880406206773875893822888102507378272762760207578383498563316338696172138883089894954264817771 2023
392953708085265486797442128925840270515119847334740086946164993477763512631002053154243772503773829137831834794763755558538460139435538524591802542617049798763316809113586139840903302495449127542161688699147092338112927234357263461173473074737139867305675491918051614090744583718441571292635243500547516265301139593809386602271779469040582905826011890840921980133525869518728813130410069470802113589304216612106114337358845406827334382240148530274531502312397396276613094787657697366710427329080938696134950082686779879257046189471722347867248483535256696727925231196187665423610506632054462327449643262425432063 37253351662069770146787926549165578988758027078615215090816956626824354613964586746832884591297344165813711695334784886539128035133810295029706352662470651928891262467408888930840638293914492883521590731011499701981519481436921046003922621813043545651920130227500130160615555630047636497837055690467448911919877048354944368567131414557691443117605729207699289130866051033881983939000563165880517221328861783637595624600478175747841928855153945510640875496124397501427288843676168331484368105075679711727321292257812166255093235428011258381200621246355553761795338578188135070926523143284786733871617469952339 111342361810532847409784474570665742594784768997733489418022864555491941879063988323035959380314899699424205713511034263494892720971797563636889581044984536504101217848054366253287699391462318684993728213893387195503400772540726545278901993730402556052524727146985467758518877626909072381189071624936861086170752864022407873127464364961298803043597904940878082038198242524303779946678796775023479907088705476138650541948528513680766052071795125836441907839974100002985303201918940206466796149598748911750468132951015871465856144236534044494064000211907964819501683389230078729263141440757625041752399155456704 -237122194303192041741865913170745787157254912736944426686638067335018490710322367619473163424440931554649693880836392192469594205028301367435166075196241646481641809323919251117873429382569414974522815052806871766245086634550683863734865996465747824100256801123029406904410945859871293386774396739794605 2023
392953708085265486797442128925840270515119847334740086946164993477763512631002053154243772503773829137831834794763755558538460139435538524591802542617049798763316809113586139840903302495449127542161688699147092338112927234357263461173473074737139867305675491918051614090744583718441571292635243500547516265301139593809386602271779469040582905826011890840921980133525869518728813130410069470802113589304216612106114337358845406827334382240148530274531502312397396276613094787657697366710427329080938696134950082686779879257046189471722347867248483535256696727925231196187665423610506632054462327449643262425432063 237842940602018223170848091094339650539380720143910538525383127649089722589650965753077184500323467272811800832905962820828501522998099909764232756605575584539201877011559222664477972922086706795508794885622308253748806832079914030155741340593102310206478841872038771361093986449422247678646540148846212768958841768398501821116549171513267158474865285985568933306837410314684181228513421474330531900562577466578961123584951939903764850191803719556038120771289469193678657732204381502997721597489773630240853949256475945417808061813866882523457910332296305837158160328734264613443490400898396224413308597636279 398068199456636990435640825710174662381655406895058332470174881010425445493931200781139399606262840784313699903553858394515063845468981027648791559957013866813339418875715057468889413343351854173300147004510474564714109579936558485435886907416801992671754091321690476151698486980712068059390121954000072140684154070929302679043272256365214564732054747442977527152000179723934917426136780926768342415258098990995512914636418580833323233564150110980910702814301686096023042423602674041979712819317721608007169691340345180442088384881145226768916829952575894112221683251318219416614804715606467904645826878793796 189050309746476502226037663538608253298903849012127660807125904857926207727043702111482464064613515561052686214456722714138052492969840979621627486118347986298945262277880259168725787928214945179880203518931615586990851400960910784461728896098734058929802259248279460597945898300254634293737491062366735 2023
392953708085265486797442128925840270515119847334740086946164993477763512631002053154243772503773829137831834794763755558538460139435538524591802542617049798763316809113586139840903302495449127542161688699147092338112927234357263461173473074737139867305675491918051614090744583718441571292635243500547516265301139593809386602271779469040582905826011890840921980133525869518728813130410069470802113589304216612106114337358845406827334382240148530274531502312397396276613094787657697366710427329080938696134950082686779879257046189471722347867248483535256696727925231196187665423610506632054462327449643262425432063 453416356659630338457059215837307222192960869706756942940416096311854585435524130194490952534075766774390566941918847344837863397560794005290855280462207616376954635460749375195113566897893263336362112947336526155166083778246265363928396639018708297721195129123606709319567505789596144900790108120544040566023687958698780595779122062725545021004750236542436451295911567425223158160873666072151075130710977540890960735643111913203055158129251628356806256405298773163157591215373137399787344304399588258785154013809995845792125307531157819176811709593330194289203760075051132778275453583099423539968526977523809 430858964675107686036464335849142795237615453448271624802888003254790433805409342329209962244358342639966079355191092827680792533622636724484581216388162983821965473783165839760955190067801850290687280813881984945868218484982419785896321123296416477749062075789950102293335506871695296769126692339487382520746871568708283647233425073393464523043126199309238494315365366481892520968182455797922792810572900017232979817235233445132786262401060730048444842948261689422473264704599446571586069585244034842559402127141155531178342394547179656424675521641863779298928388462477514101487946233321087426203788095176352 -340164267211417448718288921161681381840249358678950077140970823589350058498517920797980260358164475563863862824325803964898406153343552787764372688468518066760462060725030457097954464256617152219748289434007757613925990075961285936220420922684483707727893357930312510474963018039607536265492080078557793 2023
392953708085265486797442128925840270515119847334740086946164993477763512631002053154243772503773829137831834794763755558538460139435538524591802542617049798763316809113586139840903302495449127542161688699147092338112927234357263461173473074737139867305675491918051614090744583718441571292635243500547516265301139593809386602271779469040582905826011890840921980133525869518728813130410069470802113589304216612106114337358845406827334382240148530274531502312397396276613094787657697366710427329080938696134950082686779879257046189471722347867248483535256696727925231196187665423610506632054462327449643262425432063 314477626334073412844727277097389041592158939333573954679056394265481776955528666196214902551178283937361928126223009639681149989867958388876792030322604621847953947578330478879915416755071535602944576648370119728059487276912965404297513504054994406951650084256959303427056035931407289026952756375176421481447115138543848320381521604035305928540514625901573760597850523319329879381229646312058359672147679007814305874650641444662587180721515883619849314608917346840568022619085258467144544632423899675713751327517939880120854013181139713915291558850840342733820753583923428040229045444595301247863141453624179 158210345723203102855058919257369676025414133882623367227227148985326068810680588912758594258385227784714296597935774458470504963755092118068893889438429546712582928982319352801469628372322885737195227911710660308732344016547673070826954161297069244047257277754312852541686950844411715932476935083621398940471956034539869331308850231362627022141638699809667650098795152072977389780405514307605114164864553890535241879232054814949237503768761806162015614197115675426505544625210893964333757557132132155808880517358525334624819496930577507603155624233194498672792574871888404101416190730422759565600568982087904 -674837948226262827952375190119181632741145714058243217022781562411350677309048693832828696586039673086003292682614649435922976950142354160264888145580673448878303761353620553267879599907317030435109896016461725033455522466953308848595977585219296258633755060244750972258866460270795403199336591997405555 2023
392953708085265486797442128925840270515119847334740086946164993477763512631002053154243772503773829137831834794763755558538460139435538524591802542617049798763316809113586139840903302495449127542161688699147092338112927234357263461173473074737139867305675491918051614090744583718441571292635243500547516265301139593809386602271779469040582905826011890840921980133525869518728813130410069470802113589304216612106114337358845406827334382240148530274531502312397396276613094787657697366710427329080938696134950082686779879257046189471722347867248483535256696727925231196187665423610506632054462327449643262425432063 276751708801373333535484464096889011055493424498499493849504189154786732094870157976456890030137759933522270473387087486786083809537231055178132499129070605189982982501796295226996713431696988231646003434963406610851815076122229069937161463716774086415378515539507586335224192308239336148191339855374075465015187744390431815601141717744100974822935201376924472394153228976882658293939633683785621840987833070988363636872530571204984224721045779973815347267847001188801254492797408810639051067159295420969639254902131284194739174901559075385938396258609944176107333203049191645949936261899702418143099931986089 435612553174201937380277217066470806938195900443641818224370323969436922318819037687915354268258968951848651350506247943980681982680297860714907930514398105199639334292486910658904226963750934958906268893115792783541752808580805768057442599248371241900142941929912965310643396535089151354945722597857693955215274743425241296901331458349599000674582529411286404855241816711106720734513169629104822661482511444323323370564411061447577281408777316024885817572710924911669486055054956097397020638375246810083127651213393812517271873989307321066544733649157821319896420761807656695995608322320234383282802957111768 22322610117864510754876829614263127313387754478461811550448572241266716738569784065284466580532449879142107163239390200247471970805342535248816166010347548558785205061013745510772664244169478658344417718101940596811659518715403667816774329512961658975733016841790306250027974336714573458012723962397897 2023
392953708085265486797442128925840270515119847334740086946164993477763512631002053154243772503773829137831834794763755558538460139435538524591802542617049798763316809113586139840903302495449127542161688699147092338112927234357263461173473074737139867305675491918051614090744583718441571292635243500547516265301139593809386602271779469040582905826011890840921980133525869518728813130410069470802113589304216612106114337358845406827334382240148530274531502312397396276613094787657697366710427329080938696134950082686779879257046189471722347867248483535256696727925231196187665423610506632054462327449643262425432063 123056579183061154320486904317720922148840306016829074985161755603854591793055778963631475559506894070552915617359623940590381089519076857268205655965585679448514764948352660450724431723488497815689838768283784301817788319297010054648466721409307438454221360734765030027239585423287815335219414396696199652298095900971870798482147440059296617202589105256207532013449496528741936509200283662432137315270185947222017139207685038569330355979362836765797983219668409026234022242604137548201400562860853299823517600887795118146429034325022404678971597103436291298687192803076006984912852207214485918325084557361139 321481356834253514726968467507015055372556586477507380250130487309502499513386789330353076511723626859872974321514353889417306261764617783962114530546830816458269217083818516638886941528976687175547036407849412064459286986486151838708028710028055414480740172187845020014924413384765981406509365172094099476705387754574713508395035152385495413400144513002876671483163919103779332750906106571431189268078626184167859779144562111211785669463376486895295788090778441449049364269960263608496623537347998004664885444848624788850203050449342157020678234528705693088171567343403703076324680860830774679193040642509192 8022975869769815295697379733476784520187780741525991178797708556368934966462304921414231157176343722571740706908402432264850901822779221676744856417189785429439872484774278423212983865718955515629134273684469395350589492508219057240577252021705476852472258799738255979464901225865440815654169830950227 2023
392953708085265486797442128925840270515119847334740086946164993477763512631002053154243772503773829137831834794763755558538460139435538524591802542617049798763316809113586139840903302495449127542161688699147092338112927234357263461173473074737139867305675491918051614090744583718441571292635243500547516265301139593809386602271779469040582905826011890840921980133525869518728813130410069470802113589304216612106114337358845406827334382240148530274531502312397396276613094787657697366710427329080938696134950082686779879257046189471722347867248483535256696727925231196187665423610506632054462327449643262425432063 62152156234645064407435689997065759652205082934782091744276559995187515334928474148923055111658092026667126313448351528686000296181293078014946201939837527242545001249263239810472211087232006287182424716037908533796061354185328308020685533861200401310993266797916603271376420567814367435190089836793480509870565349363181870250025462988754816258998695631336829147653295588246570127787817447827286672376529642256419506689459929318358603470207517149236225615328620568265083701759479353060640741927740480275256139302292155093936411127471319752250701197613515351614681758270607591142719592930425619276329420119547 149124126640221888777772496305917874187694264914243221617660490903168993965658942644513944471403654175775875207778638307346940958552413399527456543384339106591634651193538742492276253788483699547630893052708247557956343055202073069756216874461569249537035501509923608304098553395498516443608436099413883851298689218518091734001104297207276577666200371125847336655465298285033547504086213417385360619764156414170748252119283489637308912251900516272414013121389141713652376528741642974852188199566958214466595069494004326291623882617637245999377509545169872671477831184825358662390548979579987208332981059676300 293106464446704022258422560710534983787586126001525694905074964885340468135842990115185189922905783245770400772673357859592286983750177075526207561395727269531395054940371518057814777157248295851535940106414561675248088980389437813816645288039833882076397353173357400496728896313099558965835837971984397 2023
392953708085265486797442128925840270515119847334740086946164993477763512631002053154243772503773829137831834794763755558538460139435538524591802542617049798763316809113586139840903302495449127542161688699147092338112927234357263461173473074737139867305675491918051614090744583718441571292635243500547516265301139593809386602271779469040582905826011890840921980133525869518728813130410069470802113589304216612106114337358845406827334382240148530274531502312397396276613094787657697366710427329080938696134950082686779879257046189471722347867248483535256696727925231196187665423610506632054462327449643262425432063 414528986468080386503879872650640728883418775185883714446675360921792042285744647791900404997360060804878589058460921383308002164828545163983120684839560988073602794467673489026049845703516895848119435832198511706542561647241387130198347311566296363601242263615243921826143434958626994341987371663337938444085826627990511062062037314685599553956107363963700746969178678897278753711194346282438048871003490480822555421999102095005833839269503352628239192019209031246709962598986446542377452303389160971286093847926646839387710589123791530762093282326272422284860805371957551289381770874728750553034762958971059 405863947059581816357126860580723231345827642329911372882590250939440156689786536182295109567711201188857178985812692268633736492088603556878970601213762434418490541904346093246293835160580359824534639494461655874855536570541043671700242220821716898162833798532650304153784610367915254262821615917193341576463701731317391816249123218253280702124532346432400522725643000277661867867452795452787986413953921791346031743454098208558627296643231618410197692443551225554722709184260277494738748647283962326345318426176848956386620032260796217230602238315049165457586147378114871201670475443235092442149712554604904 399393553073617992082238750918163893931480299636920698419250652986446681809146713560891826201390376310035255627379099729786276860736876837334487618200219885213806838370011581790358327385397959279409009745243118598804278071648393944971822187474677840628111076604473388368213651424073641116670631852861165 2023
392953708085265486797442128925840270515119847334740086946164993477763512631002053154243772503773829137831834794763755558538460139435538524591802542617049798763316809113586139840903302495449127542161688699147092338112927234357263461173473074737139867305675491918051614090744583718441571292635243500547516265301139593809386602271779469040582905826011890840921980133525869518728813130410069470802113589304216612106114337358845406827334382240148530274531502312397396276613094787657697366710427329080938696134950082686779879257046189471722347867248483535256696727925231196187665423610506632054462327449643262425432063 293180913090292182856215657646073571345388428127981052835569904636089609109094354114483729635186008358477405387697411563754035651186679917254017148303217934502486400537796954354241342538845926403348873494338050483037902237921263669119030474751635333767188682569920326521643662324165551616927726019261614281620923702539763335780892836247947834365263153668052275446068480520763154332652969623031201935944840876640782153485520545633029708811176921554550964859979844255193325756240028092492191356385056356241776627784370300923426482014876112099580354637038886400230621889349528796991598438865629787489762540510627 6376791827294413068518263196522537566838587679936970357146509274640355678908417110630042872220617389866505738460978689840366473017965820437285455468761985101099058145502634559524099443300017887655689925482108043520892923533529047830476617407011263868315831050827069006654972369663781144194422563824689422138063537507543186875440318285584361947851508417623435461492527204112060107722098293870477709671304039023161018410359347606440722689518090551316299084483720001124556291099936932561025299015231441191101005694134647101345381888517125555263809777837475470016845907514490510003895389402181757499029964424752 706920283808406666646803099663180238206123355801787823459525399384160071263251393594583894440001035439238653915753032341014933870010520409974000203017656988133325010852718713369435825210916193280447438066970162474625912876762815348250494065025515108211574670718845313549561060049452320797076754386841821 2023
392953708085265486797442128925840270515119847334740086946164993477763512631002053154243772503773829137831834794763755558538460139435538524591802542617049798763316809113586139840903302495449127542161688699147092338112927234357263461173473074737139867305675491918051614090744583718441571292635243500547516265301139593809386602271779469040582905826011890840921980133525869518728813130410069470802113589304216612106114337358845406827334382240148530274531502312397396276613094787657697366710427329080938696134950082686779879257046189471722347867248483535256696727925231196187665423610506632054462327449643262425432063 65480187627262948760563539207486406987137588977433398580227557464119076808214330486603713552915617441548244488353267612353451800265559213242404598915797652808172633722645826652252652115593660796069712732499306211030223673316710564725817141605539380358654136043778802510820558651966742034045970734673922515979353852063196308323784064377759667561635522328843019683306351470617958054600773734537761242099385909113373530414542754984064944284912611896519547552916079260269473841853010743187194273051494674842534700794111085125663228945045227506535227561734230798602213180525149082640270431534061174540926761892059 228556572337672272402595008615094168240996190454752660984296169717845168954809912987393327130447327559040231277223974599163932211744071260868348252210498997789595256057739690901145296883818108902438402822344597565407729143758574254052788948727027239979407299541004195049113278014421717188842149837694448526575282565883577543506019824188837871111594931501048784700290252411353305398203238966191212881072210988214202736228622238432169440373298784072601675304480511540631065444090289369190761748236092739665584833292861350599835857791619772283080101363727610556031663654267743336021086027810530447212295395092572 129004872383316667673798236137285479455495447462838721925438052679378596742898215543372224578489426444370675002730644040242951353194265587658907611728282309672271062836168616178612106799973993244477748118656074849084406908822904298021132477479426751079463642645145547590195106284508693670521607600634733 2023
