# p q x y e
2571620657247041570276220117744004345347371548093280657865000932088842522699846693983676109157670059506227215002127552380449148685661553704636298617927657952944296265957815436501057905214969074050709003716731153996059665904175704214199730547058495099497087154644770120238503159596629852840929360336650239 1003832063283735390146147791332157274844669017571305646719420129690220116679166319330692389608470030232945544121977231526175775455292929089092927047519928533503343403234072984044566767397281039 1098299539039852205424573118759962683376527800340386856611118531497064766154062576169728247640892622380179509121302814823034953967010506096867333666659264482800443317612036974901503711567086644 -5437064445013056578654159050131085104025 639
2571620657247041570276220117744004345347371548093280657865000932088842522699846693983676109157670059506227215002127552380449148685661553704636298617927657952944296265957815436501057905214969074050709003716731153996059665904175704214199730547058495099497087154644770120238503159596629852840929360336650239 487106678785207411632382456029962952954529589685608135982386593667644053006254825464845205430306781088823622311351053381348015487806895524692163749007351395573336254341759501761306073592046443 665412948385097954988939461620149915318867253629635740620658864682749702591463630591993074870786634160029030935519427904443026826366578802604178113453577021672684960506562645198000498201421636 -12948245155342356324032344590909690601949 639
2571620657247041570276220117744004345347371548093280657865000932088842522699846693983676109157670059506227215002127552380449148685661553704636298617927657952944296265957815436501057905214969074050709003716731153996059665904175704214199730547058495099497087154644770120238503159596629852840929360336650239 731873112783450759305869692918930733446270229946118378516250861296401921902960469085497953723270999786366981334939721516547445698061478284707193759575360433411982017587809400594794596645787153 617630781419853671764188320953423087449707001901873755091677031119647429859582523930850713169941773493331717728684485173769409688047073476259786411410717701781922638326789733471461262352751552 17105572483645944007426520447909310062097 639
2571620657247041570276220117744004345347371548093280657865000932088842522699846693983676109157670059506227215002127552380449148685661553704636298617927657952944296265957815436501057905214969074050709003716731153996059665904175704214199730547058495099497087154644770120238503159596629852840929360336650239 910830254402520782579116968827898211407442573580545239321972122382547921089859673162632688765429556947910919507199950207404194412434536931575383529879634225893679934238385860991537938652913753 986145714088993117484273537778961090468454507531607126415290085389365649188191500026009950338759645655379531485434097403151037564586660933594174466883394495339445953316135952952344538726639756 -10354337012873433494735290671052216692161 639
2571620657247041570276220117744004345347371548093280657865000932088842522699846693983676109157670059506227215002127552380449148685661553704636298617927657952944296265957815436501057905214969074050709003716731153996059665904175704214199730547058495099497087154644770120238503159596629852840929360336650239 459097843560860984672605874272263134162365690316625141078118175501432485506276298334480787046165767733545246884472144585521673640402876737508006241521145643874161731683299978613586192432232649 735735870898018771433555334869937059707326308442690106479149193720497449253925852481206736475662102385434052383928862456326616195437286722866428785183496031624300465709591329092566445236148580 -10714533736930872927704650287703770742257 639
2571620657247041570276220117744004345347371548093280657865000932088842522699846693983676109157670059506227215002127552380449148685661553704636298617927657952944296265957815436501057905214969074050709003716731153996059665904175704214199730547058495099497087154644770120238503159596629852840929360336650239 258172182611298697857602120891490034291749985557016472008359992114297645389368402946955186654054539509666480148412075355931438047155865418737892382844190342532102134752538706874796983358507913 638430285053334032758757758953341874867663257086541627243512992726189170961415711853758819203172106661271676536888091048156420937376527914606747890591318746302504741669931920370705498157111120 6678533924239190116138790052470043698185 639
2571620657247041570276220117744004345347371548093280657865000932088842522699846693983676109157670059506227215002127552380449148685661553704636298617927657952944296265957815436501057905214969074050709003716731153996059665904175704214199730547058495099497087154644770120238503159596629852840929360336650239 1035831617362655576225773044912048340326875909264627525455596454427371342576772602998588890436001563766540060007547356175983054880062684859411294990653081628852980182784702920151038225816294905 915419916834184217270932552005536025292455154523437590275784356858433527064455414632127271430687057838167507252390856849047340771348752397890083963358443369862012432930488522581577042496806984 13257909935004929526485873783803286538009 639
2571620657247041570276220117744004345347371548093280657865000932088842522699846693983676109157670059506227215002127552380449148685661553704636298617927657952944296265957815436501057905214969074050709003716731153996059665904175704214199730547058495099497087154644770120238503159596629852840929360336650239 1107721235410112742197278304468638533319235389495354031651498294088005310956872583066224590891257765050726880403502827811325905332821353199291678035527008501457223432942411611221879610857792199 1038272515151577537731632817742438992565789069285418401657557674141286703197483375885901309386297945857374215154204814728033977992653116776479463600549773713796347607637264042032621429357607880 -9289133946079721213747182794618635460007 639
2571620657247041570276220117744004345347371548093280657865000932088842522699846693983676109157670059506227215002127552380449148685661553704636298617927657952944296265957815436501057905214969074050709003716731153996059665904175704214199730547058495099497087154644770120238503159596629852840929360336650239 276600699033518967801042902019781206682939675418795170938871540860118155596623899821265473098628077316962593041875245603162967475687545915375506462228828989848070972415155752080711942981262953 707507172614449019720556354025200554612078725083255166040240535252113158685449206146018772280522464617961458566111393648296270769861925650725004018434614207785648149312065645515627192393099732 4578702591065853131397377233390336722223 639
2571620657247041570276220117744004345347371548093280657865000932088842522699846693983676109157670059506227215002127552380449148685661553704636298617927657952944296265957815436501057905214969074050709003716731153996059665904175704214199730547058495099497087154644770120238503159596629852840929360336650239 1049960100405379102366608555686720729630660934842729915966076557205123201194145785329957554274800609897379108358152736649791886597281333722196484817566008265283464053264911107916541331188946997 412236686310380731038776944060026590717793269500798590322273376159002139233481528479668032600130115359684197317843976883469367801910355007370110491549259527138130189315449957041227348267781116 -20895584273863852241919640649926130984067 639
2571620657247041570276220117744004345347371548093280657865000932088842522699846693983676109157670059506227215002127552380449148685661553704636298617927657952944296265957815436501057905214969074050709003716731153996059665904175704214199730547058495099497087154644770120238503159596629852840929360336650239 166356367187428081609101051245720649524298482911178858460950807401037676369671449889641493472684774162211304228860149904198253983765661176654540749465671219724302493944143098000113878269720875 549188887805666591351655562989600203936467061566155539015454504853119842490601052616338421476810727654956423550723334546314452601684349633383040694887341802486104011995659544486347122615270920 -4418787423529485287248657055509560982645 639
2571620657247041570276220117744004345347371548093280657865000932088842522699846693983676109157670059506227215002127552380449148685661553704636298617927657952944296265957815436501057905214969074050709003716731153996059665904175704214199730547058495099497087154644770120238503159596629852840929360336650239 1018194356140898065192952495668281524066839396867815148320481896593017222651558139722931522518623364979197251956843109906399355131774426208639348973386292079294078444168858026166937064931965635 1007555615363173743706521782738887951768215542265475694093126654325772285739565767313321722802514277450857284074153747731862065977491260557099737734612476185139271682515888766837810331766302532 -10262448916804887557832932737565088955323 639
2571620657247041570276220117744004345347371548093280657865000932088842522699846693983676109157670059506227215002127552380449148685661553704636298617927657952944296265957815436501057905214969074050709003716731153996059665904175704214199730547058495099497087154644770120238503159596629852840929360336650239 489440441964882568706375061669780594107265055303883610351671060051707349768994920560466115774545754934817797857123620236581373077468765398801651454323601214713885273363420380576633254986874659 508468353794508806271669480690756964409203126078254439301422859590847781722357617282301790641363924161642912224994799768961451988163783887804173126097843296772595582629824655773479224002074340 15507494405161814955519157737713857664357 639
2571620657247041570276220117744004345347371548093280657865000932088842522699846693983676109157670059506227215002127552380449148685661553704636298617927657952944296265957815436501057905214969074050709003716731153996059665904175704214199730547058495099497087154644770120238503159596629852840929360336650239 796505235820663885562973648117823768567132987079056554718848979589150309046014123280647495785000339060891346482172371414266268317201227707949187663553323320784793639631054643967061296006836015 545916293260177504715690316152175595009725673052592507037778572281869887911722001716054904430431362042079754833742594982131343966449787234862746649934766093740761837497105220182395257928897984 -18546411167034584956694398062048905124049 639
2571620657247041570276220117744004345347371548093280657865000932088842522699846693983676109157670059506227215002127552380449148685661553704636298617927657952944296265957815436501057905214969074050709003716731153996059665904175704214199730547058495099497087154644770120238503159596629852840929360336650239 246848705608724809859993290352219942590467312594782270744322996229238935453520112159704718368143686827757437728790683874694360884048482890795050267059255062519985932620978159652605967997879889 680040087029083285517956911264992117426664759275825129734833281619143322711560720667299728822768929850556587404531492213119795365328419913279067852103024668588694251906140061007368735339678844 -3930447861960176705228590959962885337415 639
2571620657247041570276220117744004345347371548093280657865000932088842522699846693983676109157670059506227215002127552380449148685661553704636298617927657952944296265957815436501057905214969074050709003716731153996059665904175704214199730547058495099497087154644770120238503159596629852840929360336650239 417622989724549672552591170181939304879501890043120460637156172086688954537504721559189027231154355262058453871812003759745628526348919048081275707493287772431788805719639155296956672607094375 700530943056166071173736001572206365558456419841122262581782374294027365952008268613887719593718618783564078721049852620627046740864076204882172270893649551555405701512806664005913542358748920 10574108921802774384021876199974166389945 639
2571620657247041570276220117744004345347371548093280657865000932088842522699846693983676109157670059506227215002127552380449148685661553704636298617927657952944296265957815436501057905214969074050709003716731153996059665904175704214199730547058495099497087154644770120238503159596629852840929360336650239 837683306247047158488738163973287422320193241486269702803431718493180924279386257059982742133560287323539193179827375866389266908837955149658351877797316954611471351452279537810003574554474375 855434583471363826809350594047901466968706889710707915969663703879907377850295548762973099958144535776459276575842441009187518985716282161519651577310366186448173933764796799193011683030958400 13625874104977517717291340910622320840825 639
2571620657247041570276220117744004345347371548093280657865000932088842522699846693983676109157670059506227215002127552380449148685661553704636298617927657952944296265957815436501057905214969074050709003716731153996059665904175704214199730547058495099497087154644770120238503159596629852840929360336650239 678653569142777783449996213574759020914578579570547757125467553370742218033794249646971150199852427832974631047492997869907627213202380703944258814754532350635726742459681726898348767467425393 719023487709817277576907365480285570471969620584800316290741930418040774530139898910955992224804721407880934080434646895826309296328526571350304907033251146965944321357505057558905280635837988 -14895658747929735967388518810537013543513 639
2571620657247041570276220117744004345347371548093280657865000932088842522699846693983676109157670059506227215002127552380449148685661553704636298617927657952944296265957815436501057905214969074050709003716731153996059665904175704214199730547058495099497087154644770120238503159596629852840929360336650239 107262162460746667518469465893045783499223139771858871591505097573481977093238064379405198185771637629186820251688411828904432860143949432473786472136339660485222176125347396206341738313178425 118561676441701202444104883528736287348999677260887841977301569498420242384293513630388991530840080709728408209272701788856837659489670775596796206562497754887477257894330485164138143783940272 -9230900679840890861042165361026712674887 639
2571620657247041570276220117744004345347371548093280657865000932088842522699846693983676109157670059506227215002127552380449148685661553704636298617927657952944296265957815436501057905214969074050709003716731153996059665904175704214199730547058495099497087154644770120238503159596629852840929360336650239 354111694946153607565804051714159705378293846028102055994764666759841276752968609752348188479967829401451070265532914544600208579435622977231129485141875796813445136544274656551552397545169171 826081803811837616130845394185691645351271008866306309377624814624754742955711670562313738026300234373476965639485517857668616382308717183196255985715745567293470798005568013976302342372730684 14637843073858192285214561668860097653 639
2571620657247041570276220117744004345347371548093280657865000932088842522699846693983676109157670059506227215002127552380449148685661553704636298617927657952944296265957815436501057905214969074050709003716731153996059665904175704214199730547058495099497087154644770120238503159596629852840929360336650239 216152122690229959204316841721588319338529635352154205948970012860262782299878606236656233704618837893686209296854292562515855289299318933013077939635951754513490292466836352991420041697308155 594359231288512334114399412878238561178372751104524432709950475159116045072288717374282543354754962489821389839846516144606741223431779491209401492688403617816327176806210944859727253651843444 6017073630191908952107731141228567226381 639
2571620657247041570276220117744004345347371548093280657865000932088842522699846693983676109157670059506227215002127552380449148685661553704636298617927657952944296265957815436501057905214969074050709003716731153996059665904175704214199730547058495099497087154644770120238503159596629852840929360336650239 116454589635977978165927661274594363626589713950074394386013945544513177199141970029747769239012344086947216935897829713828417692792677338405892431499212339022087892591169592283846662075808213 373852085847394796692388835436557456087322717512433315205933930180034473670474491937906652834974422312608202972809584771701272542414178943327186849589582865397898994833853963562014315091516156 -6609176768150505693423157407530923952099 639
2571620657247041570276220117744004345347371548093280657865000932088842522699846693983676109157670059506227215002127552380449148685661553704636298617927657952944296265957815436501057905214969074050709003716731153996059665904175704214199730547058495099497087154644770120238503159596629852840929360336650239 1000562529275975156327265407190574691918002135047865834262470630240279965782447899028936603358414974433072714587559154625013189829964572645502623011503090354025275480721620219655613740824816615 147156343892553851928396986233698238520331535820088171292230753393516963247770703436055389498549778876783827734904891814592000173373854777218794902222213781361720487787582968730939726311832756 22132685384529611267021573891563362043009 639
2571620657247041570276220117744004345347371548093280657865000932088842522699846693983676109157670059506227215002127552380449148685661553704636298617927657952944296265957815436501057905214969074050709003716731153996059665904175704214199730547058495099497087154644770120238503159596629852840929360336650239 125231411442774484018327701071007463510241315263242896165575933860195403497170727956013183482881694142648958413685498130903707177723901891845973626636406447253976498484262249946566791827125983 480075391378132995902405642334633434536117927498521107388119664371282561673476345532077580252716404288602722147030749652956123829125023976341022974576428784303888188851116723187062888585611996 3920426512295620147008091644183100631671 639
2571620657247041570276220117744004345347371548093280657865000932088842522699846693983676109157670059506227215002127552380449148685661553704636298617927657952944296265957815436501057905214969074050709003716731153996059665904175704214199730547058495099497087154644770120238503159596629852840929360336650239 1128430784079141938933514217436321447928963117421450996177189783916012180053788134271709914916841375577352734023903826677712955780701673417156251344248726640828284003396497519787452294938336385 410279775794372708288295095446122670800127494543930677244178645406547292780551161318881870276022620980505028461433497218058527178216188628849446868896092361399911860668688619256563130058556236 20985449592014419544338297183720819184809 639
2571620657247041570276220117744004345347371548093280657865000932088842522699846693983676109157670059506227215002127552380449148685661553704636298617927657952944296265957815436501057905214969074050709003716731153996059665904175704214199730547058495099497087154644770120238503159596629852840929360336650239 85994662932972993544127479954290256430605260620920244559121012029010076998855657371411925859897365311086508904110247546744092053278874429258061442987566071883414626956955038850121539596687155 434482969742018137982746043940131047103038836671474942643229470947163404122878291171623829659055532992951399072517509371262483054625697227496998474417981908913619798034796379680489859054477612 -29503495490259605694555443420372755733 639
2571620657247041570276220117744004345347371548093280657865000932088842522699846693983676109157670059506227215002127552380449148685661553704636298617927657952944296265957815436501057905214969074050709003716731153996059665904175704214199730547058495099497087154644770120238503159596629852840929360336650239 354180035068400490309989890406946979916396082932611519943809524028147394740404763346211616414892710217911269789703582056080233705402847394974477068192303075547753302753522872920355637718423825 804661757979154656835840083133176771705788659626486293562558564408697938855637393962029113222866655229629588059419384083553366286818755272319324348588890719555279663797108445777180309305520896 -3691222384840244862526575321315036141841 639
2571620657247041570276220117744004345347371548093280657865000932088842522699846693983676109157670059506227215002127552380449148685661553704636298617927657952944296265957815436501057905214969074050709003716731153996059665904175704214199730547058495099497087154644770120238503159596629852840929360336650239 720390903988513059108483069054939244963491767988602240244984060792447524580840806034424070930016355016625183725370026547024949308631396017951148005357970879681021784268488664421368820705964459 319278816879624693426841049358393366536561151212690787885364410570073542033420046618182600378101940201509189478942455512557044917221514255281230015778598978660947260806111082362184912733712444 -19939831426870698679034736521981760784285 639
2571620657247041570276220117744004345347371548093280657865000932088842522699846693983676109157670059506227215002127552380449148685661553704636298617927657952944296265957815436501057905214969074050709003716731153996059665904175704214199730547058495099497087154644770120238503159596629852840929360336650239 491393647173935712864448721712601573283376613415318703786547936438593858659734522270038064454332517407355887059854950211779705310824321905532250584803797491904724176310229002917998676190645993 592680266285067903288342730594028063575155054907885394019557689266253081639846373934811550577648443776577021920007130552187044324839757263104969190728778797915649567293337367248759853852886564 -14332171804120398259767448751103698870801 639
2571620657247041570276220117744004345347371548093280657865000932088842522699846693983676109157670059506227215002127552380449148685661553704636298617927657952944296265957815436501057905214969074050709003716731153996059665904175704214199730547058495099497087154644770120238503159596629852840929360336650239 133772387488382854576029671168282480345568580289934406893466647103436083531212144419271792825637274497346402000890029446117905644273565599310513331153109186072409516413839734674872729813754203 521929810089647776112377176308877973987131319876918945634221004572909214247034346480962880281090751126818770367599872755442609901814654078175907853653554393644156390427273723057850854488850652 2403721565227376585298387790438435574547 639
2571620657247041570276220117744004345347371548093280657865000932088842522699846693983676109157670059506227215002127552380449148685661553704636298617927657952944296265957815436501057905214969074050709003716731153996059665904175704214199730547058495099497087154644770120238503159596629852840929360336650239 659150357426377098515478089781103577483383713342858141259483973590003456234997621061478553567103117499774526900643589168770846521418858015007234159310558706557623080666769779372827061692449425 233909263824015440995690251797216048565868568701556195907317536955955713530138991763281159642760995925124310266813021014409315547775933069624724866820268746470653401966301348526855460689771104 -19861731325326569572220848872119229582191 639
2571620657247041570276220117744004345347371548093280657865000932088842522699846693983676109157670059506227215002127552380449148685661553704636298617927657952944296265957815436501057905214969074050709003716731153996059665904175704214199730547058495099497087154644770120238503159596629852840929360336650239 947735530109095753600765365129729924110847368844561351762089503689070852336430629909398884007875614819780632292318085108847960391242381142478223466144407326369712866783432011053855936273130875 1111716835327377384389607867175076604267538117402182269392652966335050657260585509717342224931352277058472681833393851584202743365944982153747796885187369879639946218976503722347187051947799252 3292428150004502039594105278253643549683 639
2571620657247041570276220117744004345347371548093280657865000932088842522699846693983676109157670059506227215002127552380449148685661553704636298617927657952944296265957815436501057905214969074050709003716731153996059665904175704214199730547058495099497087154644770120238503159596629852840929360336650239 294118577338744670966799987571123529427909767255606479806187086309494113649153243512185367471925853228643587401024849215536343478829964052850007251021700016601172259054229404271872198646258473 104917860233883976787509009198365463189116937400607207263181294261746263398581379657420890712968210939534017791156263048001023379650350668127326546327952095646206765584966825871392535136971796 14932720617843774964862687521809187570031 639
2571620657247041570276220117744004345347371548093280657865000932088842522699846693983676109157670059506227215002127552380449148685661553704636298617927657952944296265957815436501057905214969074050709003716731153996059665904175704214199730547058495099497087154644770120238503159596629852840929360336650239 366190856778051494897649073360024326297463412217176661678552915217784789070430132913873876482606740152108149472847577853427572801841357664029177364517092788551535449021992691487526071587411675 121954772540061131511983726532007835054804987019765320907109861225664869592230389777765299249936524434604582751016036202126253313009626418220092513450334003033166688995101576480198215701280068 -16337404724370840109291016195038241749997 639
2571620657247041570276220117744004345347371548093280657865000932088842522699846693983676109157670059506227215002127552380449148685661553704636298617927657952944296265957815436501057905214969074050709003716731153996059665904175704214199730547058495099497087154644770120238503159596629852840929360336650239 1085195661860022697145811756363783918757410437934396496862638597612092035588962673924503401423507120269256867022810251166020666188036698703849563144713209530135811597967089037922270580044548165 663617340673816480363574907702635353126151530862857359048196774812617359828584883329302830993995746530284738037469860707107785192995100089696058300132366101767833517140127207699932872496669776 -18260888857974707789147154424787673467589 639
2571620657247041570276220117744004345347371548093280657865000932088842522699846693983676109157670059506227215002127552380449148685661553704636298617927657952944296265957815436501057905214969074050709003716731153996059665904175704214199730547058495099497087154644770120238503159596629852840929360336650239 205519046773192097540180119131037077137833981938127730017849200643048295491019073221448717618285097307221626559382700812862521497712623190816113999704800158701188923098440287169861371341077263 370817795321413057980245184645715397781065011843236724132238491965770660054798844974243920224510894179918965070864399551876062426646965895419986249906888354819710361318731064526817169755897660 -10602622835668313262183946835812874004135 639
2571620657247041570276220117744004345347371548093280657865000932088842522699846693983676109157670059506227215002127552380449148685661553704636298617927657952944296265957815436501057905214969074050709003716731153996059665904175704214199730547058495099497087154644770120238503159596629852840929360336650239 1047435566002305584999656535097001580167486787984992334341798781364256552217878656353379930438896903566351845746304425577843016172945675795617969116518042658253543427042698323787655260928923499 573995351313597207546772873049801015946852614047121672261682726909758401296668378544687344014611309133694469133162784615908858585039108230387024509875586785045126037137116808423544497386731944 -19349665613229981497532786821945798261045 639
2571620657247041570276220117744004345347371548093280657865000932088842522699846693983676109157670059506227215002127552380449148685661553704636298617927657952944296265957815436501057905214969074050709003716731153996059665904175704214199730547058495099497087154644770120238503159596629852840929360336650239 1025221469511138341548628788089016570692162175729147396023641242454540455290740652484328355994345337028572957515772118720368827951425828531575642760075785631022234253283891678808359087529746663 1121005627162119694911630284255442198684698599443597164578439608693219601171124924187629023805982198052763761069680920837441937070086213011053136373932168086736740853660704429462688067582860180 3473289317570796008235404750021112483585 639
2571620657247041570276220117744004345347371548093280657865000932088842522699846693983676109157670059506227215002127552380449148685661553704636298617927657952944296265957815436501057905214969074050709003716731153996059665904175704214199730547058495099497087154644770120238503159596629852840929360336650239 397954707386600779741784924481933967873307632882383043732748582002048159850754469803080594032674425088595310398516709799101452666003531265121611938785899103331136663584203693992702629145719643 805686733436676394027783530820450457467597623679257693985451888938580201473140227599836313936056275886078756197019740888569357570628885599178974056640375179827327135076337239871622441170724672 6245934843332856780241947676872549004453 639
2571620657247041570276220117744004345347371548093280657865000932088842522699846693983676109157670059506227215002127552380449148685661553704636298617927657952944296265957815436501057905214969074050709003716731153996059665904175704214199730547058495099497087154644770120238503159596629852840929360336650239 353313637429317257272893432048349843595128176286126369567232536789748060641654177046483816041384321740042872368494518575253276322474618828610856649436858355685127023363314151633290318713463825 724163586208233294025672794728330850092279681140093021769449240181318932622693317031239346493935040661332649153463767429492640043029561078418271695067165062942387896049556596106527558606138200 7807111355676115227337350607808534013745 639
2571620657247041570276220117744004345347371548093280657865000932088842522699846693983676109157670059506227215002127552380449148685661553704636298617927657952944296265957815436501057905214969074050709003716731153996059665904175704214199730547058495099497087154644770120238503159596629852840929360336650239 611334362039463759041963343307312123497752239923200757423882991924907417018002812447349391389517890213672554665875101940651685520517266518841078041307857689698133247020750428697370402987146859 340258292569739102777694306385144783839776219788309920877479752210004970402856703076051779986362905129851073623926933033321674740629934866370860093166343879532028312430177344998023704869198044 -18760341514330789035922657940250331940445 639
2571620657247041570276220117744004345347371548093280657865000932088842522699846693983676109157670059506227215002127552380449148685661553704636298617927657952944296265957815436501057905214969074050709003716731153996059665904175704214199730547058495099497087154644770120238503159596629852840929360336650239 170298436674829277196347549312795054981362323700566771558419465826867255005911723041800637868988357557677792409239998922330078744891940932074730881196581494392269327652640854221560628113891029 441262169665761792467985196653519290971496862119243949416772210664413161089064404832793665819344269351365635892173774756863273675372873133057424133946442627440106024540057226126286327480145044 -8004632660684092497648253229776134173405 639
2571620657247041570276220117744004345347371548093280657865000932088842522699846693983676109157670059506227215002127552380449148685661553704636298617927657952944296265957815436501057905214969074050709003716731153996059665904175704214199730547058495099497087154644770120238503159596629852840929360336650239 310893821694595667430950975269529847034593252576250853249583331992632915844233208041090519313116217472875046751831793823309788647370008110971092978779690969935606654393896784414388876558119845 745346045700963296977854378164447031688963255935627327354379720124355596404744319693954762190434411142137477733940707647567408402228358554442318334200077827264955651645083468122431123165573324 4708865230605499839417780567368540817491 639
2571620657247041570276220117744004345347371548093280657865000932088842522699846693983676109157670059506227215002127552380449148685661553704636298617927657952944296265957815436501057905214969074050709003716731153996059665904175704214199730547058495099497087154644770120238503159596629852840929360336650239 954693552955326933612521693735740466506537061443140564672172787814536935788689372099086609840776592294832705469280523944724147298167565627437173881683422361512026163761062293432845405781412445 945287251459478740508159822080375552693536375101493087445535956365546497943726447965793856673605933989980932217252748089580796692572010049141295020671949615609190887805831180020684627007571696 12041167633914374591120794663522406927139 639
2571620657247041570276220117744004345347371548093280657865000932088842522699846693983676109157670059506227215002127552380449148685661553704636298617927657952944296265957815436501057905214969074050709003716731153996059665904175704214199730547058495099497087154644770120238503159596629852840929360336650239 409339958830573295552470742927331887438437374051730914606086417603130802535814488185837886552295962337497268699652527382714541306372910222890614412892015908190429881164060940309088370347990503 84899221133653896632838390674844173260327774194861372456902191299388159216782041150825980613605236028149844319740539430998125256602460468071448933736644103646171527792334150198510441766308524 -17180085317760887490783205628954618968831 639
2571620657247041570276220117744004345347371548093280657865000932088842522699846693983676109157670059506227215002127552380449148685661553704636298617927657952944296265957815436501057905214969074050709003716731153996059665904175704214199730547058495099497087154644770120238503159596629852840929360336650239 35694689397509639935696958766951487590689346879636352789455883332327964475692363171286727346800096589936828144141108609733532898080855732541916564125008655283141069898108790674075847420266321 164563009040666848710516549694936714071458016515505448889744123722375381329197845273574017180441998558926527633296633906937787858725407184238724371924257779311068680800924546468784793348600184 -4542874393213716893667364238599844720497 639
2571620657247041570276220117744004345347371548093280657865000932088842522699846693983676109157670059506227215002127552380449148685661553704636298617927657952944296265957815436501057905214969074050709003716731153996059665904175704214199730547058495099497087154644770120238503159596629852840929360336650239 664341266281641852330299546747266429918069633165724132045931293544012809993765504684727097637188994727703554013747121763328769923945506813452298354095488689007349028417054102962931604692099659 1036192468026260807368717873952690727464739995215141840150722699884628428852605180786700453560555917630692780954337828033313542960956661005080913280090793485835363435424621444537361506396154440 -425064391546233490275989272126388840107 639
2571620657247041570276220117744004345347371548093280657865000932088842522699846693983676109157670059506227215002127552380449148685661553704636298617927657952944296265957815436501057905214969074050709003716731153996059665904175704214199730547058495099497087154644770120238503159596629852840929360336650239 502432963273734189026580989071716461965352783547349675952656884620683039713856762638508025455847336294406968915659484266209109683475343357357212993324583273944010035418151094863403723433595733 730379275667664419140221903166848691479663535189248705029132650100618070669872101876110341487774197212572259564853941825304178997426959734389873824349521282957360303650842063223322847324963936 11836112831263128054815472563416454423211 639
2571620657247041570276220117744004345347371548093280657865000932088842522699846693983676109157670059506227215002127552380449148685661553704636298617927657952944296265957815436501057905214969074050709003716731153996059665904175704214199730547058495099497087154644770120238503159596629852840929360336650239 165975711680910388186092612627309222535385312510465419824701263382669997904181802813495848093062911109037535964171683665413567705620642534327290350186132756460574532487955628750931158658976065 338491699634821413842831850578596753311971199262223133491238251225385115512104714537499809464846719081531718216429834528840268896110662115974815215908813790057272094670001464421766723186724388 -9589909391953726076780029311368728310953 639
2571620657247041570276220117744004345347371548093280657865000932088842522699846693983676109157670059506227215002127552380449148685661553704636298617927657952944296265957815436501057905214969074050709003716731153996059665904175704214199730547058495099497087154644770120238503159596629852840929360336650239 524817966848924607135813578075714015288523486822614720770716759569136782705971557352868369407664466570298551369647015953967276412779525385072503511731557505813895383877583276646119520052244145 259967910576941028563645833086958808389572032616261465075971943889361403767997910580457908048049232236558557383152938777019655826225306164941542793829953904958931131370893363835432393753164808 -18225456416309864066132558512510431627567 639
2571620657247041570276220117744004345347371548093280657865000932088842522699846693983676109157670059506227215002127552380449148685661553704636298617927657952944296265957815436501057905214969074050709003716731153996059665904175704214199730547058495099497087154644770120238503159596629852840929360336650239 659681126217247505658801997407457630607477980567582954911222608828763921660646486126943664880000958730303520041652688431801834709534358777726486309276406725847712247721603120603164837715676829 551530845797967810210146005790707347595263714189217091088542709684591438992088596613564453945698641761160265899212502309970884442501101806359821834963992669914560613034560840438933775242270044 -17253320751816653606276735036269662036005 639
2571620657247041570276220117744004345347371548093280657865000932088842522699846693983676109157670059506227215002127552380449148685661553704636298617927657952944296265957815436501057905214969074050709003716731153996059665904175704214199730547058495099497087154644770120238503159596629852840929360336650239 461992085088577073875087652768497146167410111234682437868407089307900700236796530434273696401381635917220975731968964318470121512137100577409284045634480171458588202708050658475965415651057393 914926506593238623641313053679076686434632630537482796965996349871969072961094806190428962228381643570421754313124125409906288173101253197086393355078057834239732072777968373676117481240552836 -1146199724144409387725543823980967347801 639
2571620657247041570276220117744004345347371548093280657865000932088842522699846693983676109157670059506227215002127552380449148685661553704636298617927657952944296265957815436501057905214969074050709003716731153996059665904175704214199730547058495099497087154644770120238503159596629852840929360336650239 634493888408614756852925558222697111065750472953894295512244453678640066864981052407817368904358279661994786333187262935017991649799328926708803258377998258609440997167314076362971254684071215 680368807753243488444655551018467029073518743184879040067843608032725854123175540325874775455359838168233306235030521008644867752110278498858666394843167193758170562318951946072591098025339544 15042991490315448340800632904668246580209 639
2571620657247041570276220117744004345347371548093280657865000932088842522699846693983676109157670059506227215002127552380449148685661553704636298617927657952944296265957815436501057905214969074050709003716731153996059665904175704214199730547058495099497087154644770120238503159596629852840929360336650239 1026847924927161465060618695409276860381515835070705092908278868291952148471709858751603790102397727324940752116667495227444001451031075997199331978745795373460357627665574176117532093835537265 509197891704130208996323190496077854218415816684127325337577187068859542017865167663811439978150128753095816951837707436817291371156879259666160410976686772352302763151408432238881210141574904 20001156082498345655083777444805827640431 639
2571620657247041570276220117744004345347371548093280657865000932088842522699846693983676109157670059506227215002127552380449148685661553704636298617927657952944296265957815436501057905214969074050709003716731153996059665904175704214199730547058495099497087154644770120238503159596629852840929360336650239 108429963466768424905522192158839260613384205080114233025661297419770366182964026287187517769008342177309201015677746508175990469065261348836934036908989533811153086446209457219212212665409407 467618055541181842746252931741322682799422851559513165841488350633343277594676951648915770311583658299995023480981143785397111674635811036310934479560534753360567756406686348195887353399296204 2565732208763260853097480697119612291753 639
2571620657247041570276220117744004345347371548093280657865000932088842522699846693983676109157670059506227215002127552380449148685661553704636298617927657952944296265957815436501057905214969074050709003716731153996059665904175704214199730547058495099497087154644770120238503159596629852840929360336650239 529356882391068871165333969153017421763375344796049770913030320153105802757918175524706674818606587908372055986962528651940770249184253394329402232539701136874141169699460961450765519286801873 319903284227794628967232726511437238167552791808022883126006808719651675909184839812670448837295729098894238351696367687349458250560526435676826812721984433250957771514701166813238571604004904 17911400127068985828068949960370319805681 639
2571620657247041570276220117744004345347371548093280657865000932088842522699846693983676109157670059506227215002127552380449148685661553704636298617927657952944296265957815436501057905214969074050709003716731153996059665904175704214199730547058495099497087154644770120238503159596629852840929360336650239 972769741583246973797440893849915873184451894973547316224827950708829325525718365602978888082497407921141406208710281092625032790801573791528003878308132507888249873400353703471349080439294833 1124832830565660509436389114274466176567407145630143940698959484855559712537823431472286695741012842638929829840606600624084603391523954177400904243757501834985933618387242629675123816087746716 1715964336043267033058908772243413816409 639
2571620657247041570276220117744004345347371548093280657865000932088842522699846693983676109157670059506227215002127552380449148685661553704636298617927657952944296265957815436501057905214969074050709003716731153996059665904175704214199730547058495099497087154644770120238503159596629852840929360336650239 656752500638417571136816691369509337060350843014071330012922687894914855373108641365542425032351967512860378233124839730817239205674377562868819869134308694061902079837432966422109426367449945 962776295068853673443544453203879041261977293356515142159093950711916529278189740256608466884821572831546665158175305772727055048797715698275736373183075605944840612349485179736751877550135724 -7376661920107576985888598174558549221441 639
2571620657247041570276220117744004345347371548093280657865000932088842522699846693983676109157670059506227215002127552380449148685661553704636298617927657952944296265957815436501057905214969074050709003716731153996059665904175704214199730547058495099497087154644770120238503159596629852840929360336650239 638055925100889167168219650776150507307785539519218846962354194414425992216337198326115732726781522661389966152531105122755761677443093399159854026180255542443455703607147673336666297642846023 831181101433256256969428552132595393248874581115273150894844882365344937031975268934253244706447775672019340963234917900658645065263855393304965393028849866194047581402878642248691806761256636 11791697347651629524253620420838352296479 639
2571620657247041570276220117744004345347371548093280657865000932088842522699846693983676109157670059506227215002127552380449148685661553704636298617927657952944296265957815436501057905214969074050709003716731153996059665904175704214199730547058495099497087154644770120238503159596629852840929360336650239 805066528681745961968373459203003598182955249527810253914500075457499354565828975655447378267711910546922651893491765992581588693844183403723202105115493776542477216184141306713749394965942991 472430634202716551524446466950578181242571673257818740193038955405210424730801227522892253456059880653703028823981345044830109188054911536364239848024312787920292905193218714219296089644405776 19373484738584230959632538357850114930097 639
2571620657247041570276220117744004345347371548093280657865000932088842522699846693983676109157670059506227215002127552380449148685661553704636298617927657952944296265957815436501057905214969074050709003716731153996059665904175704214199730547058495099497087154644770120238503159596629852840929360336650239 1004583489963049267940321613666621569915702707907756840171107795048857287731435156050851177795972088409692972096143274043324211042282138721886365642308995004163377896851328016862112093450376461 751158797899179140614569456874000130364058500758226587038009702568604763825401195805347622125624830377471075097804372202134032493369514986076206189632427252191919320791031091678965532317743424 16712213720999282411265963639370980426483 639
2571620657247041570276220117744004345347371548093280657865000932088842522699846693983676109157670059506227215002127552380449148685661553704636298617927657952944296265957815436501057905214969074050709003716731153996059665904175704214199730547058495099497087154644770120238503159596629852840929360336650239 933119381947427615098129008734814105191558178096091671624818228526451264802770462445574407255384186030554701751164713129964628576679414361464182248833938571327902816125982856134069143099348405 862817862342583630872225961758846521014688419298255284398116730294474516274318184853341881171251144272860100887133095635685328773928359919971997900120464267256310375208032891048702610158158444 -14130586603375052727485212310821769800381 639
2571620657247041570276220117744004345347371548093280657865000932088842522699846693983676109157670059506227215002127552380449148685661553704636298617927657952944296265957815436501057905214969074050709003716731153996059665904175704214199730547058495099497087154644770120238503159596629852840929360336650239 894525942775220377932212787879263102559490780953299618225636637630068736510781043693203463700621863126212896906539893853046346334325370960937230629387648390197610999893730522641945012052369323 1012093472847293200073850180852407640599250386481194769569149265155414212706615819922511636989872321813975829255980776405899143198556697072150478594953806921133415109051223772515640294147837496 9166949148980148711868944247041264389131 639
2571620657247041570276220117744004345347371548093280657865000932088842522699846693983676109157670059506227215002127552380449148685661553704636298617927657952944296265957815436501057905214969074050709003716731153996059665904175704214199730547058495099497087154644770120238503159596629852840929360336650239 375432643967074962929339331357101004479048068800685474941520276789748607950671758953805866425918725507716724464991855304797775554320579755766828523512720116070689005701452725540759195116824493 716663169158433241527721322748201148335517928265917273521191886398566125613876056731485347575953847396551103947307250397747048593202971201478606323392976166636553686159457585183077347775276376 8860386456773284102320824693245617613491 639
2571620657247041570276220117744004345347371548093280657865000932088842522699846693983676109157670059506227215002127552380449148685661553704636298617927657952944296265957815436501057905214969074050709003716731153996059665904175704214199730547058495099497087154644770120238503159596629852840929360336650239 137261066602411309657839505992622715833465012492631610482637614980238750635768729010766840576430534913961349141954675831183544842867378153284387039497789329028630849150291746223702907094237323 525508197587968507847486176701314738699813964307489959133430796192483752199550856859051692866991793417258464950942745213961016049600445902192645201459321551890362355929213551738621326351501048 -2654695947071392860937104331604057687787 639
2571620657247041570276220117744004345347371548093280657865000932088842522699846693983676109157670059506227215002127552380449148685661553704636298617927657952944296265957815436501057905214969074050709003716731153996059665904175704214199730547058495099497087154644770120238503159596629852840929360336650239 57923755790209304930383213329164559560767773241770716568161405322409111460855673554207530017897690140365463531513903435139394424905092636849313236350017740873747081955061136299658347488947863 283706231253142470430933329838403245339956422893870781336845503558077494681927219701746965254856412723327529838610821021347050209921413480350849497138918506985509111415548970024343242177697624 -4333474204674438624232008184289295541879 639
2571620657247041570276220117744004345347371548093280657865000932088842522699846693983676109157670059506227215002127552380449148685661553704636298617927657952944296265957815436501057905214969074050709003716731153996059665904175704214199730547058495099497087154644770120238503159596629852840929360336650239 1049406114563845647183111323553520880458536897094025269399875390345839033236483015168400035011979964163543642213896665624718351353097769797118491059857671446288353664724649083903159972866147475 709985694122506177204839107747075715550058540853017004838344919386532925571070462789761459644999200487945397497067389560978669073492014190873834463763537544783848191308063670874816307103404620 17511493536925808316042306056510538335285 639
2571620657247041570276220117744004345347371548093280657865000932088842522699846693983676109157670059506227215002127552380449148685661553704636298617927657952944296265957815436501057905214969074050709003716731153996059665904175704214199730547058495099497087154644770120238503159596629852840929360336650239 99789309030131685004168121927975754681121371054862040207812199594893122683905818822998686520924890780129017772394075428098404351406341366372172531958867776288940228028434039475428131335756213 383052794797672708832550534863525205773481052312438995071893133324179524863781442726910637814740110890588744685918115208641450313633436377453972696797351553602913959282538924295471799120493776 5252730722725702738434024939002875595829 639
2571620657247041570276220117744004345347371548093280657865000932088842522699846693983676109157670059506227215002127552380449148685661553704636298617927657952944296265957815436501057905214969074050709003716731153996059665904175704214199730547058495099497087154644770120238503159596629852840929360336650239 695060443244464406826029743093782112905979363535268339862309322144517113651713267086271247469695826274773967169268393179615950559171942332933128300233923530540291227819257730551570487742002729 406700047168081027198925914223967658410378303964688154014376572448219218467686100015408750997874523814372343498183911294701988823343176557535213125435683428425797857918574081194071492088878044 19088993916382532749150164784726429409455 639
2571620657247041570276220117744004345347371548093280657865000932088842522699846693983676109157670059506227215002127552380449148685661553704636298617927657952944296265957815436501057905214969074050709003716731153996059665904175704214199730547058495099497087154644770120238503159596629852840929360336650239 685445169635313476886181560338640583077265719948966209670391226619253843727826640431093633769246769065027640352385913860901874891540723479043229084713482085736454030815664595566491821515561563 1013954559392575576569800323993788655373012466250571825490170620397364097671285163684627361780934497972020515864092973006698191521503647693019304622879291059622355498624170356675029152809120104 -5054993288760058327188813396697905142341 639
2571620657247041570276220117744004345347371548093280657865000932088842522699846693983676109157670059506227215002127552380449148685661553704636298617927657952944296265957815436501057905214969074050709003716731153996059665904175704214199730547058495099497087154644770120238503159596629852840929360336650239 583191605565311439374239221489331213183982974524170217467824045531667560251288908059411196237669120769096481853212869818571198452740115461741561831973190922297632277161727457242477540983928875 685660257238005911578176005783297825415520510382130475843697781148043514636500638327217704040595551459112566473508981285642512030805382929184032131584404119550690450360973300712149894209697580 14221952353623629861866204023897848113955 639
2571620657247041570276220117744004345347371548093280657865000932088842522699846693983676109157670059506227215002127552380449148685661553704636298617927657952944296265957815436501057905214969074050709003716731153996059665904175704214199730547058495099497087154644770120238503159596629852840929360336650239 813791741711949991971045330804228947971696200263747053213934629528006113147645554813509099407934732275948151159408553045872015744466714240362717560493882857806420744444601274130068654722638089 815577413789852764161502225193423686106259384714628596489600323567765988340790026945835885663218977750002235023818007276993082181775187441449209283036144779157757878876938184924310307930571620 -14342684003666089531164175197034913569743 639
2571620657247041570276220117744004345347371548093280657865000932088842522699846693983676109157670059506227215002127552380449148685661553704636298617927657952944296265957815436501057905214969074050709003716731153996059665904175704214199730547058495099497087154644770120238503159596629852840929360336650239 322786516725887522731537236239772954091852619792545072953223410309908337475414147245374221612397145114650544194427107753180989694752010300851365058045366495866621532976669770406935734520107951 539638787529931737594576010840696631636384829891018964783931624340005353497965993881156494624447621267579484196063781582154942294768122766775110024742790884922067936323395934922565760581615864 -11514347907928575759123737049452250802063 639
2571620657247041570276220117744004345347371548093280657865000932088842522699846693983676109157670059506227215002127552380449148685661553704636298617927657952944296265957815436501057905214969074050709003716731153996059665904175704214199730547058495099497087154644770120238503159596629852840929360336650239 279194777981381466422025159362179706609228357082008439116666975923601765808630906509001869883464842132281238103822921527898563407340540211035461259460358959723643638916760591386145336525202843 659256455412378454964916199611822226870874366247116329888006531103495003717476002081911865538183438621477528496524171534854552381932766332337600327045071821202952575921695149535552810177134344 6953364440079039038112631795691119228421 639
2571620657247041570276220117744004345347371548093280657865000932088842522699846693983676109157670059506227215002127552380449148685661553704636298617927657952944296265957815436501057905214969074050709003716731153996059665904175704214199730547058495099497087154644770120238503159596629852840929360336650239 762000196729560855721572659787153495185057873280483911023703737056387502343717763041851739485184201141213212864476168046037587620366610273575568201556923642362463309578365835074063303919801849 276855279697739607108427990724849908002552801765656854583656288914095302203369897253639317328070510035572023115265385370873614401591557324487783836422230978274398460547494922795656123025944680 20502594737124832958039567598774653548007 639
2571620657247041570276220117744004345347371548093280657865000932088842522699846693983676109157670059506227215002127552380449148685661553704636298617927657952944296265957815436501057905214969074050709003716731153996059665904175704214199730547058495099497087154644770120238503159596629852840929360336650239 902114521687560543893784936739287675289528489300170608524703113690641359050987469968941594294644639141440431620980802241409664937628714087788869568109830451891186001336008979069302954665538215 633177851098403388131542084266285921759584572682050830207617609404827905469707386172046630978850764982908982996961591119849795910794255178063992259415841120253007580905589758296756279479300084 -18107609342172628618599359475664223007551 639
2571620657247041570276220117744004345347371548093280657865000932088842522699846693983676109157670059506227215002127552380449148685661553704636298617927657952944296265957815436501057905214969074050709003716731153996059665904175704214199730547058495099497087154644770120238503159596629852840929360336650239 198099396529969303253165586550768110792584896445067151738156921661221737834377246714378939952977797853321449728973769122215760406031227954431828753857843601150596640932057229162710091456606463 196496639386196008078144261770725383726921657269734495201623460682685644163656318891281147785884897755284077001262079039630967061393900308666187172890100598828990816621209119124847373601086844 12060456242417507442785454014011644184599 639
2571620657247041570276220117744004345347371548093280657865000932088842522699846693983676109157670059506227215002127552380449148685661553704636298617927657952944296265957815436501057905214969074050709003716731153996059665904175704214199730547058495099497087154644770120238503159596629852840929360336650239 883835128667403334686306096406088848375065044348294992789983417526914504698202997458282986851447670754799096665430633792703580811391107596755540980049531649520084463385698546953175349997406153 521923713635934922508796476620231006415848783564331082424969150881475536780802825349401947105450687661911015801972271721933818649966598800443633479306320326521032864654836313541122430402563236 19347800476661034313040706543442101906959 639
2571620657247041570276220117744004345347371548093280657865000932088842522699846693983676109157670059506227215002127552380449148685661553704636298617927657952944296265957815436501057905214969074050709003716731153996059665904175704214199730547058495099497087154644770120238503159596629852840929360336650239 373449738855047241161020973999628896984745987387063381823410507408531933205984070107417384373298864060527622059967213225465892165556668651311078479392854888318781233199450436121767749143031073 811518741584280886436014924023587506646361046999044448250948408164590568760544614227766598373669443576948013149533519356276870003875186062369457497044947419734415232518641690601476830706393448 4577894308925178705240580900788606204863 639
2571620657247041570276220117744004345347371548093280657865000932088842522699846693983676109157670059506227215002127552380449148685661553704636298617927657952944296265957815436501057905214969074050709003716731153996059665904175704214199730547058495099497087154644770120238503159596629852840929360336650239 927002712431375923939856336601465068920510904974411722797263270445492802385550056969945206076705156710200527958002985501242380245966504156306218301982539858864605246472113740205734545094185685 313839279117438770871431704307171846481764975799177131526502051762499791072085098487597647808771292242168764302285031124805685142526773868148401817661515168925281151932207047060960657339636356 21209894391889812995826504564397652924189 639
2571620657247041570276220117744004345347371548093280657865000932088842522699846693983676109157670059506227215002127552380449148685661553704636298617927657952944296265957815436501057905214969074050709003716731153996059665904175704214199730547058495099497087154644770120238503159596629852840929360336650239 1099549865205556586586797652846072612334132543305878382958626383302144077871645525200125547241087588314660865130766878517459069837639514486603233848686783746388512444192403626510311354100459561 890136091518892605859080895172761805818375310771596460057152169322819540637570498533916133764250041109636215700753256083216509500322451695268131803544020834891857685172414263308089688850293364 -14040572435019816028386825586658918654703 639
2571620657247041570276220117744004345347371548093280657865000932088842522699846693983676109157670059506227215002127552380449148685661553704636298617927657952944296265957815436501057905214969074050709003716731153996059665904175704214199730547058495099497087154644770120238503159596629852840929360336650239 97489345173207557253788539097052168846815917326598148761168463270270284814235229692043240878925345080327164086846179559307098504067085541506435934841126331881870035978769967344119229356538621 389961868864581635319602204657828568964825253421431443348089959494787825102523234692476216454073115428113462963985966296270027105753732145593026918883944567213663306829617451010856779565741584 4863183097014360894742892239808050633347 639
2571620657247041570276220117744004345347371548093280657865000932088842522699846693983676109157670059506227215002127552380449148685661553704636298617927657952944296265957815436501057905214969074050709003716731153996059665904175704214199730547058495099497087154644770120238503159596629852840929360336650239 300208832229229766893380054390357903567212675416881150962857365261557410910595350648939803838832482438268727311611535877320223062067381598491290030068261534405013509105048050550214080264424903 263909063213438666241313873802807915808562568715394191001569919021163771256861379794872685378514034158114828953000084485261643432809858886099413537832538241407425395293093852525757053039631276 -14289097437283884469190611177736584168481 639
2571620657247041570276220117744004345347371548093280657865000932088842522699846693983676109157670059506227215002127552380449148685661553704636298617927657952944296265957815436501057905214969074050709003716731153996059665904175704214199730547058495099497087154644770120238503159596629852840929360336650239 658092644485611843834071457890097159761786003833036847101980931412282571953145866925946089475228392223600256412680950345544325722269524752750951945828042415294168051927223953087851620544590463 261941908691723901665560992492175498782675863845419596931973144952295517773955996231953541429111173851121006736130439773420877788408759284154803046231628266833542221786435022107739721551918844 19715139509069743944120459651833463479401 639
2571620657247041570276220117744004345347371548093280657865000932088842522699846693983676109157670059506227215002127552380449148685661553704636298617927657952944296265957815436501057905214969074050709003716731153996059665904175704214199730547058495099497087154644770120238503159596629852840929360336650239 953613028210001198462156496705439672902846372891650794447783565813007086520701562613217519433609002690940083499263421022360814695665645382121991982821307479549807249960681519056381097881351101 1004549097013230918221066252401156552692372806045651993330190273093377492898019156452672446906505697825276600700933530648245327619501083425114032143535264908438022195178069186989925014795669544 -9994994998083579916776236386924024130397 639
2571620657247041570276220117744004345347371548093280657865000932088842522699846693983676109157670059506227215002127552380449148685661553704636298617927657952944296265957815436501057905214969074050709003716731153996059665904175704214199730547058495099497087154644770120238503159596629852840929360336650239 880073688974483927189912937509307264527619843317545054420918461280775231493412236724548179788815038114327248834735051530969880648670890710879048622085851840917870730221642725926543859865200799 763471941326444231607523999669107698180922104235546352761523722340951561572172372845386055835911246746260154390872335565421680376954977479326331988360287456867054194343244760937872878746977656 -15901118250194860453815454106524470911615 639
2571620657247041570276220117744004345347371548093280657865000932088842522699846693983676109157670059506227215002127552380449148685661553704636298617927657952944296265957815436501057905214969074050709003716731153996059665904175704214199730547058495099497087154644770120238503159596629852840929360336650239 198648665954669455207920928140779663161097983346429826350783658826882626848067759240834650581778008289488591632069112726547505214214181904748550124243145806187565130222644554971353891032125843 629663974183772170834924077801884056007430197666506641425966677554990737669817531336799875608591052980818440070974062728898624885091592657988872996089784409814892706067747740658965821897895144 2587947515124115515366663501544243835379 639
2571620657247041570276220117744004345347371548093280657865000932088842522699846693983676109157670059506227215002127552380449148685661553704636298617927657952944296265957815436501057905214969074050709003716731153996059665904175704214199730547058495099497087154644770120238503159596629852840929360336650239 14598790813467258569766988175042784261918672517155917445136587118094565601903944743953108216500505571504989601520832534214663488461352433431673565943191099395097319227642916739312881693523303 49666544170123235045244174980693237375488888889635569800472536227402228850229468884725170118693152390644587652766924151658882931088284314814327998831625566719799065900687339557176013643260344 -3450814419381394473529265822375974023239 639
2571620657247041570276220117744004345347371548093280657865000932088842522699846693983676109157670059506227215002127552380449148685661553704636298617927657952944296265957815436501057905214969074050709003716731153996059665904175704214199730547058495099497087154644770120238503159596629852840929360336650239 398372297821564946133624873161661391087437891530874060695026670048183405892378131001859654253109911582925115026300494272620965678785348474135113868985484908551923755928406772137015511838742013 855094116006850082875754738442477344769232761285807187632736565535202606389864084378396586568275452084618955944375474085999546861488678107802507654905119822272192877636408036329878025580344320 -2710165159112383203140060284838101002755 639
2571620657247041570276220117744004345347371548093280657865000932088842522699846693983676109157670059506227215002127552380449148685661553704636298617927657952944296265957815436501057905214969074050709003716731153996059665904175704214199730547058495099497087154644770120238503159596629852840929360336650239 502933331075049014028231437721996474304633393729727184040437455958464759171117952304669687952889368499180458049398126924546807241711718895377334224562681939210052733752032551422068533258581625 901900365812701126835562676808663201733207569572608180259685552352422210817579750906424159952165241480109869170398293840735219097482356167914244097894149309626756379717520709962636932575343156 -5610042316252578993352671495891701255649 639
2571620657247041570276220117744004345347371548093280657865000932088842522699846693983676109157670059506227215002127552380449148685661553704636298617927657952944296265957815436501057905214969074050709003716731153996059665904175704214199730547058495099497087154644770120238503159596629852840929360336650239 694739887649680656701543953293671280121328472584470839779982173596094290425558125287100785473558240551494429457022245483089246546805243591965566437161840458769284312804830668131110853444887445 710552766144035964837242743058683031675213901958751921508584613313141868172802561985074406403445901693885833221707711380989614113850325239641318272605949234344692882771943479777165573682928484 -15240351527775049323849515697518183174819 639
2571620657247041570276220117744004345347371548093280657865000932088842522699846693983676109157670059506227215002127552380449148685661553704636298617927657952944296265957815436501057905214969074050709003716731153996059665904175704214199730547058495099497087154644770120238503159596629852840929360336650239 882864658551383598724607443865510538887341371944914962741711672076692145575562537287904171939762701710346221190338682867397808433849413118590198455615603319567649784956305692214503134000338315 842062304180433483329320404662456855513509795554073433414606853783004795968532012219207218807937198035380903955654733246185525708974525373028984501740810377184571542202449559359623542399519176 14294820854607527872958603394664910461461 639
2571620657247041570276220117744004345347371548093280657865000932088842522699846693983676109157670059506227215002127552380449148685661553704636298617927657952944296265957815436501057905214969074050709003716731153996059665904175704214199730547058495099497087154644770120238503159596629852840929360336650239 360963580394003470115491935007135222830372762868083699459988629911965750838499696382538005059848824868964712576654173240364583981443843205351407724647439720620391080260298520529782138557365293 718633913428273823226626921587682883788639736890455027385700549064195770799345117451199710896129579805729303692198682461284633477695983326480032850104059837416455861230520679709756397261199836 -8289430697740049749445513064802447249099 639
2571620657247041570276220117744004345347371548093280657865000932088842522699846693983676109157670059506227215002127552380449148685661553704636298617927657952944296265957815436501057905214969074050709003716731153996059665904175704214199730547058495099497087154644770120238503159596629852840929360336650239 616905540742104139028441187469627693231976942203735628490177844036664831698982752902075033612831836057255014877772007276131652724631054037564720016346711424246817280324698228357067657677677109 923652314077955454146897630922869388777024388273330742564327282855733649954585241754729671062395541140182854185316638136764637119713970100868903878623361928763123840573353163951904222439673200 8216004261328858623342862377229694388043 639
2571620657247041570276220117744004345347371548093280657865000932088842522699846693983676109157670059506227215002127552380449148685661553704636298617927657952944296265957815436501057905214969074050709003716731153996059665904175704214199730547058495099497087154644770120238503159596629852840929360336650239 1002763306276226250891592937945134784611239724513787665658424648327829824589835598633149352908843304271716857812082918944364170399682172298493579532296999439022046112129587159020771229302936385 455335383862323360999809160580001905744370668652925433891750099455229439835734422596354245931950431238759535234330190236546713121047378707909113680925310725873734182035367519620654338977411348 -20442404613960294696769680866562559153897 639
2571620657247041570276220117744004345347371548093280657865000932088842522699846693983676109157670059506227215002127552380449148685661553704636298617927657952944296265957815436501057905214969074050709003716731153996059665904175704214199730547058495099497087154644770120238503159596629852840929360336650239 508690923186630796244662779857764196093294774873353148201633678438149307941397618900810603507670501725422560224032754449482446406295482156976996064498328412157836165711342944400076520748710653 648051935310044037415144608867831414471516913351622602063313996486177444356260616679744828447068686760276654923400330560765972541617198341792338010434689633856585511439110028292156010295177176 -13686238484665677294802207861653986036381 639
2571620657247041570276220117744004345347371548093280657865000932088842522699846693983676109157670059506227215002127552380449148685661553704636298617927657952944296265957815436501057905214969074050709003716731153996059665904175704214199730547058495099497087154644770120238503159596629852840929360336650239 140972512517762166832894047947348401619972375227430425287944152045180456617379093397360488339668903030077155310319336892722007436827582558606398133366068600849726282589962763695182165769178059 442171606623867390904692242373558992273865628796834567164383366823622269401571979563926439796476024430157241525320412861025186493727062757029014299172688887251438720418320646724915170619201340 6426279071937365215038212688088972447357 639
2571620657247041570276220117744004345347371548093280657865000932088842522699846693983676109157670059506227215002127552380449148685661553704636298617927657952944296265957815436501057905214969074050709003716731153996059665904175704214199730547058495099497087154644770120238503159596629852840929360336650239 766376987511153917335077969454365282969642358507542091341595104938347045213391770285497441661732372360370427372837765467338591146219100414310470690980246787067409466176539396008805137737680505 781299580158435022951888986378269595823457642710535236292112870341478034802075080506470528352585642634215598709297271839625840956352301282247395660496041445153368636845497314062876065132998616 -14631200202954961478241503341757980473191 639
2571620657247041570276220117744004345347371548093280657865000932088842522699846693983676109157670059506227215002127552380449148685661553704636298617927657952944296265957815436501057905214969074050709003716731153996059665904175704214199730547058495099497087154644770120238503159596629852840929360336650239 168399204317564656840378887178603044048651697480832576951537390224043330691375229643787393133497448302402076251402871310577591946160548719216011742771286902874341437806527397434675957003325099 565851620949159183681574408628424425790175580166969816898203801466534848526820424338862222645906595789315906905822969613025289633877577158534367415937622733401578813348542098905306083821308480 3721161204501075174899061722655371057493 639
2571620657247041570276220117744004345347371548093280657865000932088842522699846693983676109157670059506227215002127552380449148685661553704636298617927657952944296265957815436501057905214969074050709003716731153996059665904175704214199730547058495099497087154644770120238503159596629852840929360336650239 712677184560159426114313595437055283495018446521963049925831640325910742264677250503513405112409737572109915566980773516786171209476111916862915291183046661360598702768811700340194515430384723 508669887208043168092437673153004386266514558368272017846369373442461838804154172617529284471434347961117537800342261936818648512248417652468355059762151698722917156178567856546116255001613924 -18277779016618709197859934012585547419211 639
2571620657247041570276220117744004345347371548093280657865000932088842522699846693983676109157670059506227215002127552380449148685661553704636298617927657952944296265957815436501057905214969074050709003716731153996059665904175704214199730547058495099497087154644770120238503159596629852840929360336650239 7354339093032496458966023130105499882798156026455889482428115946072642319137083007648665548986506734233445268798823421315682473701204909421409414101461043764276130316091724004033668232778749812669870476139421988727471340492976647337314104725941024127541975880371869458843678504377531365054947786448957 8274195294043862568964064945337691002778279153120265607364281930483521637146789222661646656336545816520616481452648217307814448629443375763077534157316324825687900446407668386710840915464640383950255200202951550498385464337744311722152408158918905687066515370874361472295985537622180858084200273809804 -116755837602570156500897836221320252793075475502479127700616980506447753686606200881500244054279411349085276437056096695490251357700592398190105883771 1001
2571620657247041570276220117744004345347371548093280657865000932088842522699846693983676109157670059506227215002127552380449148685661553704636298617927657952944296265957815436501057905214969074050709003716731153996059665904175704214199730547058495099497087154644770120238503159596629852840929360336650239 9293860731823106945717617308476539154576264415364290483921043669263044042655618512333969817707367963220304335768285676387411684047202448174657303016657471011049810116319098301944633618567049491947126546122867692380670405134725426964527803578613678421495092288316812593282767485374231856693316435941543 7614510996235269258190039792941331714542269913103240347307932565592255090237485469210536218107042842912647865116679656487015277320609960139091060530745903858059347012613388743969362833199246038497641126533507027056019344773898272593389208617688143945025921838441828150614057501687689149917573231687076 -145994332682090821533570344195748038513057672463945088067066084161243845000604647566353198233237873369569175137056118303423604830117105872537710528257 1001
2571620657247041570276220117744004345347371548093280657865000932088842522699846693983676109157670059506227215002127552380449148685661553704636298617927657952944296265957815436501057905214969074050709003716731153996059665904175704214199730547058495099497087154644770120238503159596629852840929360336650239 8563888242694095395134657856952400078775395236042399232632877036531199510304145362462001169592671410848525786652068833244411411874905321646354928739301482216165857592276532035947042160269007546106219634617307381787803544031051143078785126093143977788865251165256472859029306474615043003244764878875725 7477882586533405388833357597098806438074615582753982326941463495075697153232478123324464363531162855291951156309551252910328391561646914624565989137422542939294654866625791199903035859388372573153725252865482353832025190219927572130424643282214735081898085283222864202213946211881201182224303348601444 -145265743495004416521263465398691477927900393989891220936647733600569273267837349797584388065899707371220356144006727512023821419311914417536685867349 1001
2571620657247041570276220117744004345347371548093280657865000932088842522699846693983676109157670059506227215002127552380449148685661553704636298617927657952944296265957815436501057905214969074050709003716731153996059665904175704214199730547058495099497087154644770120238503159596629852840929360336650239 4064882041581743129052674479479041741052701139831688927517675111592071400759697010991997882390199752957016543765839246816174270262192852257744600271529213660119029001394764161178638246365348596129920531019344458953873802051651444255232979856325930224804145456303709334293605949956410790016025040306557 956202850538105960566022301606494572153180991006497459011861181924897076292181016849097655253202682195829728903607711047463840166000898308112781314816042297511709902921548117991976685333139130028078945720267222123793744329794275805732060684296243084758993383962186511188643396373358986586309609341768 164600238685097233172421841400394298648101687397046120316890263144326212086370771155144782278573815589564582046045495699688159905297848430791788227613 1001
2571620657247041570276220117744004345347371548093280657865000932088842522699846693983676109157670059506227215002127552380449148685661553704636298617927657952944296265957815436501057905214969074050709003716731153996059665904175704214199730547058495099497087154644770120238503159596629852840929360336650239 860953646905845758738586116403341418321385289325509623703331363301866360112241401638164021612183901988686998928974632784393946544320963896426382548563938433094919901778025674588827393117113967207292339204599562711156353657967680050569601788944952837905979280519232549880163639648182193234020032402445 2613049529210978350837886562632935087535763052139866191982908793612719174931876252130519701894822726502800945615298814482178435452630478173308661285777808394163607729192439961195146932784658631664281928403865588870857656790142825170286525471880275555925742381621680021951958926180767002033661889668412 65047897542053316258430748159554713832771062860745658162945922886125947893172422032064800018412612217302812894582069079191479247767113441289664521067 1001
2571620657247041570276220117744004345347371548093280657865000932088842522699846693983676109157670059506227215002127552380449148685661553704636298617927657952944296265957815436501057905214969074050709003716731153996059665904175704214199730547058495099497087154644770120238503159596629852840929360336650239 6654127531440454186306854319459127468365309665258717498350965759999435119130792831439537470085704457766173917695888763223486349522340915015502206386069900051252781666404144371191456896851814947391736040520643350256196593868140008823293903938659217802189648454723282700069626006037272203860308195429751 4160094398006565406557903584262592856214157851537906685231801158535116390766351485594140762444709642864090674958608134566885133553429968640874399532467156379172713366755167698297600604598861069578346707955804415357336015677494805193359587999864799912326413061953917010433246182276955141195741007108920 177492525548652591415544155447531995161222139830608847800275086211662924045348264859732455800160651569690626113023187413042489194522416935941238576553 1001
2571620657247041570276220117744004345347371548093280657865000932088842522699846693983676109157670059506227215002127552380449148685661553704636298617927657952944296265957815436501057905214969074050709003716731153996059665904175704214199730547058495099497087154644770120238503159596629852840929360336650239 6022283033807485993730132443635770736550033706723686688088126374429518332064378704565524699253587078636473161464481549064833833187754986355430667443290860456793641109615018227489196015771235792589894948352522476750934799756284365035073003274075686106316324649297994784984273641764357849603193401860909 8395514191859232765950696250848874465712219905682963825042207117025652444140938770042247452315085952438974950608966878556557178621825555890414154646648858905886944224502784967150621845018842617828040750723647760738995602484718151030743661452125202915898464098839306100452446831456267900682083340457464 93133837819585944741015912793426743582590718770084040755674690268794523832516964613687611194072399914565204662870209819420650750808112779628039041587 1001
2571620657247041570276220117744004345347371548093280657865000932088842522699846693983676109157670059506227215002127552380449148685661553704636298617927657952944296265957815436501057905214969074050709003716731153996059665904175704214199730547058495099497087154644770120238503159596629852840929360336650239 3733585542179784570678611796926921869592990610232841834642847241230082612797974650762917588726496428815974674299613318140919960234806236719094541379727198093741963470196153138681871626814952310368046441797939002433580759498897573084256650623598638868215075708278752437213221026952833908356262906091881 7541979300107702738633691412023864221720408234728792272324200530182576787346100986097335450363812736636586439508820103134770137828707590641522020101099658290052738766344413355394715174527285061566813514117926076135017182158505866883871209689023385338678711317373974042115744034149818243426058514434000 59780650712331110670645537392273768860974185805538592127954345066744655062399098645848720397849913691623175067979197415600200203538238039041568606697 1001
2571620657247041570276220117744004345347371548093280657865000932088842522699846693983676109157670059506227215002127552380449148685661553704636298617927657952944296265957815436501057905214969074050709003716731153996059665904175704214199730547058495099497087154644770120238503159596629852840929360336650239 3976873062156343842808286854002370105613044381126667197247280828674838155865495802917987575702445653359835061177294583273612014039700536860031998174038059311000732296312789721117217192512413240550330405656868883120922788131567605614473049185354529344302084737339064117879368685496110409753131932425825 7968917482857380188254732459679045598322031089762909459924720605301956326009647056454016766924139849794923201914227898612174730293665360764931672468384128910216370162645115431034697695003531928056971886706653138478021954065992339972773061158889828603348729364018251287042691299295338794659394714467596 -47922550845516021918443382255222688863133271427476933859934340410521000497577270497837945762775412570957832744451981521015175623748809281427826665609 1001
2571620657247041570276220117744004345347371548093280657865000932088842522699846693983676109157670059506227215002127552380449148685661553704636298617927657952944296265957815436501057905214969074050709003716731153996059665904175704214199730547058495099497087154644770120238503159596629852840929360336650239 7785630294165163362634362827245555050809324893106183910969175572808756901128962534434445635129654646139855517283635608085940818783402090216656965170147682463526059216363697275012458806210079397877990897496912093114526521775335108681718094139181401194981634556667174891280222788189706782312282179798157 6434422210509713059481547633185514879250763851498134370574118397971002228236981281078202518838461669365988406904370246887357121317610749483746049305570827163183132019885243745058601593069752002872768420924785810423659355177433462764849445106600138853692870185550157782111839612583847779343105572404552 -158775363235095450627699054191919087558756869497355238676459588485877415887060621422469572672010344643696386916547840342383022887793772048232427500243 1001
2571620657247041570276220117744004345347371548093280657865000932088842522699846693983676109157670059506227215002127552380449148685661553704636298617927657952944296265957815436501057905214969074050709003716731153996059665904175704214199730547058495099497087154644770120238503159596629852840929360336650239 10600156301486854470287419910047928907419164493031087267448017052237481834213921907423994267012846934799104794262637734237197460783335304637062761001082154842974745376804006781132078747937176165440470829174269998929735310266787972787751246038717630482855312844290810181658015610438385111184927529132973 6969682057679540473421897448191796015766816386679511824121497445202443163769618613100736218280496734852696185466634153085980375637808811092210042144075905823698939106029827857614848188192609341471213591466163494163329902269950594984014537723715042282829511731699223915914480196280896676242987121746416 160473106640417827669911944698728862952111548635783210759496457031474384897738953758649966297486092696784792643200927161136560295695054939625028597293 1001
2571620657247041570276220117744004345347371548093280657865000932088842522699846693983676109157670059506227215002127552380449148685661553704636298617927657952944296265957815436501057905214969074050709003716731153996059665904175704214199730547058495099497087154644770120238503159596629852840929360336650239 4075530343562796351023411359109258018180025920990275572124701901590907007463446664894919456931636272093709435003175480499541583498819232814139789316530700469808697406157308188360412849506280375305295064825936012878660166324893831308158491610851531466629799447361948431454597098552865025365778490488169 5507071993774037470914067402640790811256792280446512030639653367210250298886510942408107404802053795458044496154301701342562475943792361000167863226152562506269034897075666738006859452624875946527334745093934668181228095738101452652994665918013134951166183527734307349972379478065598461973922668296884 125341659032690412024441856053010211449729262749108611960554185176522026482845750790991642983381502256511679229510078030266189276489905098957195575983 1001
2571620657247041570276220117744004345347371548093280657865000932088842522699846693983676109157670059506227215002127552380449148685661553704636298617927657952944296265957815436501057905214969074050709003716731153996059665904175704214199730547058495099497087154644770120238503159596629852840929360336650239 1325174614705737627180703525510904342045659851618320146570866980408551652020169858311463296841109840292480295963385412547860048921470062114458007414157286882710639817154950716624564991594175373995363048579476820801234603617677042701850216907722814472899299669889425625323958320641625917782841295743883 3937001774190055223572742809050025896551653554774844766799802425171867303279101212647306940636736261332110507611875060192252469345098512578246294551325546466155829911547618555358917049791467791360658190029848506581087706031929770893356156100375215114079513527822423954947793640469292363266102213517936 65824986656580804461586299872890586901246131595406655421594479221002455594705232896652374682122355809203254456163833585066377588468169274197142291723 1001
2571620657247041570276220117744004345347371548093280657865000932088842522699846693983676109157670059506227215002127552380449148685661553704636298617927657952944296265957815436501057905214969074050709003716731153996059665904175704214199730547058495099497087154644770120238503159596629852840929360336650239 8115027799190372270714405649756070112644185154910178838936263791353873932919218531174854745929603328808699635389424749344085287791730662693190488826212301869533265503889943140305888905601833478638156326743626659317042116801758391596033962115371897174002991388793597286608163565210563254097506936995277 4631601182628229487928617856714005699038085321158130960527317005023695578652247092345953680348566559023828847669535166303540608982963501615833287851377156607930756525976133584446752824768796464771007964692135036275822940866532743810270129195791979880641755460301660540380023446680441619548408816842560 183509306245110594263779622886237767912866673842015588731350185432836506744168699542623104880321242821227499345753222118498304483842439280065050171955 1001
2571620657247041570276220117744004345347371548093280657865000932088842522699846693983676109157670059506227215002127552380449148685661553704636298617927657952944296265957815436501057905214969074050709003716731153996059665904175704214199730547058495099497087154644770120238503159596629852840929360336650239 4567159583518233541941954415393479294300412465964759704062528646673334363042414806580902475105795686284869495762274616100354822596286707585086538163237078301956568345573231279746549096282867099429573376698174024794257058107979361652532611621501090728275859425431824039840284488928390861553032062255895 8768422352361543889987917317127925078035350011678016867762674939076770612493988951853218247452809120000182929263395807657384662937282346625080840105229709282979138924901194051128405869254978029944038431164744444312837170807202111812535051084273901765381435309677048920706582871243894134035518684962944 -7132880410231587574714325617804442337113710853685688159947919692878728854989748263688891233588832093820061177813245513015593876273229575890588392681 1001
2571620657247041570276220117744004345347371548093280657865000932088842522699846693983676109157670059506227215002127552380449148685661553704636298617927657952944296265957815436501057905214969074050709003716731153996059665904175704214199730547058495099497087154644770120238503159596629852840929360336650239 8747926241860939302807828254742985330709498674763749232991210282709818627761372463153365012871138246772659390532491440061253301961052243833816610547399421269455921613455417067953786806585556153645005642214683216861675900795306702080723437935008473907765312979481712950173452212781052548062540492616625 7669154638170578789985434370732412084441478534848637952430936458475159516782001088387239774772192033843213318410386590356446775062008367246968231247928884901200713241140892074894105265293098998377153579159636542634833205877166597441630161690278729225518091027230516328886855678163654465176912402783244 142373662643066065164302489544088610866240818415459475101484156744234367530156837666004361054025296004298282663613145707178629923970935766517891017049 1001
2571620657247041570276220117744004345347371548093280657865000932088842522699846693983676109157670059506227215002127552380449148685661553704636298617927657952944296265957815436501057905214969074050709003716731153996059665904175704214199730547058495099497087154644770120238503159596629852840929360336650239 9007920025787643892858809095914769978687603676793770522648139625241912135034414685676223282126570578016493940251530493853975616301356197579495369888943413029041003536707359702127458420399894795972435125229326949126386162778527337644375968397510049782902118995575132948496225209666484239264254748944777 2816470585732232638548709700415526175391892753783717457737582314233065380209954591564522360613935003606967455368431914902655901683077179741816793136904214497260100765330513560717480021827623119653627190158134744515033015410874033716915970808556934504196645758920527933235337462688134972370682166413916 -201067798065549591800508737488815599244727442813987214575713200219786028677585206060143299329258032108081128971461443990217128145456997724065786106289 1001
2571620657247041570276220117744004345347371548093280657865000932088842522699846693983676109157670059506227215002127552380449148685661553704636298617927657952944296265957815436501057905214969074050709003716731153996059665904175704214199730547058495099497087154644770120238503159596629852840929360336650239 9697608145284923817100286144139756237167936496526457727052850179812537394895332765555891053520222617578404538670618857463056822433967685543235804256905165910310395082768040317323844488449374950283350477774812107616832452300147166971814947344054604236645804978900200616709443183093649378494874665827223 9790353151487155931148395578819033498712452676984561526039777736197529733696035326499864516049447007653894860411562406351185844112177086529233430738817842403704965659047475294555333020684932376060788549431580515164949712363345190482816575288448046080007153212158876514119788270620951385681487095579084 -83492574631078310931780683520004968118427129792338887731290539293760458639402667933528079791308881327117234683411683775211735972633228646344313804207 1001
2571620657247041570276220117744004345347371548093280657865000932088842522699846693983676109157670059506227215002127552380449148685661553704636298617927657952944296265957815436501057905214969074050709003716731153996059665904175704214199730547058495099497087154644770120238503159596629852840929360336650239 2955964439448972184617627329577401801990833162136148623355275541924083599294088860146486089098498374742094033974912287395187394456602180883663384209509683389883231050616313732062477670413493800926823621342487341165609747811990929904153061462107148317504052147431592419219845082070342301359548306845575 7178361830667766421010965872570001290991330019793453331104917293011854638981605462299516965762273958826383259037545402371620017692709520021165742689225092637188629487409053689499170805140572535299946348036072504815579144375439927434712108849471277530014855834715169155180928517368749048753143785931320 34608883423708846930000077986309584807911042364302627048753578593682539276360343735892055136976167183296384026093208845179231995972421172750526627225 1001
2571620657247041570276220117744004345347371548093280657865000932088842522699846693983676109157670059506227215002127552380449148685661553704636298617927657952944296265957815436501057905214969074050709003716731153996059665904175704214199730547058495099497087154644770120238503159596629852840929360336650239 1016188513362590123713860034301528485323333451442695206309868950149487573498517861223522601766169715022668592085824273505673060505240837018600543658818959606059551135423508284925427846153422574298975703042163534648891369963072530726767682554889176746106112741580428521368024532983109356830337074962451 173338901529409093712306947922312772604932163987551146971335315074964735444711610278963223745834979289315702448943690684041036406890092373237254262423041809666887170425717697708814836130054329559387573454469648608431076104259011404221371944941299401927494337494754374771015115230354185555057896171924 -89749662442912513430139366426558952145341171568555888083176378022135464008202728579813524895113620563348919046993974378708203690958179459109366558155 1001
2571620657247041570276220117744004345347371548093280657865000932088842522699846693983676109157670059506227215002127552380449148685661553704636298617927657952944296265957815436501057905214969074050709003716731153996059665904175704214199730547058495099497087154644770120238503159596629852840929360336650239 339942042601898567669422444940423860375942735062400181065523753869509341708958537878666982118263058499617340335155647484725270035511590434711740991552918774786095221297493776500046292523050346535148591495429950824394028079170908855801135106698208885807846388479730599792415967653779723664416770642325 276462599382452167687658007564882792733434118717945028228062952750723926236923905911864181601070211176202264841109820291177228121510307990985083947138950682452317063711089901280312177824457127970175662780515393093751498501562166827149420246499387321907531670839212201254567520810749481575310457036500 52518494968302973304513432793515964152937846406761919352754588079185830502437479858981357288335814657248329799700894752380869789162769475961774927715 1001
2571620657247041570276220117744004345347371548093280657865000932088842522699846693983676109157670059506227215002127552380449148685661553704636298617927657952944296265957815436501057905214969074050709003716731153996059665904175704214199730547058495099497087154644770120238503159596629852840929360336650239 2365754499083147156184971258691082593863130468932542398151248219537991989798213716258886110688044740417054750900462127458517323888399308975982583914389133445890267035300738298568885027576004695172409496971120314599498364247103809721585091102536738765289340963466551300286144024458971668436907501092291 1329771571736671931769829455807199770802248027152646751690761558328523397548634019367906090552802265937301556072861243069085403068179764556872844943608420908388547534149341598789801600205130773058672502893301712643006451590345227285561635329535422099059540347757929716714532512360347298264879225977624 -129809993259434073117883510805340128681980216829127714242321755581787646037325589776972248160244311073346133921560962561551595305055604749329582970915 1001
2571620657247041570276220117744004345347371548093280657865000932088842522699846693983676109157670059506227215002127552380449148685661553704636298617927657952944296265957815436501057905214969074050709003716731153996059665904175704214199730547058495099497087154644770120238503159596629852840929360336650239 5963813009448267873374207056238728790772156361171658111349605848964441435873849020412944330955934157277829620226754163870561694061900354049028246369999700308171805975077977353628079438463828004899524373839156617317543606590615117933485682075077479880448050022972924235833686126205478224844073629902231 6020786735960566812768324518878725344781574149634983935679893453895836166765825055601747861759477365792738485860091221040161498742925317014205399454327168438108321092107173169754262281496075242560062959831498292081863868731142032191265337144789946571152099961382680866486529213341888785223833785653300 -147552426085833507667114331748684562924425869271242177281270052299969580359516911572612642438849483798387233124636421784671791176190737892184963344303 1001
2571620657247041570276220117744004345347371548093280657865000932088842522699846693983676109157670059506227215002127552380449148685661553704636298617927657952944296265957815436501057905214969074050709003716731153996059665904175704214199730547058495099497087154644770120238503159596629852840929360336650239 6073803407022073653683702597244470151987604627241617984071251611651792160785187756928359675754325866285640247966208100864188288943549671120561907379061798883538952439680945665771826353105818685405847053918040751378023487833703618346749639596978571385232331534959887567951194719156193588034240456088625 4192594169780621993088025289579614961666807053018087553880212986279619302881826733132330686828501835422772541634606154823987912992576437980298116212230571311110135169726079663409080946808893738836147976874231109146234409387052706366199459469055985906486514839668303284980617975871422224329994949523212 -171564120641904052691174661971479484407734563434405080595429938683824895573399571909493099948682313632458662813995112237483224542861710546948023090727 1001
2571620657247041570276220117744004345347371548093280657865000932088842522699846693983676109157670059506227215002127552380449148685661553704636298617927657952944296265957815436501057905214969074050709003716731153996059665904175704214199730547058495099497087154644770120238503159596629852840929360336650239 2019583362235552792567028963200872746226954509597193709848431676208190298911359100730676590058616824490175615860704667016105282303152055128470538917125617984983940544045516877897344635196903767006125834763307522721327860087632166960720749688167511594651294475297165045047439767137647967232496940601007 6081051248634844056751489726607772685246603620549001830119648030716177151983931171159761475193135356891996503358454148873955088830569191062358356184542668651674255228826522234069853636348920756566111005663529391535901451911101582448282388056143148468549791663508275511426316623608908791059340376567568 29395448628349616388224167591457605385484335046314299779110632165279827562894585649644522550844777996698185521244785206765676145175311967694949865937 1001
2571620657247041570276220117744004345347371548093280657865000932088842522699846693983676109157670059506227215002127552380449148685661553704636298617927657952944296265957815436501057905214969074050709003716731153996059665904175704214199730547058495099497087154644770120238503159596629852840929360336650239 4181951215853973061352933742200476299431599620831354215663782285141132231702531866585237846183327362604311433450001579701757620403759847301221957437480559824426997160284840691487071713562929488564051459300256946187274897195006741621985342304643200128635792081424636191070373640250651588669489307465725 8487812070138052724212478028929592955311365353600595689472690347844647987445804489014447081166979334834673599377802870951021772018156832637383892827105927954456071756192178002960254602862142827368173432758778116959422276877534781821587127278727764283223816126499955876580314113582125931992675197865512 5858550485910784496157486880666721865698767709929544771803179945779600236738119324521612074127450226462589833453350590068549542135309670033349552227 1001
2571620657247041570276220117744004345347371548093280657865000932088842522699846693983676109157670059506227215002127552380449148685661553704636298617927657952944296265957815436501057905214969074050709003716731153996059665904175704214199730547058495099497087154644770120238503159596629852840929360336650239 4043162972448656359977458996902257976126902628882296884658404721065034902821625651159590594461355420179530659037598152966517963759175648938903942406467792542744967901825201273413723093705403922099349365025759717373313061187298905588752832601004108604084016139322030376955227453249450685912927685230305 456544540661741462807204933855040296891976169303496373809789910072265676045433075202487691299235792257493462701010718616902613433238847247133122345665166962220794991699970488341728235492463042015647612732277074141769891309713286856780522406413645370326672738416485583978133440387272005184069463225556 165091540932221692125648035640984489656859088626683139556621288215341154711951555251205681493907863297272702944257279638598108243421652913619364906121 1001
2571620657247041570276220117744004345347371548093280657865000932088842522699846693983676109157670059506227215002127552380449148685661553704636298617927657952944296265957815436501057905214969074050709003716731153996059665904175704214199730547058495099497087154644770120238503159596629852840929360336650239 674532722743139024616734678921580398072871911353347942492466202376545964230365575910869812540419763086982746127343742634276012411223905566452944194126357664373499961034407493134042133832724264046245688519285997374454144728805153404093971546046080874327434565571003096902440127033378802575163460450633 2676294622255945493811370764793871988966830005023389602063915163563366852998780233218680668878090736938974226337606238132334011826991285957421193668888722167424286814663651661120238644079075699426397693325579037681479824108677585045103712576301402037973141388051093188419351731359540467573779676934084 51564986094904319954790255437983583917834269565655122425384021307253854441342905543909211579773011640470394977655502033837685705263271008494332349967 1001
2571620657247041570276220117744004345347371548093280657865000932088842522699846693983676109157670059506227215002127552380449148685661553704636298617927657952944296265957815436501057905214969074050709003716731153996059665904175704214199730547058495099497087154644770120238503159596629852840929360336650239 2865868218891335415105246378217504880403746237711685462796328295425389143561944921917519809533405569609653683612517122114055282323902410985628234825567401705530142184736578788825491840684227054592602354708708023465139493149034436375796804244316376884298432525286050357593794922312407443519105633721467 4833051247645525109602927795935699996505434485287475334787613862445854787857998959078241248253288544279233322216992201101980349514919748352889812315947032379222921376554974159907545471694260606357953128183290589037616675864122471301149095195510894962285058066677614237082665022997006041840826444322372 107727961220846986463693010080204552299362863894688541705683568454847074654022976737591597333203712130892936530783733661007285596839360148901855527757 1001
2571620657247041570276220117744004345347371548093280657865000932088842522699846693983676109157670059506227215002127552380449148685661553704636298617927657952944296265957815436501057905214969074050709003716731153996059665904175704214199730547058495099497087154644770120238503159596629852840929360336650239 4705968343741740179615663847513720755216145159216938012417789130339114977207896765852807457912825927394015417102161972489563767718925680294768531297744148492377088324023910927489410193460781801050601036088067819743202606722674820414836017261684786260449475355782860549320840097390335146267183986468247 6982638858446741775540036154163636137379107082284859761928761224062910162051894474688883640410737772216029393722850430722903154879344698494686569911010392318158885832602052926509419860245990303381521939634254281960357007982534929363272231069050631863605368626256537452022831593148721408276532399162316 -107911651063043290394847827277204166345978141278596238281210167704527886813107338970359254910938999806100639003947935190535773120541020439753147750319 1001
2571620657247041570276220117744004345347371548093280657865000932088842522699846693983676109157670059506227215002127552380449148685661553704636298617927657952944296265957815436501057905214969074050709003716731153996059665904175704214199730547058495099497087154644770120238503159596629852840929360336650239 7183740896629629458902530392085081620161588687044633433155604628140599102338766869334485411445916960782612501897048071108850504930742856836179348152613658373612315669686791238334794444858768025560706076158695524205686246451006971501535747179692687599610813898877793984144782102136737893453576587465625 1390980252173048760054823715608449134778656063835153006284017179927609584167010903600959961323828712992642983020959082115356216884654608473199958143625220833648915386398367992737105383546068594984323772066374095226505508364959825665527764821005887561530712708620065918224399252582668924605478411692372 197597010445103620264139118935133034405861738685871103660613466942961606279527234655416164991113633910621036475583419916017003504043407976198970550913 1001
2571620657247041570276220117744004345347371548093280657865000932088842522699846693983676109157670059506227215002127552380449148685661553704636298617927657952944296265957815436501057905214969074050709003716731153996059665904175704214199730547058495099497087154644770120238503159596629852840929360336650239 4868464157741473085868948990299087668998066374389201598012752376870046954615750288865189282553828490782547407256309259999410216026489643051410400841153971828888057136569052259805688784376995340476177384574715951593087599980614096213404163540734571099976154193377346368037104041264573449343014521430783 3395878016140096052438700851306580865912203315165118847475665959086269444586250233131966527380962718801662266776987894910038666652062944321433067230620293986158148104065630878503065096430470992022113653795266517210695027310036949357160754100366262294263892854657493271516324302338594512604262886521544 -163919107900382242424749501918968033410922008094060748996637352018691050857688962435705292407499260177774752630101996061176904779737094153560667855137 1001
2571620657247041570276220117744004345347371548093280657865000932088842522699846693983676109157670059506227215002127552380449148685661553704636298617927657952944296265957815436501057905214969074050709003716731153996059665904175704214199730547058495099497087154644770120238503159596629852840929360336650239 1667673312425470599688737631510889395599150767824674460556532964925344730975651910368785415075441522674464967224799773360922857608769990123887132353643171980614032377680627511699042935744029571982293599749017422670990017534196273616348228784724662376467854466541212553361451817908763098227232516777405 4896955555651561374496157099760378959472332667829311602996572151131633941196827857865530996278414348101719659343101386210227858075168942987752111791390721724080922090214457480674218515101301592112284422696714928375035064806890192117681603372240087621856538494318311110486986721579209364039508642926776 -59083666372875425320942649348952157889646631764317266605181437974276521760188052709869385454892385773746425654301277293502818043064493451524762179491 1001
2571620657247041570276220117744004345347371548093280657865000932088842522699846693983676109157670059506227215002127552380449148685661553704636298617927657952944296265957815436501057905214969074050709003716731153996059665904175704214199730547058495099497087154644770120238503159596629852840929360336650239 9034779294169766735171737728816274741973358897709810983205385859538944144507432907395466783349137767103306883006932070930099383886234668487931723764024439768448050639662373519340785534442397366043750625747784084420513269423356256863095849454109916616338309721305583500421653714900476985779310444184315 1485567300370268778940276143237275258986273654972708420215388498627940892299123936433075475724925692347300593968714699959201904418739089255182438956556053750658543341952548345320376274752119661739257073726159989428941024605669860591697639561059161170335760519636438043243786038796800993880995765741636 -206615813375448712262080886400111568256482657116755827404888726204410521831775281446417182492649873614567287254796873536548482873496907272216361015091 1001
2571620657247041570276220117744004345347371548093280657865000932088842522699846693983676109157670059506227215002127552380449148685661553704636298617927657952944296265957815436501057905214969074050709003716731153996059665904175704214199730547058495099497087154644770120238503159596629852840929360336650239 4057236180127894179030202112672562618124684245143988379938495676724496195493446953455541217613203898197170120827450388562279801497440366994988096159748710709425447215792451742358119307068306230749768306675347359746639006710020985576720337519414661901178889959338262451093797527145958038332203025610175 6323162082321766303250832439166203574915101498223445642094447644098480644757688606039373066484925091361599845546017860132960759378316393447835491887219664696949781216444568367591294736731042384672101499816929728056506297121138332465041777879422667577960597127768228960741990893138188161621117393882944 -108911312078353113802921368451903871365097188673203933636155067903325456838925387751396795357342832786081823796933205026242322436029451568849371370049 1001
2571620657247041570276220117744004345347371548093280657865000932088842522699846693983676109157670059506227215002127552380449148685661553704636298617927657952944296265957815436501057905214969074050709003716731153996059665904175704214199730547058495099497087154644770120238503159596629852840929360336650239 7529335093829027887053511462978998084207410269346250893233602880186505994912839411915629978445296559366137615181372770531697984284518538519894673859864342260429980197129691679807877540304351261619377658005255290882330508003134132262913504612980668824184603932831887529569595314800050148747948868400177 2468796018273203060164485820524087034376023748303161367909569862860371530326258077149636566186290743930837331801567471054926497797900695187954235132857424345636179062002328029750761032694455166432984778376830039780142917124087676181033965839837701800815858160221976455550205458173851696457168113009280 195779383662518127097388824437276124559079040642033304765327468754440663928671449266887358390699131260484336008153240505926052616235299733763999896625 1001
2571620657247041570276220117744004345347371548093280657865000932088842522699846693983676109157670059506227215002127552380449148685661553704636298617927657952944296265957815436501057905214969074050709003716731153996059665904175704214199730547058495099497087154644770120238503159596629852840929360336650239 3735141494844220093049261126784916376105514362844706247382571389549816044176318370168860245554180137654573907275918244192573743610947817702377899470659983732542312415388066812241688536742125204962987770688065825527079098729797754900081328985952706327275802969359495981989392768854865781139700909279863 3668036369664632146930027682524621408680054764664312712214772775002628582980179320763451832111835597182200113061346629674686533573096717516295318593823955536652999438578967773740492917177907663272907433016335891940661667567753865403589904000854043840389501061272321787245005394623715869658444095827744 -143070523416632482340458774663045436282920089838666766648048376899009354207830184187381801100724673008902766979753235700074437316139257163049218357367 1001
2571620657247041570276220117744004345347371548093280657865000932088842522699846693983676109157670059506227215002127552380449148685661553704636298617927657952944296265957815436501057905214969074050709003716731153996059665904175704214199730547058495099497087154644770120238503159596629852840929360336650239 1420899140455173777514157469126400601036488880902070087453703011817721410960806074517975777315983924791207804062256650666989466731508761279641774625672845296286187007473787856612928496536905131970561928660002073220631604093655714684040330729471282607661816542345647118632860992926801108881989910908823 5090265167393220724758310571585734198593465340338748160425040485479369708868464459346668054481757662571626343678389568117196805590531667035719459761933659046128240253148519140920363444571549881755964970420335773784573202572845596130472233246207544268094299741870243433611417800576269651422207052504916 31306014297528250247967883929290796897658930988927482491286260733140179524223000390759654664624149333355783993671251855245180061397331059964484586193 1001
2571620657247041570276220117744004345347371548093280657865000932088842522699846693983676109157670059506227215002127552380449148685661553704636298617927657952944296265957815436501057905214969074050709003716731153996059665904175704214199730547058495099497087154644770120238503159596629852840929360336650239 3242693409638320653413642834679115808735719339733984680059961526613666372312341361920073029579264487829079409624656309214003301774602703373124596721121691043247362676658976474381525464101692161166844479829474941130482037063450455368422963442715213194420163512670482164183324466981201201666634547944979 6426844972558794079403489999749559613729877095682466443105551703913187428672981801865526439918336165906062886347503648597683752076184409804342106831069566007524720967029971480331240835258669277801589468420711252689354736534778575808098580225655038269692475522888686648143677134168165927634852481068136 -82897301875270857965261615124957352982569035474105225503207802512644969305605086774247117575837059488927831027661255239826032930170965417384329784717 1001
2571620657247041570276220117744004345347371548093280657865000932088842522699846693983676109157670059506227215002127552380449148685661553704636298617927657952944296265957815436501057905214969074050709003716731153996059665904175704214199730547058495099497087154644770120238503159596629852840929360336650239 877943501699237835631109543878101176773176362430822617690729590866477750985208232500500773083472266491770863307551236975389518553389262586511309888590885749155977182681166045745825267319511242766938516169225601051533361758164223987903289392066221124269636951111083626842452169559951456381491570174635 3418742971010873227959699118901477081845088067238913514456092051140782727010833077966589844201897389559329677216940556591918266765674863206297153160482278068459101337198530662777825071316740815317232331251941736406538317983392049132825636563202282309521560081453482255773286096411801410764508429759436 49714697865558801667675904273761754692139320430959194021836551177256438134405188202469193213103923600933129946228647278575235850027596958237255417379 1001
2571620657247041570276220117744004345347371548093280657865000932088842522699846693983676109157670059506227215002127552380449148685661553704636298617927657952944296265957815436501057905214969074050709003716731153996059665904175704214199730547058495099497087154644770120238503159596629852840929360336650239 747014946872718747800338032432359866623715506202587680730801433872571378330519690274462850735834281401598491914761558031047850744770660875097427578351257256737584651996812641295925717567208971482719821811594922571395745616406838483548671146137808906189548906570622615086116405353177419249052083863851 3722407197614378224210240948849966264272060822013695770191914392728992839363102541024335330280100165702531961500305198641885957789135712332633549049260658387740414123202007684533472196479387071480488869567239072331841189377060960875564396182768010808697939973698571848581581304632030068681429792791924 24899076292508168504146205445788667409228593395249891012772246293198195076911990492537290691129604005469634168285037510143744833954652053471518477405 1001
2571620657247041570276220117744004345347371548093280657865000932088842522699846693983676109157670059506227215002127552380449148685661553704636298617927657952944296265957815436501057905214969074050709003716731153996059665904175704214199730547058495099497087154644770120238503159596629852840929360336650239 7480293098529355646448280391082897746344971000074624272698022917720543600888487932720151453097511006212707686744367178611050430116523846469215387458755046326787960133743581860923380677172674020141304772375751152935125946047168999710530644400628610220876476829979915760023757572989342463564234972158423 8544280522506413229738568162476172708294392035333170693410001287134332139691764831137219623012895186219087841741274569456064854317114043290817617535160607749293122214470663585613278155280576368141226469848348728528878630359736853775278426711178278130946951361219321413949458142550694868924510710989264 -110401990546395595412895326281740099124654648813742335744198603785816789121648531203923195679979403551483091938742893800094090260788167110778906634583 1001
2571620657247041570276220117744004345347371548093280657865000932088842522699846693983676109157670059506227215002127552380449148685661553704636298617927657952944296265957815436501057905214969074050709003716731153996059665904175704214199730547058495099497087154644770120238503159596629852840929360336650239 7378848989827557967599471747159366373330295270614406496850538967508436137677538070597752773704439379461289866598212742399858896166859963447205669168416697945037929902951470206973750354763776218668585128507982011516533805947428098630124054934700978746761367566397506920834366612118897089113299234174565 5712934868003983525426772984656972564558548270433019756025874096574601859793995056217443882220375189626399674052040237203175787713266896478838682511328936689168049338630940312132170882623723200942212915662245357366699655044014168024902353478549761131152178192616989934459460858840250766753781431073336 -166212317587125894072866142401777063269866978824784281117108681901185140240243992227238824164577609009846301947522198511696570094562521589404466366459 1001
2571620657247041570276220117744004345347371548093280657865000932088842522699846693983676109157670059506227215002127552380449148685661553704636298617927657952944296265957815436501057905214969074050709003716731153996059665904175704214199730547058495099497087154644770120238503159596629852840929360336650239 9607440229942737406648096898362903350761526566314247898600968533317805232855150748991655685979364831546781674911086117523083133598519615823917842830619437358558610346940408923434243452266857613534713454656224369808962934552700540698868112685860385785418773191448308795924840432375358587469853156387575 6472029197404763607978483064826187132649752630294214714048324492693804018237621461126572803137213561776988751844964424321564245919668437718981921926544046721246698356733355730526287871884546485959257884298491900165451970615130865606192753433184085867440277432101661934679950474747287821011130835063800 -166975665117851613733885129993900315655693378188612760036870916133858666890811033293361848071472528561213150307989695161396118583967429988469369222615 1001
2571620657247041570276220117744004345347371548093280657865000932088842522699846693983676109157670059506227215002127552380449148685661553704636298617927657952944296265957815436501057905214969074050709003716731153996059665904175704214199730547058495099497087154644770120238503159596629852840929360336650239 6827168968070919291491522830932058430651261680909721496574746666526780462060092422796996889372949216603762398768021316482092919073456678084879437856885768260680787971558857979722616589165619536428577598734801579069450180463016290381048924173309159123778862188940680377114676887377540995859412921511281 9934947129319737088897206840361350758777482380035788988029445580186986024571601631525601746056504839614854843457362156653396471711706822166360770667049129095313999362624610411314859248387791155848946577604598867690266992673666318577679847787096274855024814700816139457319591616074937723828620797460580 19660238909824435568951298018997119006541489239447932140306692147521184545232535208135719605617261054567535978717730586098750216820497184326931297703 1001
2571620657247041570276220117744004345347371548093280657865000932088842522699846693983676109157670059506227215002127552380449148685661553704636298617927657952944296265957815436501057905214969074050709003716731153996059665904175704214199730547058495099497087154644770120238503159596629852840929360336650239 10062049145101629119499338277072879236157685898335316022472414613892332130576611595152374160986080986912533182890413699894243952108312798176187375273886035651777806974993299198325516794999681906059218676323536358446572298251980106309028571877140204967054194972025724620474953798986794186747062238018157 2392323243101606145444774091465112339709753505706187848463222540999839625884294234859607363197922482714003660905128086433528204486458380945077368703295989537695068855457580760981606741333936651394398375814068571436823719284228534400763934462105753448834579208544099461607872067965211573263416993973756 205559804317938238923068233669193708250258700203585131099605252999091804735946261693970738347268013825789312464645685072921074204139088453584624087819 1001
2571620657247041570276220117744004345347371548093280657865000932088842522699846693983676109157670059506227215002127552380449148685661553704636298617927657952944296265957815436501057905214969074050709003716731153996059665904175704214199730547058495099497087154644770120238503159596629852840929360336650239 805627966307467530903785301870170511710058502479834823174593392263627987512007452491062141268800415797751309740532015530841249265315455223867266356899571029446303326742490406186960057873823441936373465930941539535424135046264463256561958718658421905869910015729191534784576646879704498133968977238335 3972639557982753528776361398395255218704006383984084329970751757832562457813302092984824509030584332407003484639234957588251328992235831881034503752066959392873309518586474703584787975331366767427917646557539954097278052616945402283885383959737832383432808897928941688107078811379459503771002534123784 18006905593851655968749027520575270617865711032926048847320052016369292805955289478865627426736963365284593847069781286365981605159068976642460314399 1001
2571620657247041570276220117744004345347371548093280657865000932088842522699846693983676109157670059506227215002127552380449148685661553704636298617927657952944296265957815436501057905214969074050709003716731153996059665904175704214199730547058495099497087154644770120238503159596629852840929360336650239 2781984038628567259377285982338970266991721563646717987087564522657164115494048299098830598558787654844195570154388376409975742304641701423332082619205578423314836377596902989312281900938586192606182802508443519521218020754692329304726768544360613377424690041653259827033850054383869823991344834477521 7021125237756740853051925106362027540160577726015921451844647083204564706834168865370956233588620457065967657910486893064775212813918663549523548682463011344926944244274055340226783131425659757539446233268123106565572221104125699398778850197573240984055788636777481881870152525975164240771719795230876 31691204482623757921771522208171410731318573949397847491033070502231425109317885894041849518811107036344461777398634601670719733968892948163161053255 1001
2571620657247041570276220117744004345347371548093280657865000932088842522699846693983676109157670059506227215002127552380449148685661553704636298617927657952944296265957815436501057905214969074050709003716731153996059665904175704214199730547058495099497087154644770120238503159596629852840929360336650239 2683183987162640530013281081118814672293949628537970863096595821863047360534445194947138911071898755428609475593728846330986281514455595651895161492740261856945674791701316516920912487260364041452276483738666438933108257848079975888899622120458058421904889514297797853694657411088737685339966361733525 2997879839166835720936097556829989319954448679863746277897418718169346097780845874997203203535077896653712738353771377753197257654604658103339191081717295161817595143130135012741222010962634188707392782694760862451022704524514977467194491711697545214121225832218902601333797973143023283513019447440664 126749697047664543678369571893974518860984436818889718856285746517006721014190398520238900715718626982226594933880617815295033524113959833622451459019 1001
2571620657247041570276220117744004345347371548093280657865000932088842522699846693983676109157670059506227215002127552380449148685661553704636298617927657952944296265957815436501057905214969074050709003716731153996059665904175704214199730547058495099497087154644770120238503159596629852840929360336650239 3982796303292524347388564419311444825802347440723115077195219194882765265618736681570862717510980730789570471075406510953988761751858556206524390404439830719193338779697182421127899534091043593513318277367491632856919989422536222107810653138184463731714950003000256835138711247147176901036479224637925 7248597624038206892613703263565949381806992386312858522881660880270744751097228952736114196238169419609144103366050326792840296646922378864242177688920961508636772256728584174094031018608611366024026312698040590378292864275410458523308557321027617081352421217520986403190542466571749207671586903594860 -81179285250494326514125520095654018209392924053730680120564871784036417457258226899824510518497751358048196761438322971117231862356705503523780969325 1001
2571620657247041570276220117744004345347371548093280657865000932088842522699846693983676109157670059506227215002127552380449148685661553704636298617927657952944296265957815436501057905214969074050709003716731153996059665904175704214199730547058495099497087154644770120238503159596629852840929360336650239 5641358388073679250175746456863186284221923211584988227691764516218891215647522864363517001514468655423678196517527970199384046661260941863737773742181972529012464806032528694702954757523996504472774972136723676574154063592575569856126337914049523500806724085608819065095803222903506995705966732669531 6072291503736478949352319182187846322354775986462984059360526430641087168172926572699689881241024907782216293759121540348224379066761505991538651673916592951348160472046922174422436298688739849949108193522714618477271358388117470604349278189610291527314190498675288823155536327018742146675184792251420 142469516732629092961817088241168016538904338466150073683803369971008425988336773224484753247928287349508696843499693454576392307788546480183887158547 1001
2571620657247041570276220117744004345347371548093280657865000932088842522699846693983676109157670059506227215002127552380449148685661553704636298617927657952944296265957815436501057905214969074050709003716731153996059665904175704214199730547058495099497087154644770120238503159596629852840929360336650239 3038741828675716743429927011191392035080210006202419338570045509799402504720430456742588753406408140862372336278164679599502837891056256490989589394657248365204206615118085914166110338929122395301093996055743191284641614270429979673819317075892204993759477492132071875125435060722974603540314047805107 5920601662268249239691397528350722379539692751587637345793441874026863594886149333973262832347362805215296765546064222667173401198673411151536842635350805170519589535169721688334491438712256108753953894348123141838001093815050999342335302334451377310856360579148357955042009792431050088171521675964668 90006820387599613118680909901986011170155071531695724348884102920813536388010599024153717621507237810593098998261833122607797210608149684827144088363 1001
2571620657247041570276220117744004345347371548093280657865000932088842522699846693983676109157670059506227215002127552380449148685661553704636298617927657952944296265957815436501057905214969074050709003716731153996059665904175704214199730547058495099497087154644770120238503159596629852840929360336650239 8118703547682132649666419264844930024154299300421100176545887620408900075142988319257043704212608155644268272524039090318552654864452087581625798082784195153307111939231933785500791827607820562459325132050078044825133181308423430230280686433356024402185779852693147247872837929595856872565215425780345 8430518971510248770925054988869493953776698712465675475147290843764341512104030071790663786336782249408110990597973950541335919948010021108637411104683221427651996284616322391824512947252871799849207519889026818020423371248006817467134829728317832919629190172786843116683260857567920187235545369244516 -119946324887596438031867930191942883665797686171398921449064467514220415020686068579664445915549225634773309019494552956804743442539879375020446327841 1001
2571620657247041570276220117744004345347371548093280657865000932088842522699846693983676109157670059506227215002127552380449148685661553704636298617927657952944296265957815436501057905214969074050709003716731153996059665904175704214199730547058495099497087154644770120238503159596629852840929360336650239 6347478294406551516747318548665783064156700008704223675446007087521744920597321672861658970527671014904351754135742849629891921044702877935914056033479189690348742572114832301248113473529227973926916812583030219175250987204282776617654936489109654817970488795424946428103996218716559336461400253049477 3454196233005318054362412795566430283641763270417684169936436597632985970548816616831232247795238909951647153442929996940769697264772902791355740156596842919343241662717540805092996179710335936345559543130181958367337534440676031956869400595526962567429915377090479351865706775064524441162543242984920 -180523218389167224653201087086245260468513574531739887156015512836001887246957630224383846489774929445631141522292785490631969082576165324364825386715 1001
2571620657247041570276220117744004345347371548093280657865000932088842522699846693983676109157670059506227215002127552380449148685661553704636298617927657952944296265957815436501057905214969074050709003716731153996059665904175704214199730547058495099497087154644770120238503159596629852840929360336650239 6324352934840001410958069414512901734598129061876533285203864566306876655070682364241463514386611727048935099970932165320859072371126190249937442310748519529795291523234850367476104017769452453269586189493252227729749123550211372580672058945302642604420094151079074785811683251981269266811519333907417 8833827608576975981864613183878724300315675689137210667866342176640994519968727135384923146302958139203553116011502085158487805475797840554425404922805320437750823078464794093165265053358441209712091529839942462040900316448312823094648891397133258617607131215552873921564624686397965258649327725910684 -82488047539761206049680873526081224286690953978920952252059727315504581733540099990650983129153041740092998081288118985894856590174605996695955388799 1001
2571620657247041570276220117744004345347371548093280657865000932088842522699846693983676109157670059506227215002127552380449148685661553704636298617927657952944296265957815436501057905214969074050709003716731153996059665904175704214199730547058495099497087154644770120238503159596629852840929360336650239 4396659578121984844934294538208390899617093031301208538790185783611773174816390632933964336175793257211402905025114339249106710179707883477485114009351481712400673614614420277452052782414307023567717763501133872150158032071859453192943269158202185968122621096024180919347845805648714353063819873022561 7343037424773653999492678149714544875431086337070317000732697179375869133692359109062644932973448755721127266654982852634522611105710424222095629927367962121706348649869687401058151775737252350778324377804470630479228437823804389259475964806612415097774329072991801356433006707300910270391897008831440 90302435754065470494058679766871447290001858859879280858807024628334402305744676175619434378869257716135223264769486303649938727624163244705135139103 1001
2571620657247041570276220117744004345347371548093280657865000932088842522699846693983676109157670059506227215002127552380449148685661553704636298617927657952944296265957815436501057905214969074050709003716731153996059665904175704214199730547058495099497087154644770120238503159596629852840929360336650239 8463824057793057877248468638751544064225060694641192471533123212370711246829002972408745869975299901141810655350875619253537441421334913408654078104596871775642176353646894980887893206420311904927662751230319892589433187571688341032553038070288309471484116212494635163769828633062792874310120572187635 1918957910350362754408492663643772151646957516106331285740732530165317894477968256078002812584058891927868197517542045707539023380902656689754108050680846712315902607617660577662015539685474493840365781653336819225283180131429640960762809975740804422511085536551528422148193785359591517783222469366504 -203084816696117924054552789505321467342307515096346321146608727552818717365045522608504558794873815767939557386866946192117085512537691010037339560019 1001
2571620657247041570276220117744004345347371548093280657865000932088842522699846693983676109157670059506227215002127552380449148685661553704636298617927657952944296265957815436501057905214969074050709003716731153996059665904175704214199730547058495099497087154644770120238503159596629852840929360336650239 4121646790918501209587471702779034658640503234906717048025291482314997882472761938108177228529756860588221898133906885675750073097593630305378313324657723540453213089702255207555650185848411312931743368074469027683147704017111758557491851980329102260358471492533382632938332909251410387647527496246075 7739019608921522996729090555378956692500202667776137226400373288708708670336418502927876636625413378975635922599741037939030581797314871452121952247001420802316940018440930431428150312898520528725094769332269223474065693375496965616324934462642648095472578163229115538561838027544301137367805197544612 66718496095224930061028911050906859625266130406414587733882709413660604418712141534741952030119870574557566879066317101625468729576196171318509579277 1001
2571620657247041570276220117744004345347371548093280657865000932088842522699846693983676109157670059506227215002127552380449148685661553704636298617927657952944296265957815436501057905214969074050709003716731153996059665904175704214199730547058495099497087154644770120238503159596629852840929360336650239 6845528812264876595714104902969636516366105342629216619485520176935684760321614215945885609391170027628398878624562117854122819966885487235143733588465532298276756237673553126901688982987674523474061046300803221973795472254870334824780511108070099965860929118960832952384514166687788165185645972195495 3404211884417398191246538065728446137783914766200568060557076325725255572194116731312583701909475398002183081100962687199871259536352060860632090895261458842259411334637727253851148718487532011249544950596409776203148713139715466531390463778022398646276822145186799512402433450125513793835446254046468 -185249144565930910212460967786928755080547002283338265576894761945392898588581734116844539774053888774000796448765999214364690485362168291244733137537 1001
2571620657247041570276220117744004345347371548093280657865000932088842522699846693983676109157670059506227215002127552380449148685661553704636298617927657952944296265957815436501057905214969074050709003716731153996059665904175704214199730547058495099497087154644770120238503159596629852840929360336650239 4603593116932594322916647787002557127522232593421538134495521878967990221700820490562535142552043073412816879626740042808894605680932298847989569798846396272249896673319243407771451590677635743524501622978229628801274493479134956557451644609687511946849337674673675132615149226691493336185296897697327 7268377938450373883040863065958971095069914653702849783581944027693948110166313459370179081014352468948004294581902784880927508862963996871073187492050680911392556210030789855715765812303954256154651401446555253482385655711012004040207253199639357110317673395095942805729868488831665896437604840015900 97872070377377891119587502791993149327715866554138134838516718654934475095187221804452169505428930758781017220479810936927928307320257360842124573255 1001
2571620657247041570276220117744004345347371548093280657865000932088842522699846693983676109157670059506227215002127552380449148685661553704636298617927657952944296265957815436501057905214969074050709003716731153996059665904175704214199730547058495099497087154644770120238503159596629852840929360336650239 6493962393613341567596127655194660541717713160281586574154567966890753972108875943520067871421791624844194430673009197751244064127985474535907553865286498113818108680988799764313502940731816417606736723550013485070373146112997538526510095584891225658972309176126294448261794185119523383124325165313763 3217493596318867502186975342168203865715832275429770532070380368911716143215287290666496874291804803789096734481345383958148555740506797627657962845759456009283376072830993465047710502496800671296829595794817253532648852676444145048481840667198252092222979291981319001126339791357139507643741960196524 -183553675683243739137074890003088984131202970344254557995145129679172231226617841068104836657420981851907974965564921692542805578974658656371886479077 1001
2571620657247041570276220117744004345347371548093280657865000932088842522699846693983676109157670059506227215002127552380449148685661553704636298617927657952944296265957815436501057905214969074050709003716731153996059665904175704214199730547058495099497087154644770120238503159596629852840929360336650239 9022185032761136272612531764872987944452593943221983632667481739470966904097396455064694128364084578006603990876980134837214602684415771359204177875918652008528021650827224417737049867875758091035253051132806470727592732473306590804720200660721675319940245189535592948658509084364077645148292125711951 8963435728960463741102083520559627300370112196108265633876416231204866118405820629660912770342402386516959749546302972492107090320005143415676837387037133966883805227569344153395606395057291408537436649320380315491646474987856827011800479657122852639232384765677943897101692346869444329442218194579860 -110858093532732458476041120990941228823400347688551794586437355502289042496195428838358322733735769240168277734333970439492411071299578036700615809497 1001
2571620657247041570276220117744004345347371548093280657865000932088842522699846693983676109157670059506227215002127552380449148685661553704636298617927657952944296265957815436501057905214969074050709003716731153996059665904175704214199730547058495099497087154644770120238503159596629852840929360336650239 4613017983012685370702793931792038589068436713140370307486461657264726312242426881012508253283648125730195760897364376719092633905205635803793774787840348142316027274645681434358589670008054402786983325653318326020594297628016375811634951244735099893661943911059380061705099614936012670655317889321301 8287821190529803697024891858634047967134303737810598974815549170254057046243821405841920428207337469638289713951357909618785430005761733472486155611533971889623390148917220468985263243795373657705455416802444914809018973900285349756239294512708276791482087839998688105552272398061154532371346323088124 -58795470914798993926092496056302684250887099711137675325650397235491000726360604885573348522682521522497280584061765771975847858253461697862215115875 1001
2571620657247041570276220117744004345347371548093280657865000932088842522699846693983676109157670059506227215002127552380449148685661553704636298617927657952944296265957815436501057905214969074050709003716731153996059665904175704214199730547058495099497087154644770120238503159596629852840929360336650239 3986977303183839016166991255368464992039591456523122220035736486530386557695301495699194225405090100724179726720826359442403189120976650527224336110141644336280219070419703459731333372104098511503950485632297143775910795758582370778460594915841648909071646944410532176806725803576122343628139740054677 7705710984830858843362780170945282332614461770749654497772804711270585551652581146501263980033106714534655061011257075915862808167101078884239887015196213032348694152304236728549020904987311545013255053410369838468086325026199293063820547589305118337388560587591556915080638724865758401690232461016800 62879145426752884359111015587720082447437651641738837632969780437655547913808592998944046737506356554551438668043044786064567009375716870855044783765 1001
2571620657247041570276220117744004345347371548093280657865000932088842522699846693983676109157670059506227215002127552380449148685661553704636298617927657952944296265957815436501057905214969074050709003716731153996059665904175704214199730547058495099497087154644770120238503159596629852840929360336650239 4068785691468777001975049880629140142359580674757428182426794335968821653920445814453048929408264590076997779929404453545535441507944103697405525481541562382565721465400525339950425550565449022052130188380029612201580165251285631080864385602069218683272500645465206261125727150035513707525751196084877 8097711226099083785052612720873688750839525642963049440913128035044924404229770745166825982948039893816926396389306947905561892796216939334515774469809979709296929545388972251616296223670721220690729980502421371014554078900915003973012505482932343879023423663170955671956058938847619437636006771870980 -44387927855256958591868027087688139986074599129321691270197216217753306847864525325028930450309059030831172304409831098213404329373980776156834968555 1001
2571620657247041570276220117744004345347371548093280657865000932088842522699846693983676109157670059506227215002127552380449148685661553704636298617927657952944296265957815436501057905214969074050709003716731153996059665904175704214199730547058495099497087154644770120238503159596629852840929360336650239 9616715406661945557560605906439063019072591924570244033712460398855962663365918911271708937880095287248476823207035313265516070559152126888742196660148681072641350774014143755102411637943588171685652497392127906511040076986819991819025601297307742108269727019028713598928382421552833553256374045816757 5108268248360454918401489574532774027981254600770994235810116759426546498795200446032290446963040248234534787176032347621140632850114841699663086663525482676503051232944330667304111422750491575487294565487072824293752305170024427986523420447120274633623523432330697607866752468858708385241029753102956 -184472215857928130793724309135774794426753267921920559029942769503504647305941082319685554891983304021339839206463530055956760575419241635162809121981 1001
2571620657247041570276220117744004345347371548093280657865000932088842522699846693983676109157670059506227215002127552380449148685661553704636298617927657952944296265957815436501057905214969074050709003716731153996059665904175704214199730547058495099497087154644770120238503159596629852840929360336650239 4134148558535842923711865397011623056887876418704237615675778474206205911848302378169614892705227063146571227912106200672385784413118970185687905826556804992919031217704706695636112374746396884789448247640338797407362006520096209168209937020273063919410747348982468082597924496061951001440152094062497 7874390018537178442901354094961727134193549000670596628184791383621449987523797872861617396406230032342729840328588773003575623872511184949264356077304696507406035414739381324509941970280003740552649009033565207519755358248566709577079992827355705240150730403664374322273619629945137956418751704672016 -60774274237655367976114434462668181492966586551473374593077539012960963714318060890207283683994036458730500401496957165989914474128021425069307185119 1001
2571620657247041570276220117744004345347371548093280657865000932088842522699846693983676109157670059506227215002127552380449148685661553704636298617927657952944296265957815436501057905214969074050709003716731153996059665904175704214199730547058495099497087154644770120238503159596629852840929360336650239 7772914558331641275713548418884999307924023331747011606010496930647077447328019470504537917816978842330239849702200438690099214753911377251915263396798634345186470622347130244222433433409341765894769641843334015326963677073873135177189643605084023595248821347438623791945296100937914563317752370679375 10096800668063993226540463360804086981381490462034449917101319434529994335095441008515459058928691312248934547984403691260459316475854705930352962581863203015584677913619468123513394664254967918117874614818323267941922030081750172175646711837726573124367415758766445251086951451956044928574986658735680 -40467398497200671745910454350821548938083952646486847666008850097800009294941698396876939855075195099858762837155685126792435501348627043174811158095 1001
2571620657247041570276220117744004345347371548093280657865000932088842522699846693983676109157670059506227215002127552380449148685661553704636298617927657952944296265957815436501057905214969074050709003716731153996059665904175704214199730547058495099497087154644770120238503159596629852840929360336650239 2636344380250378269201116023387627556643393348153892805437245922228568155165893896375682944359091477667206270733439432082885466836858829630539233848192007233055706719664555155778838938715191687238440495303007803634119685871126492032940809139808116428099834983375350442394737739903412039898082218891625 6927885750047029331658597051564349377901373904144784582829204757428895637080592772105006189287305227784333741180426370927495964153325176402630125662091729912059554591159911926221030350048341957514958072273114765182755205856273997249709384027447532641651900469377540925723468926441483177659464514977816 24561710859166538657096765374441776489952163567487142207452450491488610739864069512476612265743143037651844241748558283088879798897372005503052014711 1001
2571620657247041570276220117744004345347371548093280657865000932088842522699846693983676109157670059506227215002127552380449148685661553704636298617927657952944296265957815436501057905214969074050709003716731153996059665904175704214199730547058495099497087154644770120238503159596629852840929360336650239 2245672333778152723947698531484623424192633473191998572834460996333366935191824263831368594662797450266514270360360817120425383782473568139305142934439126546694712260436148634139105685383851048733450631084174459273866726155316677549791863966949227197018938117891486085901835510713241773848174940759061 2287306680366481706131386449937199276870577401098986496148300436827443089869989151972608033815217276371413549354179622512454762833848430569752089985267565943301449955571566309828080041056861972667233453681479786039449780382783954641221047489336737435996363856245609680627037347162321287944748921014776 -121319713018589877244776024204264154648132975530677932964420926451299451162892745660699209975393107958773268008046177704666924205329471150745489502645 1001
2571620657247041570276220117744004345347371548093280657865000932088842522699846693983676109157670059506227215002127552380449148685661553704636298617927657952944296265957815436501057905214969074050709003716731153996059665904175704214199730547058495099497087154644770120238503159596629852840929360336650239 10338251592562067402537233958087183277050454354183553807759376532613056049950274395665167087653605238106646585366780282914523721093690476003290120686243033729570804413340512341313874610235652309076336786117932980479626540742428360798286572445015956060410078063911241969488581128322895733231784016598165 3970674505426351754325092645904405636480453644063728126541422240781276856419658222199665087098811259254996737198117259514900119407751033003328796597508658401201141673892956942889854760755055763978759585923698057800991040211837296443819000280442862565472466069092849311414925763179566791452671444041564 196112489181355305111762875528681574610061358362825375447535505458862627915975457823278373629210216108371863810663407935153704375839886819447050416291 1001
2571620657247041570276220117744004345347371548093280657865000932088842522699846693983676109157670059506227215002127552380449148685661553704636298617927657952944296265957815436501057905214969074050709003716731153996059665904175704214199730547058495099497087154644770120238503159596629852840929360336650239 5578255056504893534139426082402535688521207228643423514593691410441058969203447482549192469107439624930920204662024482332341395754198395111854907487563807391714461144481752962865671615515100741043881238493952071813867412523475976543788246117517809484909450922388553349812273091295525379607818851555815 3487848867887507391043958671632230655206141993443547010362350163340187117371085401657387201507602973181650908743431647099725998959183673510948390500571155738285970882517883781409797403682627998159333696386221414905457088036293558703366463741823241749374570592722278284683615533512278041339353065531088 -172205748155581620387146832858395303606356524910591429432656450410098364049892974605531252774673081513460174344051754225632122653465017364019087650457 1001
2571620657247041570276220117744004345347371548093280657865000932088842522699846693983676109157670059506227215002127552380449148685661553704636298617927657952944296265957815436501057905214969074050709003716731153996059665904175704214199730547058495099497087154644770120238503159596629852840929360336650239 4784012612811707129828738972434028847511822776908337594315667623418860374104904197798583326893801785022022278307678918208818955676726507478424848631416116029510098385810224751081824991638605468630684970769551099410617488180410389812641755986594000485296867692005929674070240480952719185600180967197601 709907329202055102340118134179703253800806369763846450818601689365566786141619402289968258261129519683452628658200633199134652555821824579773657022764018583497234466415905877219194059095197722778286415906216166218862162468155071612226034535769808548981978802241240839021870910086911769835005672939376 175416790398410273882277154013753053798681749856082389094906841410984864869082778772405819494571743515521009390909160710825329315180298227440872686625 1001
2571620657247041570276220117744004345347371548093280657865000932088842522699846693983676109157670059506227215002127552380449148685661553704636298617927657952944296265957815436501057905214969074050709003716731153996059665904175704214199730547058495099497087154644770120238503159596629852840929360336650239 7876812764174550835412203898220592981346751794169859975943030367781857913122290986299895335428447938756844729516796799584495327207517753263400127348566421257405807911814051800504711819671275753176331786151920700136238830238584832423110678961753468572699523426921843723249554710015463003992984500299761 7837851182286479524568037165414482131244313137394556573644964470831291738231073274274321794418526850771152131741392588488773171310692406134360928863320223430637017183705593952336459632623338474166009798889237190595943542902938832981886800495379527240899145236958547512585828682106061995739437565898720 132759984379389848870682448739548861651220658762210350270859941631916918115854121321659205648288315445773191311871936607469092101516636432365867365903 1001
2571620657247041570276220117744004345347371548093280657865000932088842522699846693983676109157670059506227215002127552380449148685661553704636298617927657952944296265957815436501057905214969074050709003716731153996059665904175704214199730547058495099497087154644770120238503159596629852840929360336650239 8177798947967734879967507202454467761401176601031754826751085998658008481656134735654640621448860386368536358958268389572798577088513963197872578561937699665412185899097723229755678416238816109185791049073497995692216768866050297229228092987015264847334303740486500020055024097101880439295102693908325 10048303967404764283825926397902738792016341790156393776371954476281643436689116739557191908759507687893228219393483149255561532714622077536780072250248411212544151510963096257659077131887077145088361083283349164176499138215190411607899337873885725900402636171438123023421986786732265188686699348354400 53667672844680930887313482664400485067404573670887157267012108357848619144251262316771557822387260028841711041741075842219983233831289321610601310565 1001
2571620657247041570276220117744004345347371548093280657865000932088842522699846693983676109157670059506227215002127552380449148685661553704636298617927657952944296265957815436501057905214969074050709003716731153996059665904175704214199730547058495099497087154644770120238503159596629852840929360336650239 6287201473731957138062330655095494872859091463410629222709689956291758089513729971367119573224469514668243262763337641882792333610000448706833985930129931624800107802814189805623223968153604701910349215446028576715881929430411609628429762457338965579204178443422703123763821293454281575175498007177679 9547603954706192093292752967342106215816279020346419046386408922016238161299403543082965088423327052209746048379979173060772029130843380301035827301222996114245760143670016186999671712339817979688919768059962081634781971821079213947621706697066783877692027963290875845049539504404603880033876045107436 -39685601912688380539866726757817875647393916253983579756507145865760966422913907199491364373990436237486844691456625782217155811043855911632848480167 1001
2571620657247041570276220117744004345347371548093280657865000932088842522699846693983676109157670059506227215002127552380449148685661553704636298617927657952944296265957815436501057905214969074050709003716731153996059665904175704214199730547058495099497087154644770120238503159596629852840929360336650239 1914989971199583370782265867392143872534512877997434536568882285448315354381249641107952699470249401984104651391586415567345758903880036654640589820727455042970100241427521117178775650020446704178860490460883068639929270978573266115290211140991839905687301532764093142458754974618858924351065376438675 1006522489792468661184703629037412464111334913501010381719567333423537410670637748761003687272071139043349845007156202371994731715397495089319167488938763177636409204352402596146128655311850457777063917809185519442278917053419164698481582292386761080731648985291540340289743853971149749135272674487504 -118904495763062371055619758575848896446887595542056270156138145612895071126607474690053162352029691050708931183741571181576641744580289069219963976941 1001
2571620657247041570276220117744004345347371548093280657865000932088842522699846693983676109157670059506227215002127552380449148685661553704636298617927657952944296265957815436501057905214969074050709003716731153996059665904175704214199730547058495099497087154644770120238503159596629852840929360336650239 7033842369023833345847478746695057610575378895660429917003045065215014901363057747259341728438447305645964964974646541369198704754702001666411323328976405298976807434575580629349531563991161407482731044032655063391645387359857912707246814451110277982159453151778908728918245218946557444619310599931193 9281222494368924945997661051145607794148270046240707437240256278622618149694282485054082722670287844397570244877093491280107568994611187651326197304426025277895536590109719118593180397699904811146120698157160353448013523600375440390642183801645331981752382287735789726649658211045099944773455332244924 76679367600564095705906451551316121566816015025924566594845610220648138434683765614092846846131633178256764261000251082155952794686297437403752701343 1001
2571620657247041570276220117744004345347371548093280657865000932088842522699846693983676109157670059506227215002127552380449148685661553704636298617927657952944296265957815436501057905214969074050709003716731153996059665904175704214199730547058495099497087154644770120238503159596629852840929360336650239 3205878763346675909703655228289184868099883710886264531747989805280535567856556304471542010089823653755588790784157822880424892797986526344522315632101590303406472883208839801090949783777039091408756467270003810995542971821564491440639142502167567697681591934003148335958725704090037564455645394414155 7179070439920259643046332797804721052288413331295555829782751094275974215523610819441517110341320655872734714252461265616991221665885549558133592246204480311955328259257194472722736141212817576570456569049839254184307296938116958095018065998884266042467511667449097426329392068487618660422568947854032 51745723858224223045832078874846108062111540631998226557729681260039720550762574146309888196686279105138313591119610918111801337972746819714985109557 1001
2571620657247041570276220117744004345347371548093280657865000932088842522699846693983676109157670059506227215002127552380449148685661553704636298617927657952944296265957815436501057905214969074050709003716731153996059665904175704214199730547058495099497087154644770120238503159596629852840929360336650239 6147044144433330830667618314016206730387068645999578571698658018022713897561275605171044694515686106889134383306441507393726415117000337943299394427661220053429111994257691870485949585977113266848374404623974842467473375157086820378358288075791941668983860153275954381173619805791928336758416072557123 9434705404381817473125287613751202339470295877500097394394256800507223219840100735578297882145579235320454452056046340553577349178980763536917384274405067413952560764831327392988927088167249013266822379489145875520391619728451213706900584430813768469361626287318340014292502296603263404254860584100984 -43795101137492945048981475908416852782180801202010436339546744605531213896994865049430153366237347762433663926474795037941366384870630018024616295843 1001
2571620657247041570276220117744004345347371548093280657865000932088842522699846693983676109157670059506227215002127552380449148685661553704636298617927657952944296265957815436501057905214969074050709003716731153996059665904175704214199730547058495099497087154644770120238503159596629852840929360336650239 3045250537924014049764498257326395108216140812205331041603953253360892992427416127477631294839454425886168937662563945849788910009935293802818214940634495406131385291446019582707121848752884519651071219978343146494096794796030505293540182847597885527988130764949020968236042520048119031436761200783985 2716647528626752685801710002993933927486646620549987890926502861541477113565230009480228249646706085176523120079428271795407116558567413332695399511489467858131130588968660991376743987240177401142104245387747360110022526072876313637015592019309361189542319052715814202429292079544525027251900344005464 137481355471455497924588555365470051056528581462020729422908660676686499768940540256250384020688193692890287591420915370485472759433952874958006602129 1001
2571620657247041570276220117744004345347371548093280657865000932088842522699846693983676109157670059506227215002127552380449148685661553704636298617927657952944296265957815436501057905214969074050709003716731153996059665904175704214199730547058495099497087154644770120238503159596629852840929360336650239 6050804641048025109102858282102479068234891113887375574104756736041558536245765723831822540515215346290775476533399321513093000619600344569891307386976708521864918339247090913660875683246384342112798226072506975792420958225075392912703081137057186160403598199954995154533001526099716980663019236926875 7093962983840766058078177217601370275074146664517375856157732321416787889585210109079984102761785903077767171841379052391224398883057093833078794799934635618865253713907268380585815641071915209729225498060000783226317363539322423283191183788469345066607797775237813201603657247063759491002413669280484 -128907873771552502368020560223631765602486239037701629880719748330263739427815376474529268829728971574547154208671527002887235578506861414634378531411 1001
2571620657247041570276220117744004345347371548093280657865000932088842522699846693983676109157670059506227215002127552380449148685661553704636298617927657952944296265957815436501057905214969074050709003716731153996059665904175704214199730547058495099497087154644770120238503159596629852840929360336650239 7741349715824191050104457675213802463972767418230836371489576441171442686119285047885607512803782084961442598855467877223272804061495544824912089157159646809457016104341859666039746873483777533082614654456333175287382404923781762055995116893993229491251364160024909738976448948630437008677185044437071 5723191583801846165213335276672043783726009903444061695479593171175650382653981951350106141062465255206116268844775520933327741614083155411526676949686959546318179584620329929609547158560821421498530383475054476955196079188504514237603026042325819341843336148752083112906838359052479330388529899123124 168731706275193699122819550205808121453129317433434497425024838942068761336545470349712524823315911254409706892838235119723765623501142119306560989095 1001
2571620657247041570276220117744004345347371548093280657865000932088842522699846693983676109157670059506227215002127552380449148685661553704636298617927657952944296265957815436501057905214969074050709003716731153996059665904175704214199730547058495099497087154644770120238503159596629852840929360336650239 8214519618999238352792076985651946741966795762881299728129682429545363843463818991959026881989503100934964256253053984040587107220431338573805657927814969903589937076537619219165792449594501540582159468237611125210652432576026656252213998294100206297296254613371468953349220376456025436428004235414631 1037988822411160893252945066946143257228988781372174218984821067203738963384851072336421247283062064764308085255335466964938981604442501729022119761433304149750309645450963497412573430818225801047517478528760035541333182837932895159917840542402697148782913330987242983651484375159712109892907605189024 -204440090984364365433983920867774490312604764710700820163198541285188254796677220434020297489234599086167496904352742881777730434156789656914055730585 1001
2571620657247041570276220117744004345347371548093280657865000932088842522699846693983676109157670059506227215002127552380449148685661553704636298617927657952944296265957815436501057905214969074050709003716731153996059665904175704214199730547058495099497087154644770120238503159596629852840929360336650239 7409089838381697479529738896094589435988599133402453561674657328795218499618404288467721062364490329984767681498619487556868943109980012535517430608171782252084857669170131752564203293381151301729723749593137274963869573628237780383217735571978466082238651087908185689102147038600353666555917885937537 9320345704438736930226442607833237522984855743802995942655201769332541403276637083820094918215758420615434692227789567995504613048804663568352875487319150299370693378637245504479952351716748465736101438425575497683512937982670551859249154896899640453368784816461520469823519813124169048294558631822224 81340643246495274969965490070295780686341823668285505300824023211804697506055773608776400062431683025068597245364846108260293369371146612153746911231 1001
2571620657247041570276220117744004345347371548093280657865000932088842522699846693983676109157670059506227215002127552380449148685661553704636298617927657952944296265957815436501057905214969074050709003716731153996059665904175704214199730547058495099497087154644770120238503159596629852840929360336650239 8706934924918832558180860608797768741075654573640232565466730117291358737089790896505126878960529863216714357109259802112011110567281011452098952684536851278435201844693781161560893130405598335801058665239193104108856260075912516140326754953469081842828935894601134386897361227229017482799003752169075 8413849411116206791127493172087163007924966533053548010139446437638816067164118477223259777480769307291190045824815615533631033744938897008697183514411568502418199741743449497874197406849405022931035307173348102300418083784996786686959978617877774793681627470577794212543921322779919069106085622036120 124697823238194764106896472697795293842140140522225660414306374375559259624646523189568545776091553057553213667256817229371481566294578805557611086125 1001
2571620657247041570276220117744004345347371548093280657865000932088842522699846693983676109157670059506227215002127552380449148685661553704636298617927657952944296265957815436501057905214969074050709003716731153996059665904175704214199730547058495099497087154644770120238503159596629852840929360336650239 9837501988442900388766383627035252661583913640543744289446309485410633690249358733267086466517560100668570635894027834733616000254240605318201132785099072887793685420736491248704772616936166409320708543175738055659595447966719069898259143471258843282488027258718824433998862325321752216448901580499867 10438908214137653892992851280584474805418927385879463063921082309493759458381144564165632709391735220760958625664100224977247234239279483350137482682061767175729319709667889048768065787714961602689451885805228557402348611720544407829587828898998465053439873281414520211232997052271501588477255821128756 -44411037789149320284696951521256035613233088671715730251221599020125219334139182110624811656895151692866722532149424356371001908919132796836415065709 1001
2571620657247041570276220117744004345347371548093280657865000932088842522699846693983676109157670059506227215002127552380449148685661553704636298617927657952944296265957815436501057905214969074050709003716731153996059665904175704214199730547058495099497087154644770120238503159596629852840929360336650239 7434001167073735452287447685896921230741547131078154959022743830185247734362698048663380231959474112042632166680532622997227389514400568265306483214868500101426062653272419416123428585581625471228309517993001278091841908687284677953956238071220532829231651706610610620659930182838048250826844823069489 3753153052482655003123239678605341796227182268106966476815159807649654280762096581238342132206544248083202662310339921290539517940095441157901734042648123399253070043979400003588025508657881288789992585170061284455735447786584650400215896227653515595146473247705348563461342494004028726936000981735976 -187035753779400896150174858581489670026932801665028093443152208204501354938547194124556517412717792925084429422555536858415324968350229579119353045423 1001
2571620657247041570276220117744004345347371548093280657865000932088842522699846693983676109157670059506227215002127552380449148685661553704636298617927657952944296265957815436501057905214969074050709003716731153996059665904175704214199730547058495099497087154644770120238503159596629852840929360336650239 9005315502215395501971607460489263783838924787382056470943322597562150854508691912607613507260611911065284097448151608292092486309034754182201496412306803068835788103681840433108564366430986844871051662787523938456158909855609639579335430997643604653807312423027494735690459619303310623987041165468221 2050606761449390517076671261622187868520243324603511603727425938509203227274507860725261811900270259012506088837651696476043207380718108824988469105386435001436678399279533626139900120128611835749836962765162612037992384028858242141192831068854844702137315683541136885193365660675275448445237683588976 -204632062501709599586398799383457665535634181429998267228387837602926125818829426536862041312440177623195576891669932270322231620572470978013449983165 1001
2571620657247041570276220117744004345347371548093280657865000932088842522699846693983676109157670059506227215002127552380449148685661553704636298617927657952944296265957815436501057905214969074050709003716731153996059665904175704214199730547058495099497087154644770120238503159596629852840929360336650239 7044252110608185358002503832466962589472118342143813322900320840952465948877421927318650550807369669218533196995706936459590910801142256752919785467137433785293545292216557370599807487123569528034707669411209326699530302896743809607457908575929032635561439506193148027795286842588176375181859308793631 9582847354918927913943786906130552026664179877637722710839241279086035132494728895706780621135411276529483934069520855890119540256808586061174641262279968254119824003960624705128186670936409407520061093234852084797205909230600580530402383533453143924927980200075345655086833634190371960864680300424976 -60802329092306372842704462496891907283729635238658930546384454165505383756483153718323797028186315098615058708273407849243574393214628540041824472735 1001
2571620657247041570276220117744004345347371548093280657865000932088842522699846693983676109157670059506227215002127552380449148685661553704636298617927657952944296265957815436501057905214969074050709003716731153996059665904175704214199730547058495099497087154644770120238503159596629852840929360336650239 3733679955998510414168522368895477699697798796498152049199404021709329445271949399046341373330492189187146719222732634601296333242554050763566920310262193336663428244704760264637331829314408607949634619063175273735872016908541015491426965108149793635074551294457043731278777543318125284509934859077761 7397670741444354653980541239028643121048246556883327360241292448922237425501371175124369476227429789299959753115972059578446645760483489846951321724792599398690561489485074648947397204216583014909227481448820487295861637362114529645000061989528696844513584987659345622873940901332370300372955938544376 -66427323380546636762346099761324878812815845661900011044114723838343360746387533013376454414805492763799680237269070474881118551331243139837936984415 1001
2571620657247041570276220117744004345347371548093280657865000932088842522699846693983676109157670059506227215002127552380449148685661553704636298617927657952944296265957815436501057905214969074050709003716731153996059665904175704214199730547058495099497087154644770120238503159596629852840929360336650239 7397984149899557652513019108803195057592789757438058623164627304151813340444525033115938935872699974210983302761249268972718101343341386696888913130060354351096329631167160885028006301972228687597377513095386127430598435376474431235955746144085058641271574366717382011189118688575661579134616177061927 5637855550067984285527838281533158925694340006657622628885015119017330332940924840383892410109970528351682151934176981599841146007394910352628826677203661620273873381147558116937395601282539145445585402038577727744079023118456117857938778677490762297380128574035102703940243258007420817501948574013192 167354209409997618118238801874410299208464290266850439834736012509294414034464342618195944174420155500878932062126986026036143813416213348197867692793 1001
2571620657247041570276220117744004345347371548093280657865000932088842522699846693983676109157670059506227215002127552380449148685661553704636298617927657952944296265957815436501057905214969074050709003716731153996059665904175704214199730547058495099497087154644770120238503159596629852840929360336650239 5052274031947230402698345756537976802672826102446578320100389942164649795420603832643090515078362348267889978787965274159394755054525707503329905890865565046356038527865959574801757200865232491631883577308101410931043570302345950741479175165321844709749362420385886966469123551255906164398144448359451 4038743760309678820990439215926104388587898775844505850669212368102480550191144511671798891820770701942823769800838859516291358171563233287215951845650969139196854200309521357008559190525210489500639848972870731464835801242222920264617238816028363399749036002390036890103849825338194860163454679948580 -160728292349781242574618171259409734114521908990691429864235722008708869287635211885369328633705126042402737389720059271552244830300524491913744177197 1001
2571620657247041570276220117744004345347371548093280657865000932088842522699846693983676109157670059506227215002127552380449148685661553704636298617927657952944296265957815436501057905214969074050709003716731153996059665904175704214199730547058495099497087154644770120238503159596629852840929360336650239 6204144435714668286556088414053747439440239115409215568653063280314361410510888480791045936371230687411880674754100895083680967601294932642452862308087113167327482556033593628319202991165046552358469613868401555827748247959556434401194269742607326320290569504053762214668623568379571620696621649387771 9660495039073000330088300480824480129107279090562326363433770179106087068257488440194189996623576670502028656371927548633426624361892990357394414495104373727333720977641910785159658924055468381933191897727571402313842654170500765507115008985157918008651041815361405174398406609989481493355194177789176 -21048329410858409892212444448037847405718380155591493856908666216508412663190809153136108150007505976772891156955297299573437222284329502269230261925 1001
2571620657247041570276220117744004345347371548093280657865000932088842522699846693983676109157670059506227215002127552380449148685661553704636298617927657952944296265957815436501057905214969074050709003716731153996059665904175704214199730547058495099497087154644770120238503159596629852840929360336650239 5771618335679695666910410907507506399973889913740631090304504433432201911691394786363680463048183756010951211561307240440305358570953701138194410456937091503970496717016460955171313526855757835479693284350821713061356623033984646446913710659420425415624506968041441082950832360219927992280252610014337 4197102517962905149790578942691979933039326274327530257265672077460899286615160623543963910088023504477286656232133233541144870391947935320907630045522754677790715924956517549308226378062011003833929655266163896213845913703931788684631873975232352152647741317484809254436325218179302754469853942949224 -168205998691061832429346372764149726814759582257122585703103335832375001189888932984577397427801219059799491457425263118185063935044177983557396392031 1001
2571620657247041570276220117744004345347371548093280657865000932088842522699846693983676109157670059506227215002127552380449148685661553704636298617927657952944296265957815436501057905214969074050709003716731153996059665904175704214199730547058495099497087154644770120238503159596629852840929360336650239 2850790819736544107744778734973444101714514843351338942890502464830631441521884666730493337872757629462184884128400531738301704637213425749605759218204651045787801947486130413716690206619584967395028141667426232894327896676057477819350798413428219712253603838897210363883786202634238108732702225967611 6404506827780186670833730107406789952264481100056177648706632450324840216578061184354677043342388907553746582444017317216438468047892677825581151475317755503949625491895963663442560914319349680907229581360941458838232489005863426929373566780325794959794258037656327003078675855241249263866964489502724 -68162920350231528712735346539117004362122893634105469921641047828374459458595224120626643974908679256865729903493692013201355795895477746924738523955 1001
2571620657247041570276220117744004345347371548093280657865000932088842522699846693983676109157670059506227215002127552380449148685661553704636298617927657952944296265957815436501057905214969074050709003716731153996059665904175704214199730547058495099497087154644770120238503159596629852840929360336650239 2476908779775412040930103319662762139972657743152621039587909772568740943904182967879148501534790827984953812329128872120407362427959947541546817995452937418756598260682955949703115390291004161944768588426706238214400823203332078640158635222972691502558771969424502425321965897376483716065681967003475 6123392811739092427050294748753611971856377348934066096884618750954463302030543811515086502660264149515377448527670292901493087983724681241167750476856700851219270059099779799388415662144764297695271515498939996626511296327694202197197026956611287417341965618936759643619941091475877717115293740107104 -60618118634359439457160582216954850213730563940177348036285972584868056519651539963961930117476001850558038086456197157593838902618857462635524734291 1001
2571620657247041570276220117744004345347371548093280657865000932088842522699846693983676109157670059506227215002127552380449148685661553704636298617927657952944296265957815436501057905214969074050709003716731153996059665904175704214199730547058495099497087154644770120238503159596629852840929360336650239 5925767250725388029142160649673362209667435932817954171109405747331259443945680490666603158616942904606868458629393307170775332845633125390747332048494801603865017897776415328729083907326983319281712042544555900188355685789811028336826058558680622293848723263468073093776928232425184412398319449324075 4915314841540491551784873801983329583174273758063196512978020852888099949396499335122935547894662147743948148584466148280289664485122280667231667280010709512484939739219491624657438203738630188717170196326476345260596743068733160267574868911781422744893976370301956074187515622854016210309052699436972 -162270490525835467057468551650500203511757113890281384341919299756296997439634040308523703084900672075155676431233044395167678034696447434246031863587 1001
2571620657247041570276220117744004345347371548093280657865000932088842522699846693983676109157670059506227215002127552380449148685661553704636298617927657952944296265957815436501057905214969074050709003716731153996059665904175704214199730547058495099497087154644770120238503159596629852840929360336650239 8485564920867978227619843481024462783936511762473037310381521791805087173453060115497255508684474742160951761994082846109501182892356049604075854948209209620543324135274703890895118878487242003705693067030423628372504355790360580415498031987486452690814010868243603846615185452234137889718631298855077 4790656680840672797145089405327323143742203990792858830277506259737726115757698974500269517789476230159144111110737531644985290410061647720999167778677541647237538447881112178925922501841631100383461002561922475888416160607919771385510987048659464551346418855343401235665374025044646133484729716198024 -183817234457466170363935879909279525153663242682563131759161689036640153918710564407214972516528274959123197326502848559416079409206101506345651966021 1001
2571620657247041570276220117744004345347371548093280657865000932088842522699846693983676109157670059506227215002127552380449148685661553704636298617927657952944296265957815436501057905214969074050709003716731153996059665904175704214199730547058495099497087154644770120238503159596629852840929360336650239 2073217646378251087609138165528854068886038764847216226076867926240008313110383944342608693422170688182476102926344528576673766008382044770965865629152700890101439952839441922144392009468138917215384833995649281143726939637713740356801437701006533831643254166864117307779407465197028370851180544925241 1747503999201493438417891714700366571925965675264439483348591813490550198873847670117962272775950507088860612597670130276273408327327308763858677939516161325933301122496823343807667545318032942837247242643369566027705548601455388419568225583681076831665031627226282175375958454390359642042638786975576 120074624846840352236116960258636197501778612195422129562805408834092767672384862279797894869191256837237306720133206524109655790662775203472302244775 1001
